"{""_id"":{""$oid"":""5e6bf547b0d40b1f9dc855f9""}",Tweet_id:1235955987586125827,"created_at:""Fri Mar 06 15:50:45 +0000 2020""","rawtext:""Ethereum Whales Accumulate in Anticipation of ETH 2.0\nhttps://t.co/MdeoG9kdut\n\n#Anticipation #Ethereum""","text:""Ethereum Whales Accumulate in Anticipation of ETH 2.0 ""}",,,,,,,,,,
"{""_id"":{""$oid"":""5e6bf547b0d40b1f9dc855fa""}",Tweet_id:1235956620821135360,"created_at:""Fri Mar 06 15:53:16 +0000 2020""","rawtext:""We're grateful for your post!  RT @StephhStunna: #feelingsoblessed #feelingsogood #thankful #grateful #blessedbeyondmeasure #happy #excited #ready #readyforanything_ https://t.co/S0d1SaEPfj""","text:""we are grateful for your post! RT : ""}",,,,,,,,,,
"{""_id"":{""$oid"":""5e6bf547b0d40b1f9dc855f8""}",Tweet_id:1235954423383445510,"created_at:""Fri Mar 06 15:44:32 +0000 2020""","rawtext:""So excited for @msleasalonga tonight at the dubaiopera #uae  #leasalonga #dubai #dubaiopera #musicaltheatre #mulan #soexcited @ Dubai Opera https://t.co/hkOWOu7wOd""","text:""So excited for tonight at the dubaiopera uae leasalonga dubai dubaiopera musicaltheatre mulan soexcited @ Dubai Opera""}",,,,,,,,,,
"{""_id"":{""$oid"":""5e6bf547b0d40b1f9dc855f7""}",Tweet_id:1235954563150221315,"created_at:""Fri Mar 06 15:45:05 +0000 2020""","rawtext:""Happy Friday! #crystalcoast #coffee #roasters #fridayvibes #excited #rebel #blazeyourowntrail #countdownbegins #breathe #freshfriday #coffeelab #roastery #makegreatcoffeeanytime #withpassion https://t.co/aNQcpb2Ctx""","text:""Happy Friday! ""}",,,,,,,,,,
"{""_id"":{""$oid"":""5e6bf547b0d40b1f9dc855fb""}",Tweet_id:1235956647769575424,"created_at:""Fri Mar 06 15:53:22 +0000 2020""","rawtext:""__\n\nDice \n\nportrait of\n\nSitting Bull\n\n__\n\n#Art #Interesting #Artist #ThursdayThoughts \nvia @imjakeroman on tiktok \n\nhttps://t.co/QjooEfegoz""","text:""Dice portrait of Sitting Bull Art Interesting Artist ThursdayThoughts via on tiktok""}",,,,,,,,,,
"{""_id"":{""$oid"":""5e6bf547b0d40b1f9dc855fc""}",Tweet_id:1235957398575157249,"created_at:""Fri Mar 06 15:56:21 +0000 2020""","rawtext:""@DC_ORSIE CCBI Congratulations on the launch of your Red Ale in the US!!!""","text:""CCBI Congratulations on the launch of your Red Ale in the US!!""}",,,,,,,,,,
"{""_id"":{""$oid"":""5e6bf547b0d40b1f9dc855fd""}",Tweet_id:1235957147109912577,"created_at:""Fri Mar 06 15:55:21 +0000 2020""","rawtext:""360 copies of our first ever #boardgame Burglar has arrived in the office this afternoon and we are soooo #Excited #TGIF https://t.co/FsmQbX5EeM""","text:""360 copies of our first ever boardgame Burglar has arrived in the office this afternoon and we are so ""}",,,,,,,,,,
"{""_id"":{""$oid"":""5e6bf547b0d40b1f9dc855fe""}",Tweet_id:1235954428806606851,"created_at:""Fri Mar 06 15:44:33 +0000 2020""","rawtext:""#Enjoy Every Day! #Jump into your Day with #Joy and #Excitement just like #Dogs __________ __ via @77happyday @CONTEMPRA_INN__""","text:""Enjoy Every Day! Jump into your Day with Joy and Excitement just like Dogs via""}",,,,,,,,,,
"{""_id"":{""$oid"":""5e6bf547b0d40b1f9dc855ff""}",Tweet_id:1235957024854245379,"created_at:""Fri Mar 06 15:54:52 +0000 2020""","rawtext:""Thank you so much ______"," I am #happy #honored and #excited to be part of this project and to be part of such team of wonderful #models. #unitednationsofadult""","text:""Thank you so much "," I am happy honored and excited to be part of this project and to be part of such team of wonderful ""}",,,,,,,,
"{""_id"":{""$oid"":""5e6bf547b0d40b1f9dc85603""}",Tweet_id:1235958498170568704,"created_at:""Fri Mar 06 16:00:43 +0000 2020""","rawtext:""#FridayFeeling__\n\nIt__ time for the weekend!\n\nLet us know why you__e excited for the weekend down below__\n\n#friday #weekend #excited #iowacity #digitalmarketing https://t.co/EAEM1Ma3J3""","text:""FridayFeeling it is time for the weekend! Let us know why you are excited for the weekend down below ""}",,,,,,,,,,
"{""_id"":{""$oid"":""5e6bf547b0d40b1f9dc85605""}",Tweet_id:1235959279682818048,"created_at:""Fri Mar 06 16:03:49 +0000 2020""","rawtext:""Our green party is coming up! March 17th from 2-5 in the office stop by an grab some green goodies!!! #hooray #party #excited #sanantonio #savethedate https://t.co/9xXiws8w22""","text:""Our green party is coming up! March 17th from 2-5 in the office stop by an grab some green goodies!! ""}",,,,,,,,,,
"{""_id"":{""$oid"":""5e6bf547b0d40b1f9dc85604""}",Tweet_id:1235958546375872515,"created_at:""Fri Mar 06 16:00:55 +0000 2020""","rawtext:""Amazing algorithms in computing #turtlelogo __ Finding the shape from the algorithm and debugging any problems we may have with programming. #greatteamwork #excitement #smashedit! https://t.co/2GZPKZFv6A""","text:""Amazing algorithms in computing turtlelogo Finding the shape from the algorithm and debugging any problems we may have with programming. ""}",,,,,,,,,,
"{""_id"":{""$oid"":""5e6bf547b0d40b1f9dc85606""}",Tweet_id:1235959228575203329,"created_at:""Fri Mar 06 16:03:37 +0000 2020""","rawtext:""Red-winged Blackbird. Waiting for the lady birds to arrive. \n#anticipation #anydaynow #redwingedblackbird #fpdcc #bartelgrassland #naturalillinois #onlyinillinois #discoveryourplace #enjoyillinois #outdoorillinois #ilnature #optoutside #outsideisbetter #trailtracing https://t.co/M7voAiocws""","text:""Red-winged Blackbird. Waiting for the lady birds to arrive. ""}",,,,,,,,,,
"{""_id"":{""$oid"":""5e6bf547b0d40b1f9dc85608""}",Tweet_id:1235960175200219136,"created_at:""Fri Mar 06 16:07:23 +0000 2020""","rawtext:""#Tesla truck spotted on the highway with no driver behind the wheel \n\n#SelfDriving #AutonomousCars #AutonomousVehicles #Tech #Video #interesting https://t.co/0rSFYVENgi""","text:""Tesla truck spotted on the highway with no driver behind the wheel ""}",,,,,,,,,,
"{""_id"":{""$oid"":""5e6bf547b0d40b1f9dc8560a""}",Tweet_id:1235961083619414016,"created_at:""Fri Mar 06 16:11:00 +0000 2020""","rawtext:""Very #interesting"," thanks!""","text:""Very interesting"," thanks!""}",,,,,,,,
"{""_id"":{""$oid"":""5e6bf547b0d40b1f9dc8560b""}",Tweet_id:1235961165890678785,"created_at:""Fri Mar 06 16:11:19 +0000 2020""","rawtext:""Happy Friday! _コ____ so excited today is my Friday! This weekend is going to be jam packed with stuff but I am so excited for what it__ going to bring! __ #otaku #happyfriday #birthdayweekend #cannotwait #soexcited_ https://t.co/T3gRdc8kIM""","text:""Happy Friday! so excited today is my Friday! This weekend is going to be jam packed with stuff but I am so excited for what it is going to bring! ""}",,,,,,,,,,
"{""_id"":{""$oid"":""5e6bf547b0d40b1f9dc8560e""}",Tweet_id:1235970004002066433,"created_at:""Fri Mar 06 16:46:26 +0000 2020""","rawtext:""#Person He Has #Selected For #inspiration Is Even More #Interesting. No idea what is the connection""","text:""Person He Has Selected For inspiration Is Even More Interesting. No idea what is the connection""}",,,,,,,,,,
"{""_id"":{""$oid"":""5e6bf547b0d40b1f9dc8560c""}",Tweet_id:1235970446022987777,"created_at:""Fri Mar 06 16:48:12 +0000 2020""","rawtext:""Artist Interview"," 2010?  #interesting #pinotnoir #stilllife #paris #collage #flowerstagram #artistinterview https://t.co/FBn53aYkWP""","text:""Artist Interview"," 2010? ""}",,,,,,,,
"{""_id"":{""$oid"":""5e6bf547b0d40b1f9dc85614""}",Tweet_id:1235973109531975680,"created_at:""Fri Mar 06 16:58:47 +0000 2020""","rawtext:""#FactFriday Have you seen Leavenworth"," WA? In the 60s it was redesigned to look like a Bavarian mountain town. I__ say it__ pretty convincing __\n\n#fact #interesting #DidYouKnow #DYK #WA #Washington #Leavenworth #wanderlust https://t.co/LRrwso45qe""","text:""FactFriday Have you seen Leavenworth"," WA? In the 60s it was redesigned to look like a Bavarian mountain town. I would say it is pretty convincing ""}",,,,,,,,
"{""_id"":{""$oid"":""5e6bf547b0d40b1f9dc85615""}",Tweet_id:1235973306639167494,"created_at:""Fri Mar 06 16:59:34 +0000 2020""","rawtext:""@FiGuide @Sporting_Panda @UncleRichard16 @matthewfitrader Great show again lads. __ Wow the guys were experiencing Jung's synchronicity regarding Coronavirus. Do  you agree @Freunds_Mullet? I think every listener were lifted a bit when it happened. Certainly the lads __ listen back your reactions ______ #excitement ____""","text:""Great show again lads. Wow the guys were experiencing Jung's synchronicity regarding Coronavirus. Do you agree ? I think every listener were lifted a bit when it happened. Certainly the lads listen back your reactions ""}",,,,,,,,,,
"{""_id"":{""$oid"":""5e6bf547b0d40b1f9dc85619""}",Tweet_id:1235973911315132418,"created_at:""Fri Mar 06 17:01:58 +0000 2020""","rawtext:""long hair #girl \n#ErectNipples #wetnipples #TheNoBraClub #sexy \n#beauty #nipples  #excited #nobraclub #braless #whatbra #naostro #nobragang #bestnipples  #nipple #hardnipples #bradavky #tvrdebradavky  \nbest bra  no bra https://t.co/4hkehSMDIT""","text:""long hair girl ErectNipples wetnipples TheNoBraClub sexy beauty nipples excited nobraclub braless whatbra naostro nobragang bestnipples nipple hardnipples bradavky tvrdebradavky best bra no bra""}",,,,,,,,,,
"{""_id"":{""$oid"":""5e6bf547b0d40b1f9dc8561a""}",Tweet_id:1235973927626838018,"created_at:""Fri Mar 06 17:02:02 +0000 2020""","rawtext:""Loving and looking forward to this __""","text:""Loving and looking forward to this""}",,,,,,,,,,
"{""_id"":{""$oid"":""5e6bf547b0d40b1f9dc8561b""}",Tweet_id:1235974895856578561,"created_at:""Fri Mar 06 17:05:53 +0000 2020""","rawtext:""The plastic things on the end of shoelaces are called aglets. #interesting #didyouknow""","text:""The plastic things on the end of shoelaces are called aglets. ""}",,,,,,,,,,
"{""_id"":{""$oid"":""5e6bf547b0d40b1f9dc8561c""}",Tweet_id:1235975010008756225,"created_at:""Fri Mar 06 17:06:20 +0000 2020""","rawtext:""My Communism Test score makes me Somewhat Communist (69% - giggle). #interesting https://t.co/4UmqUoZKaP via @idr_labs""","text:""My Communism Test score makes me Somewhat Communist (69% - giggle). interesting via""}",,,,,,,,,,
"{""_id"":{""$oid"":""5e6bf547b0d40b1f9dc85616""}",Tweet_id:1235973861797175302,"created_at:""Fri Mar 06 17:01:46 +0000 2020""","rawtext:""Don__ worry about the people who aren__ happy for you. They probably_aren__ happy for themselves either.\n\n@SimpleReminders @BryantMcGill @JenniMcGill_\n#simplereminders #quotes #quoteoftheday #life #worry #happy #happiness #sad #depressed #excited #caring #supportive https://t.co/CooPFccr4y""","text:""do not worry about the people who are not happy for you. They probably are not happy for themselves either. ""}",,,,,,,,,,
"{""_id"":{""$oid"":""5e6bf547b0d40b1f9dc8561d""}",Tweet_id:1235975196407984128,"created_at:""Fri Mar 06 17:07:04 +0000 2020""","rawtext:""@DanODonnellShow  when__ the social media argument class happening? #interested""","text:""when is the social media argument class happening? ""}",,,,,,,,,,
"{""_id"":{""$oid"":""5e6bf547b0d40b1f9dc85621""}",Tweet_id:1235976139421749253,"created_at:""Fri Mar 06 17:10:49 +0000 2020""","rawtext:""#Excitement is building as we prepare for #IWD2020 celebrations with MC @MiriamOCal @theshelbourne\nWe are #GenerationEquality and @an_cosan have a One Generation solution to poverty.\nTogether we can realise #WomensRights @acd129 @HeydiFoster @SenLynnRuane https://t.co/zpxHj7H5Nr""","text:""Excitement is building as we prepare for IWD2020 celebrations with MC We are GenerationEquality and have a One Generation solution to poverty. Together we can realise ""}",,,,,,,,,,
"{""_id"":{""$oid"":""5e6bf547b0d40b1f9dc85624""}",Tweet_id:1235977316637052930,"created_at:""Fri Mar 06 17:15:30 +0000 2020""","rawtext:""#Travel plans to visit #family #cancelled owing to @V2019N  #CoronavirusOutbreak in #India &amp; #AroundTheWorld. My 6 month old #daughter was super #excited to meet #grandparents and #cousins. __ Wise have said"," \""Prevention is better than cure\""!""","text:""Travel plans to visit family cancelled owing to CoronavirusOutbreak in India &amp; AroundTheWorld. My 6 month old daughter was super excited to meet grandparents and cousins. Wise have said"," \""Prevention is better than cure\""!""}",,,,,,,,
"{""_id"":{""$oid"":""5e6bf547b0d40b1f9dc85625""}",Tweet_id:1235976996771028993,"created_at:""Fri Mar 06 17:14:14 +0000 2020""","rawtext:""We are in single digits race fans"," SINGLE DIGITS!!!! 9 DAYS UNTIL LIGHTS OUT!!!!! 9 DAYS!!!!! #AusGP #F1 #FridayFeeling #Excited https://t.co/QhJFVibqv2""","text:""We are in single digits race fans"," SINGLE DIGITS!! 9 DAYS UNTIL LIGHTS OUT!! 9 DAYS!! ""}",,,,,,,,
"{""_id"":{""$oid"":""5e6bf547b0d40b1f9dc85626""}",Tweet_id:1235976276458049538,"created_at:""Fri Mar 06 17:11:22 +0000 2020""","rawtext:""So excited to be part of @an_cosan for this special day #IWD2020", throughout my life I have seen the power of women supporting and lifting each other up," and now I__ encouraging everyone to join with us to realise #GenerationEquality   @acd129 @KZapponeTD @SenLynnRuane""","text:""So excited to be part of for this special day IWD2020", throughout my life I have seen the power of women supporting and lifting each other up," and now I am encouraging everyone to join with us to realise ""}",,,,,,
"{""_id"":{""$oid"":""5e6bf547b0d40b1f9dc85627""}",Tweet_id:1235978899877769220,"created_at:""Fri Mar 06 17:21:47 +0000 2020""","rawtext:""#vss365 but you must have pun\n\n#AmWriting #WritingCommunity\n#FridayFeeling #Interested? x__""","text:""vss365 but you must have pun AmWriting WritingCommunity FridayFeeling Interested? x""}",,,,,,,,,,
"{""_id"":{""$oid"":""5e6bf547b0d40b1f9dc85622""}",Tweet_id:1235976229829959683,"created_at:""Fri Mar 06 17:11:11 +0000 2020""","rawtext:""@carpediemeire @TravelBugsWorld @Adventuringgal @CancerRoadTrip @TooMuchToSee1 @kmf116 @StuckOntheGo @HHLifestyleTrav @beckyexploring @OfficialBoarder @LisaRivera2207 @FitLifeTravel @LiveaMemory @sl2016_sl @GoodLifeWithIQ We have a very #interesting #bird #farm close by\nhttps://t.co/dCmd7mv2Jo https://t.co/ec7dPcYH4B""","text:""We have a very interesting bird farm close by""}",,,,,,,,,,
"{""_id"":{""$oid"":""5e6bf547b0d40b1f9dc85628""}",Tweet_id:1235978663033819136,"created_at:""Fri Mar 06 17:20:51 +0000 2020""","rawtext:""Gold Baby Shower Banner Decoration. Get it now at https://t.co/bMH0nrDCuh\n#babyshower", #EmployeeAppreciationDay #WomensDay #fridaymotivation #fridaythoughts, #fridayfeeling, #Ohbaby, #baby, #babyyoda, #ohboy, #decoration, #gender #reveal #etsy, #tweet #mommy," #expecting https://t.co/IfXyBz4lJA""","text:""Gold Baby Shower Banner Decoration. Get it now at ""}"
"{""_id"":{""$oid"":""5e6bf547b0d40b1f9dc85629""}",Tweet_id:1235980007593435141,"created_at:""Fri Mar 06 17:26:11 +0000 2020""","rawtext:""@NerdWallet I paid off my all debt last month! Woohoo! But it's still showing up on your site (via @TransUnion ). How long 'till that updates &amp; increases my credit score?!! #SoExcited""","text:""I paid off my all debt last month! Woohoo! But it is still showing up on your site (via ). How long 'till that updates &amp; increases my credit score?!! ""}",,,,,,,,,,
"{""_id"":{""$oid"":""5e6bf547b0d40b1f9dc8562a""}",Tweet_id:1235979543883759616,"created_at:""Fri Mar 06 17:24:21 +0000 2020""","rawtext:""So glad to be offering another training route into the profession""","text:""So glad to be offering another training route into the profession""}",,,,,,,,,,
"{""_id"":{""$oid"":""5e6bf547b0d40b1f9dc8562d""}",Tweet_id:1235981998570774529,"created_at:""Fri Mar 06 17:34:06 +0000 2020""","rawtext:""#psychat #psy157 Past Present Future gluing site: Insanity is #repeating acts &amp; #expecting diff #results. Einstein https://t.co/XHJE6spFb4""","text:""psychat psy157 Past Present Future gluing site: Insanity is repeating acts &amp; expecting diff results. Einstein""}",,,,,,,,,,
"{""_id"":{""$oid"":""5e6bf547b0d40b1f9dc8562e""}",Tweet_id:1235982460300587009,"created_at:""Fri Mar 06 17:35:56 +0000 2020""","rawtext:""More than 50% of the people in the world have never made or received a telephone call. #interesting #didyouknow""","text:""More than 50% of the people in the world have never made or received a telephone call. ""}",,,,,,,,,,
"{""_id"":{""$oid"":""5e6bf547b0d40b1f9dc8562f""}",Tweet_id:1235980501414002688,"created_at:""Fri Mar 06 17:28:09 +0000 2020""","rawtext:""Today is the day _グ_\n#excited #popcorn #movie #MilitaryWives #proud""","text:""Today is the day ""}",,,,,,,,,,
"{""_id"":{""$oid"":""5e6bf547b0d40b1f9dc85630""}",Tweet_id:1235981935370858497,"created_at:""Fri Mar 06 17:33:51 +0000 2020""","rawtext:""Lovely Friday. \nDo you know everyone? There were many beautiful steel beings....\n\nhttps://t.co/xs13vr5ITV\n#Prague\n#winterinPrague\n#gallery \n#steelfigures\n#interesting \n#amazingplace https://t.co/VKXIjvJOWM""","text:""Lovely Friday. Do you know everyone? There were many beautiful steel beings.. ""}",,,,,,,,,,
"{""_id"":{""$oid"":""5e6bf547b0d40b1f9dc8562b""}",Tweet_id:1235980206873161729,"created_at:""Fri Mar 06 17:26:59 +0000 2020""","rawtext:""Another successful closing @KansasSecured ! Thank you for trusting me with everything! Congrats guys! #teamhomehero #closingday #happy #excited @ Wichita"," Kansas https://t.co/6LXXuPTdnU""","text:""Another successful closing ! Thank you for trusting me with everything! Congrats guys! teamhomehero closingday happy excited @ Wichita"," Kansas""}",,,,,,,,
"{""_id"":{""$oid"":""5e6bf547b0d40b1f9dc85632""}",Tweet_id:1235983011633561605,"created_at:""Fri Mar 06 17:38:08 +0000 2020""","rawtext:""On our way to the boys are back tour #excited #oldfriends #danceliketeenagers #lovinglife @MrSpikeDawbarn @MrLeeBrennan\n@jimmyconstable @RitchieNeville @Scottlarock5 @SeanConlonMusic @JadeJonesDMG @A1Official https://t.co/1Y9FT1UDFM""","text:""On our way to the boys are back tour ""}",,,,,,,,,,
"{""_id"":{""$oid"":""5e6bf547b0d40b1f9dc85631""}",Tweet_id:1235983032168800259,"created_at:""Fri Mar 06 17:38:12 +0000 2020""","rawtext:""@chrislhayes Imagine a scenario", where an untested #coronavirus potential positive case, took an #Uber from the airport, that #Uber driver, their car and any other passengers (that entered the car afterward) would be affected...so only testing clusters," seems a bit #interesting....""","text:""Imagine a scenario", where an untested coronavirus potential positive case, took an Uber from the airport, that Uber driver, their car and any other passengers (that entered the car afterward) would be affected..so only testing clusters," seems a bit ""}"
"{""_id"":{""$oid"":""5e6bf547b0d40b1f9dc85635""}",Tweet_id:1235984452242812929,"created_at:""Fri Mar 06 17:43:51 +0000 2020""","rawtext:""VIDEO: Have you ever seen a typical hospital Circumcision? WATCH: #Parenting #parents #expecting #womenshealth http://t.co/uB9csKq29H""","text:""VIDEO: Have you ever seen a typical hospital Circumcision? WATCH: ""}",,,,,,,,,,
"{""_id"":{""$oid"":""5e6bf547b0d40b1f9dc85633""}",Tweet_id:1235984023907897345,"created_at:""Fri Mar 06 17:42:09 +0000 2020""","rawtext:""WOW! We are so #excited to announce the return of the #WipAwards! Do you know a #WMP #Woman", officer or staff," so flippin' #awesome and #inspirational the deserve an award? Then #nominate today! \n\n@WMPolice  @WestMidsPCC @DaveThompsonCC \n\nhttps://t.co/oygJVBR46i https://t.co/6F8LBGPZFV""","text:""WOW! We are so excited to announce the return of the WipAwards! Do you know a WMP Woman", officer or staff," so flippin' awesome and inspirational the deserve an award? Then nominate today!""}",,,,,,
"{""_id"":{""$oid"":""5e6bf547b0d40b1f9dc85636""}",Tweet_id:1235984586657669128,"created_at:""Fri Mar 06 17:44:23 +0000 2020""","rawtext:""Check out our new website https://t.co/HtX1iS4lmS!!! We're #excited to get it out in the Twittersphere using some good ol' #FridayMotivation. We've got loads of plans and our website and social media is where to find them. #website #FeelingGood @MoseleyExchange @TNLComFund""","text:""Check out our new website we are excited to get it out in the Twittersphere using some good ol' FridayMotivation. we have got loads of plans and our website and social media is where to find them. ""}",,,,,,,,,,
"{""_id"":{""$oid"":""5e6bf547b0d40b1f9dc85638""}",Tweet_id:1235983153204015104,"created_at:""Fri Mar 06 17:38:41 +0000 2020""","rawtext:""\""Don__ Start Now\"" is now available to stream EVERYWHERE _お____ \n-\n-\n#spotify #applemusic #itunes #tiktok #youtube #kids #music #fun #family #song #artist #dualipa #dontstartnow #cover #love #life #happy #excited #party #time #partytime #newmusicfriday #nowplaying #newmusic https://t.co/XnbLurn5DF""","text:""\""do not Start Now\"" is now available to stream EVERYWHERE - - ""}",,,,,,,,,,
"{""_id"":{""$oid"":""5e6bf547b0d40b1f9dc8563b""}",Tweet_id:1235985623661588480,"created_at:""Fri Mar 06 17:48:30 +0000 2020""","rawtext:""Swansea Bay Business Awards 2020 / Works Leaving Do .... Ready! __ @WalesOnline @SwanseaOnline10 @swansealife Thanks @Crest __ &amp; @riverisland __#SwanseaBayBusinessAwards2020 #Awards #Business #Excited #Smiles #RiverIsland #AndrewPenhale #Swansea #Smart #Dinner https://t.co/0wyQW9wYci""","text:""Swansea Bay Business Awards 2020 / Works Leaving Do . Ready! Thanks &amp; ""}",,,,,,,,,,
"{""_id"":{""$oid"":""5e6bf547b0d40b1f9dc8563e""}",Tweet_id:1235986976404168705,"created_at:""Fri Mar 06 17:53:53 +0000 2020""","rawtext:""It's the simple things that matter most to me. I love Doughnuts \n\n #grateful #excited #thankful #blessed #gratitude #humbled #paychexproud #paychex #paychexproud @ Paychex https://t.co/1YIonofRKL""","text:""it is the simple things that matter most to me. I love Doughnuts grateful excited thankful blessed gratitude humbled paychexproud paychex paychexproud @ Paychex""}",,,,,,,,,,
"{""_id"":{""$oid"":""5e6bf547b0d40b1f9dc8563c""}",Tweet_id:1235986180094730240,"created_at:""Fri Mar 06 17:50:43 +0000 2020""","rawtext:""The excitement keeps building! I am so grateful for the support of @BOLDDems.  Join them by going to https://t.co/DPZ8Dfsmx7 and help us get our message to all of KS-02! #grateful #excited""","text:""The excitement keeps building! I am so grateful for the support of . Join them by going to and help us get our message to all of KS-02! ""}",,,,,,,,,,
"{""_id"":{""$oid"":""5e6bf547b0d40b1f9dc8563f""}",Tweet_id:1235986547557765120,"created_at:""Fri Mar 06 17:52:11 +0000 2020""","rawtext:""Our CEO @marykeanedawson is attending the Digi Fest this weekend"," supporting digital skills for all ages #DigiFsst #IWD""","text:""Our CEO is attending the Digi Fest this weekend"," supporting digital skills for all ages ""}",,,,,,,,
"{""_id"":{""$oid"":""5e6bf547b0d40b1f9dc85640""}",Tweet_id:1235987290989658112,"created_at:""Fri Mar 06 17:55:08 +0000 2020""","rawtext:""Boxing has been on fire lately and it doesn__ look like it__ going to stop anytime soon. May-July is going to bring more __. It__ a good time to be a boxing fan. Enjoy the ride! #boxing #dance #oldman #excited #2020_ https://t.co/qeyRXyUhfc""","text:""Boxing has been on fire lately and it does not look like it is going to stop anytime soon. May-July is going to bring more . it is a good time to be a boxing fan. Enjoy the ride! ""}",,,,,,,,,,
"{""_id"":{""$oid"":""5e6bf547b0d40b1f9dc85641""}",Tweet_id:1235987344869781506,"created_at:""Fri Mar 06 17:55:21 +0000 2020""","rawtext:""@BlackPumasMusic Can__ wait to see you @StubbsAustin #soexcited https://t.co/SfNYzZOWi1""","text:""can not wait to see you ""}",,,,,,,,,,
"{""_id"":{""$oid"":""5e6bf547b0d40b1f9dc85639""}",Tweet_id:1235984731604480001,"created_at:""Fri Mar 06 17:44:58 +0000 2020""","rawtext:""Sanj (on the left) and me (on the right). Very excited about coming to @lborouniversity tomorrow #artofbrill #LboroWellbeing https://t.co/Y0CNaBQjGK""","text:""Sanj (on the left) and me (on the right). Very excited about coming to tomorrow ""}",,,,,,,,,,
"{""_id"":{""$oid"":""5e6bf547b0d40b1f9dc85649""}",Tweet_id:1235988932493524992,"created_at:""Fri Mar 06 18:01:39 +0000 2020""","rawtext:""So apparently", the logo for the Spanish lollipop company, Chupa Chups," was designed by Salvador Dali in 1969. #interesting #candydesign https://t.co/3RVDAIQkd8""","text:""So apparently", the logo for the Spanish lollipop company, Chupa Chups," was designed by Salvador Dali in 1969. ""}",,,,
"{""_id"":{""$oid"":""5e6bf547b0d40b1f9dc85648""}",Tweet_id:1235988798116433920,"created_at:""Fri Mar 06 18:01:07 +0000 2020""","rawtext:""There is a common misbelief that because the browser is named Firefox", the logo must be a fox.\n\nSurprisingly," the cute furry creature in the logo is actually a red panda!_く\n#Interesting #Funfacts""","text:""There is a common misbelief that because the browser is named Firefox", the logo must be a fox. Surprisingly," the cute furry creature in the logo is actually a red panda! ""}",,,,,,
"{""_id"":{""$oid"":""5e6bf547b0d40b1f9dc8564f""}",Tweet_id:1235989990951157760,"created_at:""Fri Mar 06 18:05:52 +0000 2020""","rawtext:""In 2003", the U.S. Government spent about $2,0,"000.00 on potato research! #interesting #didyouknow""","text:""In 2003", the you.S. Government spent about $2,0,"00.00 on potato research! ""}",,,,
"{""_id"":{""$oid"":""5e6bf547b0d40b1f9dc85650""}",Tweet_id:1235989849523486720,"created_at:""Fri Mar 06 18:05:18 +0000 2020""","rawtext:""So I just won tickets to see #RockRoyalty #FrancisRossi thank you so much @BBCLeicester @ady_dayman \n#SoExcited xxx""","text:""So I just won tickets to see RockRoyalty FrancisRossi thank you so much SoExcited x""}",,,,,,,,,,
"{""_id"":{""$oid"":""5e6bf547b0d40b1f9dc85652""}",Tweet_id:1235990549259333639,"created_at:""Fri Mar 06 18:08:05 +0000 2020""","rawtext:""George Soros-Backed Group Gave Huge Donation to County Prosecutor Who Dropped Jussie Smollett Charges https://t.co/nHQkfQEiSE #Interesting""","text:""George Soros-Backed Group Gave Huge Donation to County Prosecutor Who Dropped Jussie Smollett Charges ""}",,,,,,,,,,
"{""_id"":{""$oid"":""5e6bf547b0d40b1f9dc85654""}",Tweet_id:1235990885776515072,"created_at:""Fri Mar 06 18:09:25 +0000 2020""","rawtext:""ITS MIIIIIIIINE #AnimalCrossingNewHorizons #preorder #soexcited https://t.co/lFk3PIFCrR""","text:""ITS MINE ""}",,,,,,,,,,
"{""_id"":{""$oid"":""5e6bf547b0d40b1f9dc85659""}",Tweet_id:1235992274829533185,"created_at:""Fri Mar 06 18:14:56 +0000 2020""","rawtext:""#slashdot #interesting Quibi is Giving People a 90-day Free Trial in Hopes They'll Actually Sign Up https://t.co/P0lFg1sYhF""","text:""slashdot interesting Quibi is Giving People a 90-day Free Trial in Hopes they will Actually Sign Up""}",,,,,,,,,,
"{""_id"":{""$oid"":""5e6bf547b0d40b1f9dc8565b""}",Tweet_id:1235998638918299650,"created_at:""Fri Mar 06 18:40:13 +0000 2020""","rawtext:""Went to our first #GirlScout meeting last night and woke up with an invitation to be a troop leader __ I did not previously realize this was something I wanted to do! #SoExcited #EmpowerTheNextGeneration""","text:""Went to our first GirlScout meeting last night and woke up with an invitation to be a troop leader I did not previously realize this was something I wanted to do! ""}",,,,,,,,,,
"{""_id"":{""$oid"":""5e6bf547b0d40b1f9dc8565c""}",Tweet_id:1235999860517560320,"created_at:""Fri Mar 06 18:45:05 +0000 2020""","rawtext:""The neutral colors and theme make it a great card box for baby showers and gender reveal parties!!!  #babyshower #expecting #mommytobe #babyiscoming https://t.co/QsjjN4d38I https://t.co/giyILHEB7h""","text:""The neutral colors and theme make it a great card box for baby showers and gender reveal parties!! ""}",,,,,,,,,,
"{""_id"":{""$oid"":""5e6bf547b0d40b1f9dc8565d""}",Tweet_id:1236002643786399744,"created_at:""Fri Mar 06 18:56:08 +0000 2020""","rawtext:""Your Daily Petal"," encore presentation... #computerscience #softwareengineering #fun #excitement https://t.co/rUQovcDScy""","text:""Your Daily Petal"," encore presentation.. ""}",,,,,,,,
"{""_id"":{""$oid"":""5e6bf547b0d40b1f9dc8565e""}",Tweet_id:1236003295568818182,"created_at:""Fri Mar 06 18:58:44 +0000 2020""","rawtext:""Taking Inventory: From one Student to Another\nby Carly Jacuk https://t.co/Pha2XVNq0V #lawstudents #mentored #expectation https://t.co/AnHo0dq5iG""","text:""Taking Inventory: From one Student to Another by Carly Jacuk ""}",,,,,,,,,,
"{""_id"":{""$oid"":""5e6bf547b0d40b1f9dc85663""}",Tweet_id:1236004045187354625,"created_at:""Fri Mar 06 19:01:42 +0000 2020""","rawtext:""Let__ nominate some deserving women ______""","text:""let us nominate some deserving women""}",,,,,,,,,,
"{""_id"":{""$oid"":""5e6bf547b0d40b1f9dc85666""}",Tweet_id:1236005090990780416,"created_at:""Fri Mar 06 19:05:52 +0000 2020""","rawtext:""Average life span of a major league baseball: 7 pitches.  #interesting #didyouknow""","text:""Average life span of a major league baseball: 7 pitches. ""}",,,,,,,,,,
"{""_id"":{""$oid"":""5e6bf547b0d40b1f9dc85665""}",Tweet_id:1236004794860478467,"created_at:""Fri Mar 06 19:04:41 +0000 2020""","rawtext:""Some exciting #bookmail - How to Save a Life by Liz Fenton &amp; Lisa Steinke is coming out in July! #bookstoreview #soexcited https://t.co/kq7EmvvAYn https://t.co/E6Zst1zQzS""","text:""Some exciting bookmail - How to Save a Life by Liz Fenton &amp; Lisa Steinke is coming out in July! ""}",,,,,,,,,,
"{""_id"":{""$oid"":""5e6bf547b0d40b1f9dc85667""}",Tweet_id:1236004160841150465,"created_at:""Fri Mar 06 19:02:10 +0000 2020""","rawtext:""Well done @Tracybelfast1 &amp; @CStalfordMLA - social housing is much sought after. Welcoming news for Sandy Row.""","text:""Well done &amp; - social housing is much sought after. Welcoming news for Sandy Row.""}",,,,,,,,,,
"{""_id"":{""$oid"":""5e6bf547b0d40b1f9dc85668""}",Tweet_id:1236005103787806721,"created_at:""Fri Mar 06 19:05:55 +0000 2020""","rawtext:""Packing for mine and Ray's Spring Break!!!\n#familyfirst #family #roadtrip #vacation #workfromhome #amazing #awesome #excited @ Houston County"," Texas https://t.co/dnRcyg0UKm""","text:""Packing for mine and Ray's Spring Break!! familyfirst family roadtrip vacation workfromhome amazing awesome excited @ Houston County"," Texas""}",,,,,,,,
"{""_id"":{""$oid"":""5e6bf547b0d40b1f9dc85660""}",Tweet_id:1236003151246958592,"created_at:""Fri Mar 06 18:58:09 +0000 2020""","rawtext:""Let__ nominate some deserving woman __ ____""","text:""let us nominate some deserving woman""}",,,,,,,,,,
"{""_id"":{""$oid"":""5e6bf547b0d40b1f9dc8566a""}",Tweet_id:1236006765562662914,"created_at:""Fri Mar 06 19:12:31 +0000 2020""","rawtext:""Time for some retweets.\n\n#art #digitalart #greatisthits #myartwork""","text:""Time for some retweets. ""}",,,,,,,,,,
"{""_id"":{""$oid"":""5e6bf547b0d40b1f9dc8566c""}",Tweet_id:1236007427981676551,"created_at:""Fri Mar 06 19:15:09 +0000 2020""","rawtext:""@HBO always gets it right.....\n\nhttps://t.co/CVE2a5IKBI\n\n#Stories #Excited #New #Wonderful #Refreshing #Bold #NewWriting #Entertainment""","text:""always gets it right.. ""}",,,,,,,,,,
"{""_id"":{""$oid"":""5e6bf547b0d40b1f9dc8566f""}",Tweet_id:1236010211518767104,"created_at:""Fri Mar 06 19:26:13 +0000 2020""","rawtext:""Pretty exciting stuff coming for @IRIC_WC #superheroes #soexcited @WCPS72 https://t.co/M7HsiMGnc1""","text:""Pretty exciting stuff coming for ""}",,,,,,,,,,
"{""_id"":{""$oid"":""5e6bf547b0d40b1f9dc85669""}",Tweet_id:1236004071414390784,"created_at:""Fri Mar 06 19:01:49 +0000 2020""","rawtext:""Part one of a REALLY nice #install this morning with a pair of @WilsonAudio Sasha DAW__", @qspire X Reference Rack + a box full of Transparent Cables," any thoughts to what we will be adding soon to get it all up and running? #anticipation #highendaudio #highend #hifi #luxury https://t.co/bvjPFWRloQ""","text:""Part one of a REALLY nice install this morning with a pair of Sasha DAW__", X Reference Rack + a box full of Transparent Cables," any thoughts to what we will be adding soon to get it all up and running? ""}",,,,,,
"{""_id"":{""$oid"":""5e6bf547b0d40b1f9dc85670""}",Tweet_id:1236010295237193728,"created_at:""Fri Mar 06 19:26:33 +0000 2020""","rawtext:""It's #WorldBookDay__tomorrow! Which of your favourite characters will you come to school dressed as? #books #reading #excited https://t.co/nnHfxd173k""","text:""it is WorldBookDaytomorrow! Which of your favourite characters will you come to school dressed as? ""}",,,,,,,,,,
"{""_id"":{""$oid"":""5e6bf547b0d40b1f9dc85672""}",Tweet_id:1236010496597229569,"created_at:""Fri Mar 06 19:27:21 +0000 2020""","rawtext:""Oh"," hey #weekend!  I see you!! __\n.\nWishing you guys THE BEST weekend!!\n.\n.\n.\n__ by @TheWrightPhoto \n.\n.\n.\n#excited #fun #see #bestweekend #letsgo #adventure #explore https://t.co/RvTr1dCxlx""","text:""Oh"," hey weekend! I see you!! . Wishing you guys THE BEST weekend!! . . . by . . . ""}",,,,,,,,
"{""_id"":{""$oid"":""5e6bf547b0d40b1f9dc85675""}",Tweet_id:1236010817600081921,"created_at:""Fri Mar 06 19:28:37 +0000 2020""","rawtext:""@IAmChrisRamsey My mate managed to bag us a couple of tickets for the Edinburgh date as we missed out on Glasgow #Yas #TooExcited #MissingMyWeddingAnniversaryToSeeYou""","text:""My mate managed to bag us a couple of tickets for the Edinburgh date as we missed out on Glasgow ""}",,,,,,,,,,
"{""_id"":{""$oid"":""5e6bf547b0d40b1f9dc85678""}",Tweet_id:1236012177410142210,"created_at:""Fri Mar 06 19:34:01 +0000 2020""","rawtext:""I love creating magic for the screen with this guy! mikealdengoode my partner in cinematic crime!! There are amazing things to come!!! #writing #magic #excited #youreagenius https://t.co/XBbacT4DSr""","text:""I love creating magic for the screen with this guy! mikealdengoode my partner in cinematic crime!! There are amazing things to come!! ""}",,,,,,,,,,
"{""_id"":{""$oid"":""5e6bf547b0d40b1f9dc8567b""}",Tweet_id:1236012663949258753,"created_at:""Fri Mar 06 19:35:57 +0000 2020""","rawtext:""The only king without a moustache in a deck of cards is the king of hearts. #interesting #didyouknow""","text:""The only king without a moustache in a deck of cards is the king of hearts. ""}",,,,,,,,,,
"{""_id"":{""$oid"":""5e6bf547b0d40b1f9dc8567d""}",Tweet_id:1236014499045478402,"created_at:""Fri Mar 06 19:43:15 +0000 2020""","rawtext:""What a beautiful beginning to the day! #sunrise #gratitude #expectation #ThursdayThoughts #ThursdayMotivation #thursdayvibes #thursdaymorning https://t.co/wQj0GSmnjm""","text:""What a beautiful beginning to the day! ""}",,,,,,,,,,
"{""_id"":{""$oid"":""5e6bf547b0d40b1f9dc8567c""}",Tweet_id:1236014741044293633,"created_at:""Fri Mar 06 19:44:12 +0000 2020""","rawtext:""Taking my daughter to see @RyanHurd in a couple of weeks"," then again in August when he comes back with @MarenMorris ! #KC #allthelove #soexcited""","text:""Taking my daughter to see in a couple of weeks"," then again in August when he comes back with ! ""}",,,,,,,,
"{""_id"":{""$oid"":""5e6bf547b0d40b1f9dc8567f""}",Tweet_id:1236014871633899520,"created_at:""Fri Mar 06 19:44:44 +0000 2020""","rawtext:""It was a moment of pink"," floral beauty -- exquisite moments in which she prepared for The Evening Ahead -- https://t.co/WQjkRtDa6a\n#anticipation #floral #romance #romantic #pink #datenight #date #flowers #bedroom #bedroomdecor #art #artwork #framedart https://t.co/uA3zP5GCbw""","text:""It was a moment of pink"," floral beauty -- exquisite moments in which she prepared for The Evening Ahead -- ""}",,,,,,,,
"{""_id"":{""$oid"":""5e6bf547b0d40b1f9dc85681""}",Tweet_id:1236016937332699136,"created_at:""Fri Mar 06 19:52:56 +0000 2020""","rawtext:""I'm not sure where women go to learn to argue"," but that place is awesome! _う_う_ぃ\n#interesting""","text:""I am not sure where women go to learn to argue"," but that place is awesome! ""}",,,,,,,,
"{""_id"":{""$oid"":""5e6bf547b0d40b1f9dc85680""}",Tweet_id:1236016270341963777,"created_at:""Fri Mar 06 19:50:17 +0000 2020""","rawtext:""The footings are in concrete and the footprint is down. It__ been fascinating this week watching the many different machines do their work. Next week the steel goes in and the building starts to take shape #excitement  #itshappening #uptonsixthform https://t.co/36cnw8EHRQ""","text:""The footings are in concrete and the footprint is down. it is been fascinating this week watching the many different machines do their work. Next week the steel goes in and the building starts to take shape ""}",,,,,,,,,,
"{""_id"":{""$oid"":""5e6bf547b0d40b1f9dc85687""}",Tweet_id:1236020016711192582,"created_at:""Fri Mar 06 20:05:10 +0000 2020""","rawtext:""Just woke up bout to dive into @LILUZIVERT #goodday #excited""","text:""Just woke up bout to dive into ""}",,,,,,,,,,
"{""_id"":{""$oid"":""5e6bf547b0d40b1f9dc85694""}",Tweet_id:1236020097447325697,"created_at:""Fri Mar 06 20:05:30 +0000 2020""","rawtext:""LITERALLY""","text:""LITERALLY""}",,,,,,,,,,
"{""_id"":{""$oid"":""5e6bf547b0d40b1f9dc85697""}",Tweet_id:1236020099791773696,"created_at:""Fri Mar 06 20:05:30 +0000 2020""","rawtext:""pause""","text:""pause""}",,,,,,,,,,
"{""_id"":{""$oid"":""5e6bf547b0d40b1f9dc856a6""}",Tweet_id:1236020184735010817,"created_at:""Fri Mar 06 20:05:50 +0000 2020""","rawtext:""2/3 @StirUni panoramic views of our stunning campus from the main gym floor #soexcited @CathyTyrone https://t.co/m4sxNaCIvd""","text:""2/3 panoramic views of our stunning campus from the main gym floor ""}",,,,,,,,,,
"{""_id"":{""$oid"":""5e6bf547b0d40b1f9dc856a9""}",Tweet_id:1236020191919656960,"created_at:""Fri Mar 06 20:05:52 +0000 2020""","rawtext:""Turtles can breathe through their butts. #interesting #didyouknow""","text:""Turtles can breathe through their butts. ""}",,,,,,,,,,
"{""_id"":{""$oid"":""5e6bf547b0d40b1f9dc856ac""}",Tweet_id:1236020214330003459,"created_at:""Fri Mar 06 20:05:57 +0000 2020""","rawtext:""a pause""","text:""a pause""}",,,,,,,,,,
"{""_id"":{""$oid"":""5e6bf547b0d40b1f9dc856b1""}",Tweet_id:1236020256948342784,"created_at:""Fri Mar 06 20:06:08 +0000 2020""","rawtext:""aye pause""","text:""aye pause""}",,,,,,,,,,
"{""_id"":{""$oid"":""5e6bf547b0d40b1f9dc856b4""}",Tweet_id:1236020264401604614,"created_at:""Fri Mar 06 20:06:09 +0000 2020""","rawtext:""Sir I__ waiting for you now""","text:""Sir I am waiting for you now""}",,,,,,,,,,
"{""_id"":{""$oid"":""5e6bf547b0d40b1f9dc856ba""}",Tweet_id:1236020369724772352,"created_at:""Fri Mar 06 20:06:34 +0000 2020""","rawtext:""Woah cuzzo _ you gay?""","text:""Woah cuzzo you gay?""}",,,,,,,,,,
"{""_id"":{""$oid"":""5e6bf547b0d40b1f9dc856be""}",Tweet_id:1236020413810921472,"created_at:""Fri Mar 06 20:06:45 +0000 2020""","rawtext:""SAY PAUSE RN!!!!!! https://t.co/BVG14KPYFM""","text:""SAY PAUSE RN!!""}",,,,,,,,,,
"{""_id"":{""$oid"":""5e6bf547b0d40b1f9dc856c3""}",Tweet_id:1236020450574118912,"created_at:""Fri Mar 06 20:06:54 +0000 2020""","rawtext:""P.A.U.S.E""","text:""P.A.you.S.E""}",,,,,,,,,,
"{""_id"":{""$oid"":""5e6bf547b0d40b1f9dc856d2""}",Tweet_id:1236020700483325952,"created_at:""Fri Mar 06 20:07:53 +0000 2020""","rawtext:""PAUSE""","text:""PAUSE""}",,,,,,,,,,
"{""_id"":{""$oid"":""5e6bf547b0d40b1f9dc856dc""}",Tweet_id:1236020837976870919,"created_at:""Fri Mar 06 20:08:26 +0000 2020""","rawtext:""When yo album coming negro""","text:""When yo album coming negro""}",,,,,,,,,,
"{""_id"":{""$oid"":""5e6bf547b0d40b1f9dc85776""}",Tweet_id:1236021031866961920,"created_at:""Fri Mar 06 20:09:12 +0000 2020""","rawtext:""We NEED COLLAB""","text:""We NEED COLLAB""}",,,,,,,,,,
"{""_id"":{""$oid"":""5e6bf547b0d40b1f9dc85797""}",Tweet_id:1236021103669260290,"created_at:""Fri Mar 06 20:09:29 +0000 2020""","rawtext:""Sameeee just woke up type shit""","text:""Same just woke up type shit""}",,,,,,,,,,
"{""_id"":{""$oid"":""5e6bf547b0d40b1f9dc857a1""}",Tweet_id:1236021138494492672,"created_at:""Fri Mar 06 20:09:38 +0000 2020""","rawtext:""Me waking up this morning:""","text:""Me waking up this morning:""}",,,,,,,,,,
"{""_id"":{""$oid"":""5e6bf547b0d40b1f9dc857a5""}",Tweet_id:1236021146715181056,"created_at:""Fri Mar 06 20:09:40 +0000 2020""","rawtext:""This was the mood this morning""","text:""This was the mood this morning""}",,,,,,,,,,
"{""_id"":{""$oid"":""5e6bf547b0d40b1f9dc857ae""}",Tweet_id:1236021185038647296,"created_at:""Fri Mar 06 20:09:49 +0000 2020""","rawtext:""Make your life #interesting.""","text:""Make your life ""}",,,,,,,,,,
"{""_id"":{""$oid"":""5e6bf547b0d40b1f9dc857e0""}",Tweet_id:1236021459883089921,"created_at:""Fri Mar 06 20:10:54 +0000 2020""","rawtext:""Collab""","text:""Collab""}",,,,,,,,,,
"{""_id"":{""$oid"":""5e6bf547b0d40b1f9dc85816""}",Tweet_id:1236438414238593024,"created_at:""Sat Mar 07 23:47:44 +0000 2020""","rawtext:""In this format"," a log-linear relationship  is possible: \n\nlog[Y]= log [f(Cu) + f(Ed)+f(ME)]""","text:""In this format"," a log-linear relationship is possible: log[Y]= log [f(Cu) + f(Ed)+f(ME)]""}",,,,,,,,
"{""_id"":{""$oid"":""5e6bf547b0d40b1f9dc8581a""}",Tweet_id:1236442981638406145,"created_at:""Sun Mar 08 00:05:53 +0000 2020""","rawtext:""No word in the English language rhymes with 'MONTH.' #interesting #didyouknow""","text:""No word in the English language rhymes with 'MONTH.' ""}",,,,,,,,,,
"{""_id"":{""$oid"":""5e6bf547b0d40b1f9dc85819""}",Tweet_id:1236441922677477376,"created_at:""Sun Mar 08 00:01:41 +0000 2020""","rawtext:""Just spent the whole afternoon at @buybuyBABY learning about all the must have things for baby bean. Doing research online was super overwhelming"," but going to a store and working with a specialist was so helpful __ #momlife #expecting #motherhood #momtobe""","text:""Just spent the whole afternoon at learning about all the must have things for baby bean. Doing research online was super overwhelming"," but going to a store and working with a specialist was so helpful ""}",,,,,,,,
"{""_id"":{""$oid"":""5e6bf547b0d40b1f9dc8581c""}",Tweet_id:1236448560645799936,"created_at:""Sun Mar 08 00:28:03 +0000 2020""","rawtext:""What makes this even more delicious is EYE was told it's a bitch move to depend on screens. But now that the best screen and roller on the team is gone and Harden is relegated to off ball"," he seems less effective. That's very #interesting.""","text:""What makes this even more delicious is EYE was told it is a bitch move to depend on screens. But now that the best screen and roller on the team is gone and Harden is relegated to off ball"," he seems less effective. that is very ""}",,,,,,,,
"{""_id"":{""$oid"":""5e6bf547b0d40b1f9dc8581e""}",Tweet_id:1236452908390133760,"created_at:""Sun Mar 08 00:45:20 +0000 2020""","rawtext:""RT @SSultrie:\nHave you #read the #LostLunason Series yet? It's full of #excitinggoodness! A heartbroken #woman is #determined to rekindle an old #relationship"," and she meets some #interesting people along the way! The complete series is #free with #KU!\n\nhttps://t.co/dL3hYlpilz https://t.co/ewxBgItgc0""","text:""RT : Have you read the LostLunason Series yet? it is full of excitinggoodness! A heartbroken woman is determined to rekindle an old relationship"," and she meets some interesting people along the way! The complete series is free with ""}",,,,,,,,
"{""_id"":{""$oid"":""5e6bf547b0d40b1f9dc8581d""}",Tweet_id:1236452359271788545,"created_at:""Sun Mar 08 00:43:09 +0000 2020""","rawtext:""Omg! The movie The Nightingale is on the youtubes!! For free!! \nI can__ believe it!! ____________ #soexcited \nhttps://t.co/wfsn4b1FiX""","text:""Omg! The movie The Nightingale is on the youtubes!! For free!! I can not believe it!! ""}",,,,,,,,,,
"{""_id"":{""$oid"":""5e6bf547b0d40b1f9dc8581f""}",Tweet_id:1236453501321883648,"created_at:""Sun Mar 08 00:47:41 +0000 2020""","rawtext:""@EveryoneInLB District 2 House Party! #endinghomelessness #longbeach #cali #thankyou #praisetheLord #excited https://t.co/BFMom7RRmR""","text:""District 2 House Party! ""}",,,,,,,,,,
"{""_id"":{""$oid"":""5e6bf547b0d40b1f9dc8581b""}",Tweet_id:1236444389527912448,"created_at:""Sun Mar 08 00:11:29 +0000 2020""","rawtext:""There are so many unexplored and interesting areas of Birmingham","even though I am a Brummie.... I love this car park entrance of crushed cars..... ____#recycling #innovative #interesting #artistic https://t.co/fUDCM2zM7W""","text:""There are so many unexplored and interesting areas of Birmingham","even though I am a Brummie.. I love this car park entrance of crushed cars.. ""}",,,,,,,,
"{""_id"":{""$oid"":""5e6bf547b0d40b1f9dc85820""}",Tweet_id:1236453736828096512,"created_at:""Sun Mar 08 00:48:37 +0000 2020""","rawtext:""#slashdot #interesting Elon Musk Wants To Build a New Starship Every 72 Hours https://t.co/eCnxPTeqZX""","text:""slashdot interesting Elon Musk Wants To Build a New Starship Every 72 Hours""}",,,,,,,,,,
"{""_id"":{""$oid"":""5e6bf547b0d40b1f9dc85821""}",Tweet_id:1236454690692292608,"created_at:""Sun Mar 08 00:52:25 +0000 2020""","rawtext:""@ReapersBrew @AtticusTrash @bombshell1331 @stillunknownpod @_TheHonorable1 @Larry112066 @ArmyVet109604 @tazisalady @MistyMa73367286 @xxReaperCrew @vkegnado @sick60sixxer @sfkaw69 @robinpappe @GemHasTea Omg this is so exciting. @ReapersBrew you just made my day! Congratulations to all of the other winners! Let the celebrations begin. _コ______ #soexcited https://t.co/FtELreccOg""","text:""Omg this is so exciting. you just made my day! Congratulations to all of the other winners! Let the celebrations begin. ""}",,,,,,,,,,
"{""_id"":{""$oid"":""5e6bf547b0d40b1f9dc85824""}",Tweet_id:1236456712489570305,"created_at:""Sun Mar 08 01:00:27 +0000 2020""","rawtext:""Today was a great day! @jewellabrielle found the perfect dress I can__ wait until April 4th _グ_グ #soexcited""","text:""Today was a great day! found the perfect dress I can not wait until April 4th ""}",,,,,,,,,,
"{""_id"":{""$oid"":""5e6bf547b0d40b1f9dc85828""}",Tweet_id:1236461266564034560,"created_at:""Sun Mar 08 01:18:32 +0000 2020""","rawtext:""A reader took the effort to share each excerpt from The Rise of Venus that made her think and feel. Sharing them in this thread. #Grateful #Excited #EachforEqual https://t.co/wthHA1V0ut""","text:""A reader took the effort to share each excerpt from The Rise of Venus that made her think and feel. Sharing them in this thread. ""}",,,,,,,,,,
"{""_id"":{""$oid"":""5e6bf547b0d40b1f9dc85826""}",Tweet_id:1236459140547055616,"created_at:""Sun Mar 08 01:10:06 +0000 2020""","rawtext:""YouTuber Explains the Science Behind Tesla's Egg of Columbus: The Gelatinous Solid https://t.co/YENJvETxuE #Interesting #Engineering https://t.co/WUi8A1PyAF""","text:""YouTuber Explains the Science Behind Tesla's Egg of Columbus: The Gelatinous Solid ""}",,,,,,,,,,
"{""_id"":{""$oid"":""5e6bf547b0d40b1f9dc85825""}",Tweet_id:1236458081447378944,"created_at:""Sun Mar 08 01:05:53 +0000 2020""","rawtext:""There are no clocks in Las Vegas gambling casinos. #interesting #didyouknow""","text:""There are no clocks in Las Vegas gambling casinos. ""}",,,,,,,,,,
"{""_id"":{""$oid"":""5e6bf547b0d40b1f9dc85829""}",Tweet_id:1236463166269382659,"created_at:""Sun Mar 08 01:26:05 +0000 2020""","rawtext:""Ahhh! It__ @JakeBugg day____ #SoExcited""","text:""Ahh! it is day ""}",,,,,,,,,,
"{""_id"":{""$oid"":""5e6bf547b0d40b1f9dc8582c""}",Tweet_id:1236464053758742529,"created_at:""Sun Mar 08 01:29:37 +0000 2020""","rawtext:""@NZNationalParty @JacquiDeanMP @paulabennettmp @nikkikaye @JudithCollinsMP Is this the new Spy Girls lineup? #SoExcited #GirlPower https://t.co/TzpgaUpzIV""","text:""Is this the new Spy Girls lineup? ""}",,,,,,,,,,
"{""_id"":{""$oid"":""5e6bf547b0d40b1f9dc8582d""}",Tweet_id:1236464315017752576,"created_at:""Sun Mar 08 01:30:39 +0000 2020""","rawtext:""Is that the new Spy Girls lineup? #SoExcited #GirlPower https://t.co/4BIATFid8i""","text:""Is that the new Spy Girls lineup? ""}",,,,,,,,,,
"{""_id"":{""$oid"":""5e6bf547b0d40b1f9dc8582e""}",Tweet_id:1236464356650614784,"created_at:""Sun Mar 08 01:30:49 +0000 2020""","rawtext:""Make it rain!""","text:""Make it rain!""}",,,,,,,,,,
"{""_id"":{""$oid"":""5e6bf547b0d40b1f9dc8582f""}",Tweet_id:1236465637028847618,"created_at:""Sun Mar 08 01:35:54 +0000 2020""","rawtext:""One in three male motorists picks their nose while driving. #interesting #didyouknow""","text:""One in three male motorists picks their nose while driving. ""}",,,,,,,,,,
"{""_id"":{""$oid"":""5e6bf547b0d40b1f9dc85830""}",Tweet_id:1236467349248565248,"created_at:""Sun Mar 08 01:42:43 +0000 2020""","rawtext:""Travel__ with your loved ones and feel the real beauty of vaigai dam and collect memories capture the natural scenes with peaceful mind with full of #Excitement  For bookings call__ us on 7-999-222-000 https://t.co/pjoZBw4Aoa""","text:""Travel with your loved ones and feel the real beauty of vaigai dam and collect memories capture the natural scenes with peaceful mind with full of Excitement For bookings call us on 7-99-22-00""}",,,,,,,,,,
"{""_id"":{""$oid"":""5e6bf547b0d40b1f9dc85832""}",Tweet_id:1236469041058865153,"created_at:""Sun Mar 08 01:49:26 +0000 2020""","rawtext:""Can__ wait for the professional bull riding to start! Everyone here at the @enmaxcentre is pumped to see the action! #Showdown #professionalbullriding #soexcited #yql""","text:""can not wait for the professional bull riding to start! Everyone here at the is pumped to see the action! ""}",,,,,,,,,,
"{""_id"":{""$oid"":""5e6bf547b0d40b1f9dc85834""}",Tweet_id:1236470042281345024,"created_at:""Sun Mar 08 01:53:25 +0000 2020""","rawtext:""@shoaib100mph when are you going to give us some time for cricket with these children. They are all broken hearted children. They face every day and every struggle with a smile. And they love you!""","text:""when are you going to give us some time for cricket with these children. They are all broken hearted children. They face every day and every struggle with a smile. And they love you!""}",,,,,,,,,,
"{""_id"":{""$oid"":""5e6bf547b0d40b1f9dc85835""}",Tweet_id:1236470043614916609,"created_at:""Sun Mar 08 01:53:25 +0000 2020""","rawtext:""It's the weekend and Alfie is excited!! ___コ\n\n#lovelittlelives  #adoptdontshop #bunny #bunnies #rabbit #rabbits #rescuerabbit #ahutchisnotenough  #cute #rabbitwelfare #rabbitlove #loverabbits #rabbitsworldwide #bunnybuttfriday #saturday #weekend #weekendvibes #weekendfun #excited https://t.co/IZ3UHpH9eH""","text:""it is the weekend and Alfie is excited!! ""}",,,,,,,,,,
"{""_id"":{""$oid"":""5e6bf547b0d40b1f9dc85837""}",Tweet_id:1236471084511191041,"created_at:""Sun Mar 08 01:57:33 +0000 2020""","rawtext:""Happy International Women's Day_А\n#InternationalWomensDay2020\n#T20WorldCup #FillTheMCG \n##KatyPerry #NeverWornWhite \nSee you soon Katy!! #Soexcited_グ""","text:""Happy International Women's Day InternationalWomensDay2020 T20WorldCup FillTheMCG KatyPerry NeverWornWhite See you soon Katy!! ""}",,,,,,,,,,
"{""_id"":{""$oid"":""5e6bf547b0d40b1f9dc8583a""}",Tweet_id:1236474268491358208,"created_at:""Sun Mar 08 02:10:12 +0000 2020""","rawtext:""The dresses I didn__ choose__ #wedding #weddingdress #soexcited https://t.co/FrO2xueSwY""","text:""The dresses I did not choose ""}",,,,,,,,,,
"{""_id"":{""$oid"":""5e6bf547b0d40b1f9dc85838""}",Tweet_id:1236472187898527744,"created_at:""Sun Mar 08 02:01:56 +0000 2020""","rawtext:""Out of idea where to go shopping during weekend? Let's find out what we have here in Tropicana Gardens Mall! \n\n#TGM #tropicanagardensmall #fashion #luxury #dining #foodandbeverage #entertainment #excitement #joy_ https://t.co/UYZT1SdsC5""","text:""Out of idea where to go shopping during weekend? let us find out what we have here in Tropicana Gardens Mall! ""}",,,,,,,,,,
"{""_id"":{""$oid"":""5e6bf547b0d40b1f9dc8583c""}",Tweet_id:1236474844230766593,"created_at:""Sun Mar 08 02:12:30 +0000 2020""","rawtext:""I want to date a dude from out of town #interesting""","text:""I want to date a dude from out of town ""}",,,,,,,,,,
"{""_id"":{""$oid"":""5e6bf547b0d40b1f9dc8583d""}",Tweet_id:1236475315020615681,"created_at:""Sun Mar 08 02:14:22 +0000 2020""","rawtext:""#Interesting photos -  6 Mar 2020 - Flickr https://t.co/nBFtwtvIhu via Flickr #DigitalArt #Photo https://t.co/0w5cuR1dE4""","text:""Interesting photos - 6 Mar 2020 - Flickr via Flickr ""}",,,,,,,,,,
"{""_id"":{""$oid"":""5e6bf547b0d40b1f9dc85839""}",Tweet_id:1236473193814097921,"created_at:""Sun Mar 08 02:05:56 +0000 2020""","rawtext:""A crocodile cannot stick its tongue out.  #interesting #didyouknow""","text:""A crocodile cannot stick its tongue out. ""}",,,,,,,,,,
"{""_id"":{""$oid"":""5e6bf547b0d40b1f9dc8583f""}",Tweet_id:1236478338614489089,"created_at:""Sun Mar 08 02:26:23 +0000 2020""","rawtext:""______Perform #Every #Single #Pose With Excited #Escorts\nhttps://t.co/flRFt1IfVM\n#date #fun #love #Excited https://t.co/WbNItTMqt6""","text:""Perform Every Single Pose With Excited ""}",,,,,,,,,,
"{""_id"":{""$oid"":""5e6bf547b0d40b1f9dc85844""}",Tweet_id:1236481105760567296,"created_at:""Sun Mar 08 02:37:22 +0000 2020""","rawtext:""Watching UFC #interesting""","text:""Watching UFC ""}",,,,,,,,,,
"{""_id"":{""$oid"":""5e6bf547b0d40b1f9dc85843""}",Tweet_id:1236480733125865472,"created_at:""Sun Mar 08 02:35:54 +0000 2020""","rawtext:""McDonald's is the world's largest distributor of toys! #interesting #didyouknow""","text:""McDonald's is the world's largest distributor of toys! ""}",,,,,,,,,,
"{""_id"":{""$oid"":""5e6bf547b0d40b1f9dc85849""}",Tweet_id:1236482013215031297,"created_at:""Sun Mar 08 02:40:59 +0000 2020""","rawtext:""We go deep and talk about real shit for once this time...but don__ worry"," we always keep it #interesting.\n#podcast https://t.co/kfH7AUBGyb""","text:""We go deep and talk about real shit for once this time..but do not worry"," we always keep it ""}",,,,,,,,
"{""_id"":{""$oid"":""5e6bf547b0d40b1f9dc8584d""}",Tweet_id:1236482296099647489,"created_at:""Sun Mar 08 02:42:06 +0000 2020""","rawtext:""RT today's thoughts...#writers #writingcommmunity #writerlife #poets #poetrycommunity #books #readers""","text:""RT today's thoughts..writers ""}",,,,,,,,,,
"{""_id"":{""$oid"":""5e6bf547b0d40b1f9dc8584c""}",Tweet_id:1236482059914207232,"created_at:""Sun Mar 08 02:41:10 +0000 2020""","rawtext:""my new tattoo im getting lower arm sleve covering my whole hand  in 4 weeks im #Excited #unique #thatsme https://t.co/GJ0yTUfsVq""","text:""my new tattoo I am getting lower arm sleve covering my whole hand in 4 weeks I am ""}",,,,,,,,,,
"{""_id"":{""$oid"":""5e6bf547b0d40b1f9dc85850""}",Tweet_id:1236484511388463106,"created_at:""Sun Mar 08 02:50:54 +0000 2020""","rawtext:""I'm so #excited to announce my first book"," a #Romance available on #amazon #Kindle now! https://t.co/pUhbZG0A8R\n\nFollow me at\nhttps://t.co/wtAdb6heCZ\nhttps://t.co/W3g1emWhc4\nhttps://t.co/VsyN4ZaosF https://t.co/O4gkuUwEz5""","text:""I am so excited to announce my first book"," a Romance available on amazon Kindle now! Follow me at""}",,,,,,,,
"{""_id"":{""$oid"":""5e6bf547b0d40b1f9dc85852""}",Tweet_id:1236485100063334404,"created_at:""Sun Mar 08 02:53:15 +0000 2020""","rawtext:""Life motto...\n\n#instagood #love #happy #funny #happydays #happyday #smile #fun #goodday #instahappy #goodmood #sohappy #happier #excited #feelgood #smiling #funtimes #captionplus #feliz #laughing #feelgoodphoto_ https://t.co/rhvvrTwtJQ""","text:""Life motto.. ""}",,,,,,,,,,
"{""_id"":{""$oid"":""5e6bf547b0d40b1f9dc85851""}",Tweet_id:1236484761352204288,"created_at:""Sun Mar 08 02:51:54 +0000 2020""","rawtext:""#Thoughts | #DidYouKnow 203 years ago", in 1817," the @NYSE was founded... #interesting #NYSE #StockMarket #finance #business https://t.co/1YURDnURMU""","text:""Thoughts | DidYouKnow 203 years ago", in 1817," the was founded.. ""}",,,,,,
"{""_id"":{""$oid"":""5e6bf547b0d40b1f9dc8585a""}",Tweet_id:1236488284810776576,"created_at:""Sun Mar 08 03:05:54 +0000 2020""","rawtext:""President George W. Bush was once a cheerleader! #interesting #didyouknow""","text:""President George W. Bush was once a cheerleader! ""}",,,,,,,,,,
"{""_id"":{""$oid"":""5e6bf547b0d40b1f9dc8585d""}",Tweet_id:1236489058877984768,"created_at:""Sun Mar 08 03:08:59 +0000 2020""","rawtext:""MRT @noveliciouss #lifecoaching #Perfection is less #interesting. Anne Carson #writing https://t.co/rqWSQqILV5""","text:""MRT lifecoaching Perfection is less interesting. Anne Carson ""}",,,,,,,,,,
"{""_id"":{""$oid"":""5e6bf547b0d40b1f9dc8585f""}",Tweet_id:1236489637646020609,"created_at:""Sun Mar 08 03:11:17 +0000 2020""","rawtext:""@photowhitehouse @realDonaldTrump #interesting William""","text:""interesting William""}",,,,,,,,,,
"{""_id"":{""$oid"":""5e6bf547b0d40b1f9dc8585e""}",Tweet_id:1236489485245796352,"created_at:""Sun Mar 08 03:10:40 +0000 2020""","rawtext:""I finally got a @MaskedSingerFOX right!! I struggled to remember his name", but I figured out Tom Bergeron from the clues! Also," does Nicole seriously think Brad Paisley sings like that? #itsnothim #finallyright #soexcited""","text:""I finally got a right!! I struggled to remember his name", but I figured out Tom Bergeron from the clues! Also," does Nicole seriously think Brad Paisley sings like that? ""}",,,,,,
"{""_id"":{""$oid"":""5e6bf547b0d40b1f9dc85862""}",Tweet_id:1236492594231881729,"created_at:""Sun Mar 08 03:23:02 +0000 2020""","rawtext:""#Interesting #Reading at @ExpKitchens\n25 Small Eclectic Kitchens Full of Color and Personality\nhttps://t.co/Ia42lDpW5x\n#kitchencabinets #kitchendesign #kitchen #interiordesign #cabinets #kitchendecor #kitchenremodel #kitchenrenovation #kitchenisland #kitchenideas #kitchendesigner https://t.co/M4e81VKI9L""","text:""Interesting Reading at 25 Small Eclectic Kitchens Full of Color and Personality ""}",,,,,,,,,,
"{""_id"":{""$oid"":""5e6bf547b0d40b1f9dc85866""}",Tweet_id:1236495833652252673,"created_at:""Sun Mar 08 03:35:54 +0000 2020""","rawtext:""Butterflies taste with their feet.  #interesting #didyouknow""","text:""Butterflies taste with their feet. ""}",,,,,,,,,,
"{""_id"":{""$oid"":""5e6bf547b0d40b1f9dc85869""}",Tweet_id:1236496858073239553,"created_at:""Sun Mar 08 03:39:58 +0000 2020""","rawtext:""No birds to call hmm #interesting #life #innit""","text:""No birds to call hmm ""}",,,,,,,,,,
"{""_id"":{""$oid"":""5e6bf547b0d40b1f9dc8586a""}",Tweet_id:1236497012834492416,"created_at:""Sun Mar 08 03:40:35 +0000 2020""","rawtext:""Me looking at #ads #adverts #sponsored on @instagram and @Facebook for things I__ #supposedly #interested in #adpreferences https://t.co/CvCRjJrnmd""","text:""Me looking at ads adverts sponsored on and for things I am supposedly interested in ""}",,,,,,,,,,
"{""_id"":{""$oid"":""5e6bf547b0d40b1f9dc85865""}",Tweet_id:1236495514016907266,"created_at:""Sun Mar 08 03:34:38 +0000 2020""","rawtext:""#Interesting \""Democracy and socialism have nothing in common but one word", equality. But notice the difference: while democracy seeks equality in liberty," socialism seeks equality in restraint and servitude.\"" Alexis de Tocqueville #socialism #socalismkills""","text:""Interesting \""Democracy and socialism have nothing in common but one word", equality. But notice the difference: while democracy seeks equality in liberty," socialism seeks equality in restraint and servitude.\"" Alexis de Tocqueville ""}",,,,,,
"{""_id"":{""$oid"":""5e6bf547b0d40b1f9dc85875""}",Tweet_id:1236503377648877568,"created_at:""Sun Mar 08 04:05:53 +0000 2020""","rawtext:""More than 2","500 left handed people a year are killed from using products made for right handed people. #interesting #didyouknow""","text:""More than 2","500 left handed people a year are killed from using products made for right handed people. ""}",,,,,,,,
"{""_id"":{""$oid"":""5e6bf547b0d40b1f9dc85877""}",Tweet_id:1236504229906386944,"created_at:""Sun Mar 08 04:09:16 +0000 2020""","rawtext:""#perfect #interesting Light Aluminum Alloy and Rubber Slingshot https://t.co/4PwrwPHLIy""","text:""perfect interesting Light Aluminum Alloy and Rubber Slingshot""}",,,,,,,,,,