"{""_id"":{""$oid"":""5e6bf46ab0d40b1f9dc852da""}",Tweet_id:1234684628524421120,"created_at:""Tue Mar 03 03:38:49 +0000 2020""","rawtext:""#domain #domainnames #domainnameforsale #domaininvest #pharmacy \n\nfor pharma to pick up\n\nCoronaImmunization .com\nCoronaInoculation .com\n\nBIN available.""","text:""domain domainnames domainnameforsale domaininvest pharmacy for pharma to pick up CoronaImmunization .com CoronaInoculation .com BIN available.""}",,,,,,,,,,
"{""_id"":{""$oid"":""5e6bf46ab0d40b1f9dc852d7""}",Tweet_id:1234684224583557120,"created_at:""Tue Mar 03 03:37:13 +0000 2020""","rawtext:""this is how to show a loved one you care: When did you begin feeling like this? #mentalhealth #depression""","text:""this is how to show a loved one you care: When did you begin feeling like this? ""}",,,,,,,,,,
"{""_id"":{""$oid"":""5e6bf46ab0d40b1f9dc852dc""}",Tweet_id:1234684926550609921,"created_at:""Tue Mar 03 03:40:00 +0000 2020""","rawtext:""Skype #Therapy for the treatment of #Anxiety #Depression #OCD #addiction #PTSD through Mindfulness Therapy. See:_https://t.co/JSi5A31azF_ #onlinetherapy""","text:""Skype Therapy for the treatment of Anxiety Depression OCD addiction PTSD through Mindfulness Therapy. See: ""}",,,,,,,,,,
"{""_id"":{""$oid"":""5e6bf46ab0d40b1f9dc852db""}",Tweet_id:1234684833361793024,"created_at:""Tue Mar 03 03:39:38 +0000 2020""","rawtext:""What questions do you have about mental illness?! #Alzheimers #autism #Mentalhealth #mentalillness #MentalHealthMatters #schizophrenia #depression #anxiety #BPD #addiction #bipolardisorder #BeKind #DID #OCD https://t.co/EnXhhl7o7d""","text:""What questions do you have about mental illness?! ""}",,,,,,,,,,
"{""_id"":{""$oid"":""5e6bf46ab0d40b1f9dc852dd""}",Tweet_id:1234685050215514113,"created_at:""Tue Mar 03 03:40:29 +0000 2020""","rawtext:""Wondering if all of these stores that are sold out of hand sanitizer and masks are also out of soap?\n#pharmacy #backtobasics https://t.co/ejbvGYy8nd""","text:""Wondering if all of these stores that are sold out of hand sanitizer and masks are also out of soap? ""}",,,,,,,,,,
"{""_id"":{""$oid"":""5e6bf46ab0d40b1f9dc852de""}",Tweet_id:1234686053161717760,"created_at:""Tue Mar 03 03:44:29 +0000 2020""","rawtext:""there is a sadness in my heart\nfor those who suffer in silence\nplease reach out\nyou are not alone\n\n#addiction\n#depression\n#anxiety""","text:""there is a sadness in my heart for those who suffer in silence please reach out you are not alone ""}",,,,,,,,,,
"{""_id"":{""$oid"":""5e6bf46ab0d40b1f9dc852df""}",Tweet_id:1234686097021644800,"created_at:""Tue Mar 03 03:44:39 +0000 2020""","rawtext:""Please Retweet - #Depression is REAL. Listen to men share real stories about how debilitating it can be and gain hope needed to recover https://t.co/XMyYSdQqqS A new episode every other Sunday! Don't miss a single episode! Subscribe/Follow TODAY and help #EndTheStigma!""","text:""Please Retweet - Depression is REAL. Listen to men share real stories about how debilitating it can be and gain hope needed to recover A new episode every other Sunday! do not miss a single episode! Subscribe/Follow TODAY and help ""}",,,,,,,,,,
"{""_id"":{""$oid"":""5e6bf46ab0d40b1f9dc852e0""}",Tweet_id:1234686162310225921,"created_at:""Tue Mar 03 03:44:55 +0000 2020""","rawtext:""Personal stories are POWERFUL! Mental Health stories allow others to see they are not alone. Stories also give others the courage needed to reach out for help. Hear these #men share their stories of #depression and/or other mental illnesses! https://t.co/QtaxcUPGon Please RT!""","text:""Personal stories are POWERFUL! Mental Health stories allow others to see they are not alone. Stories also give others the courage needed to reach out for help. Hear these men share their stories of depression and/or other mental illnesses! Please RT!""}",,,,,,,,,,
"{""_id"":{""$oid"":""5e6bf46ab0d40b1f9dc852e1""}",Tweet_id:1234686188713324545,"created_at:""Tue Mar 03 03:45:01 +0000 2020""","rawtext:""#Mindfulness Therapy via Skype for the treatment of #OCD obsessive intrusive thoughts and traumatic memories and memory images. Email me to learn more. Go to:_https://t.co/e4DyZMT248_#OCDrecovery #OCDawareness #anxiety #depression #therapy""","text:""Mindfulness Therapy via Skype for the treatment of OCD obsessive intrusive thoughts and traumatic memories and memory images. Email me to learn more. Go to: ""}",,,,,,,,,,
"{""_id"":{""$oid"":""5e6bf46ab0d40b1f9dc852e4""}",Tweet_id:1234686430489657344,"created_at:""Tue Mar 03 03:45:59 +0000 2020""","rawtext:""The Catch-22 of #Depression https://t.co/IF2LpSi5rX Learn just how debilitating depression can be. Everything you need to do in order to recover is compromised the the very symptoms of the illness! Blogging to help #EndTheStigma &amp; #StopSuicide #MentalHealth Please Retweet! https://t.co/WakKsuQFQx""","text:""The Catch-22 of Depression Learn just how debilitating depression can be. Everything you need to do in order to recover is compromised the the very symptoms of the illness! Blogging to help EndTheStigma &amp; StopSuicide MentalHealth Please Retweet!""}",,,,,,,,,,
"{""_id"":{""$oid"":""5e6bf46ab0d40b1f9dc852e5""}",Tweet_id:1234686758119325697,"created_at:""Tue Mar 03 03:47:17 +0000 2020""","rawtext:""__Most happiest depressed person you__l ever meet__ #depression #anxiety #happy #thisisme https://t.co/DPPfRiDzac""","text:""Most happiest depressed person you will ever meet ""}",,,,,,,,,,
"{""_id"":{""$oid"":""5e6bf46ab0d40b1f9dc852e3""}",Tweet_id:1234686410172403712,"created_at:""Tue Mar 03 03:45:54 +0000 2020""","rawtext:""#MEN...This is NOT prostate cancer. There is no \""Wait and See\"" option for treatment of #depression. Reach out for the help you need! You do not have to suffer alone. #OktoNOTbeOK #NoShame #EndTheStigma https://t.co/i7XHUY1GXq""","text:""MEN..This is NOT prostate cancer. There is no \""Wait and See\"" option for treatment of depression. Reach out for the help you need! You do not have to suffer alone. ""}",,,,,,,,,,
"{""_id"":{""$oid"":""5e6bf46ab0d40b1f9dc852e2""}",Tweet_id:1234686209340739584,"created_at:""Tue Mar 03 03:45:06 +0000 2020""","rawtext:""Reflecting tonight \n\n#poems #poetry #sleepysadpoet #sad #depression #bpd #alcohol #daddyissues #poetrycommunity #poetsofinstagram #writingcommunity #writinglife https://t.co/tlVUyLGo6i""","text:""Reflecting tonight ""}",,,,,,,,,,
"{""_id"":{""$oid"":""5e6bf46ab0d40b1f9dc852e7""}",Tweet_id:1234687746897256448,"created_at:""Tue Mar 03 03:51:12 +0000 2020""","rawtext:""@brennan_2022 i__ so oblivious when i__ by myself lol #socialanxiety""","text:""I am so oblivious when I am by myself lol ""}",,,,,,,,,,
"{""_id"":{""$oid"":""5e6bf46ab0d40b1f9dc852e6""}",Tweet_id:1234687746456915968,"created_at:""Tue Mar 03 03:51:12 +0000 2020""","rawtext:""I always forget how much #water is my favorite form of #therapy. #depression #anxiety and #bipolardisorder can get me down and them I remember how much better I feel after a good long cry in a hot shower. \n\nJust reaffirms my need to live that #LakeLife""","text:""I always forget how much water is my favorite form of therapy. depression anxiety and bipolardisorder can get me down and them I remember how much better I feel after a good long cry in a hot shower. Just reaffirms my need to live that ""}",,,,,,,,,,
"{""_id"":{""$oid"":""5e6bf46ab0d40b1f9dc852e8""}",Tweet_id:1234687968369106944,"created_at:""Tue Mar 03 03:52:05 +0000 2020""","rawtext:""#Sweet #shy BRADLEY needs a loving home!!  Please #adopt or #rescue !  #Marietta #Georgia #cats \n#adoptacat #adoptablackcat https://t.co/jXObvvjy31""","text:""Sweet shy BRADLEY needs a loving home!! Please adopt or rescue ! ""}",,,,,,,,,,
"{""_id"":{""$oid"":""5e6bf46ab0d40b1f9dc852ea""}",Tweet_id:1234688183012511744,"created_at:""Tue Mar 03 03:52:56 +0000 2020""","rawtext:""Dr. Pachman is back to talk about #depression:\n\n- Guilt", worthlessness = depression," not grief\n- SSRIs first-line if prognosis of months\n- Methylphenidate has rapid effect\n- Need more evidence for ketamine\n- Existential psychotherapy works\n\n#MayoPainPall #HaPC @MayoPallMed""","text:""Dr. Pachman is back to talk about depression: - Guilt", worthlessness = depression," not grief - SSRIs first-line if prognosis of months - Methylphenidate has rapid effect - Need more evidence for ketamine - Existential psychotherapy works ""}",,,,,,
"{""_id"":{""$oid"":""5e6bf46ab0d40b1f9dc852e9""}",Tweet_id:1234688037126230025,"created_at:""Tue Mar 03 03:52:22 +0000 2020""","rawtext:""@ThatEricAlper 1. Math. I SUCK at basic math. (Oddly", though, I'm GREAT at algebra.)\n\n2. Drawing. It's a good thing I'm a writer.\n\n3. Dealing with people. #socialanxiety\n\n4. Chess. I have no business loving a strategy-based game," when I'm an intuitive thinker.""","text:""1. Math. I SUCK at basic math. (Oddly", though, I am GREAT at algebra.) 2. Drawing. it is a good thing I am a writer. 3. Dealing with people. socialanxiety 4. Chess. I have no business loving a strategy-based game," when I am an intuitive thinker.""}",,,,
"{""_id"":{""$oid"":""5e6bf46ab0d40b1f9dc852ee""}",Tweet_id:1234688606641381376,"created_at:""Tue Mar 03 03:54:37 +0000 2020""","rawtext:""If someone has the courage &amp; trust to share their struggles of #depression or #suicide ideation with you", PLEASE," please be there to listen &amp; support them! You may be the only person with whom they've been able to open up to. It isn't easy to reach out! Please Retweet!""","text:""If someone has the courage &amp; trust to share their struggles of depression or suicide ideation with you", PLEASE," please be there to listen &amp; support them! You may be the only person with whom they have been able to open up to. It is not easy to reach out! Please Retweet!""}",,,,,,
"{""_id"":{""$oid"":""5e6bf46ab0d40b1f9dc852ed""}",Tweet_id:1234688431822761984,"created_at:""Tue Mar 03 03:53:56 +0000 2020""","rawtext:""5 Chinese Stocks Into Pharmacies https://t.co/SeFDXjdUnX #China #Pharmacy #Stocks #Investment #pharmaceuticals #pharmacies #drugstores #biotechnology #Healthcare #retail #IoT #BigData #HongKong #dividends""","text:""5 Chinese Stocks Into Pharmacies ""}",,,,,,,,,,
"{""_id"":{""$oid"":""5e6bf46ab0d40b1f9dc852eb""}",Tweet_id:1234688285991030784,"created_at:""Tue Mar 03 03:53:21 +0000 2020""","rawtext:""I fight for my mental and physical health every day in ways most people don't understand. I'm not lazy. #depression https://t.co/P6X0nhem7J""","text:""I fight for my mental and physical health every day in ways most people do not understand. I am not lazy. ""}",,,,,,,,,,
"{""_id"":{""$oid"":""5e6bf46ab0d40b1f9dc852f2""}",Tweet_id:1234689961208827904,"created_at:""Tue Mar 03 04:00:00 +0000 2020""","rawtext:""#TysonFury is an inspirational figure for overcoming his battle against #depression and #mentalillness.If he can do it"," you can do it too.\n#MondayMotivation #MotivationMonday #gypsyking #MentalHealthAwareness\n\nhttps://t.co/b7s8sS46Qe""","text:""TysonFury is an inspirational figure for overcoming his battle against depression and mentalillness.If he can do it"," you can do it too. ""}",,,,,,,,
"{""_id"":{""$oid"":""5e6bf46ab0d40b1f9dc852f3""}",Tweet_id:1234690137067487232,"created_at:""Tue Mar 03 04:00:42 +0000 2020""","rawtext:""Blog 54: Depressed? You may have more choices than you realise: https://t.co/MbmOFWALCK\n#depression"," #choices https://t.co/gK8yNiaq59""","text:""Blog 54: Depressed? You may have more choices than you realise: ""}",,,,,,,,,
"{""_id"":{""$oid"":""5e6bf46ab0d40b1f9dc852ef""}",Tweet_id:1234689207773384704,"created_at:""Tue Mar 03 03:57:01 +0000 2020""","rawtext:""@TJCommission  is now recruiting a Standards Review Panel (SRP) for the Assisted Living Community Program. Panelist submissions must be received no later than March 11. https://t.co/iysRmzu9tr\n#nurses #pharmacy #MD https://t.co/eIIg13KAwh""","text:""is now recruiting a Standards Review Panel (SRP) for the Assisted Living Community Program. Panelist submissions must be received no later than March 11. ""}",,,,,,,,,,
"{""_id"":{""$oid"":""5e6bf46ab0d40b1f9dc852f5""}",Tweet_id:1234690634423963648,"created_at:""Tue Mar 03 04:02:41 +0000 2020""","rawtext:""This. All of this.  Building Better Mental Health https://t.co/Nbkog7cI8C  #mentalhealth #stigmafree #mentalhealthawareness #bipolardisorder #depression #anxiety""","text:""This. All of this. Building Better Mental Health ""}",,,,,,,,,,
"{""_id"":{""$oid"":""5e6bf46ab0d40b1f9dc852f4""}",Tweet_id:1234690518505992192,"created_at:""Tue Mar 03 04:02:13 +0000 2020""","rawtext:""#Coronavirustexas FREE public domain information on #family #disaster #preparedness at https://t.co/gk5gsxR1fv navigate through translate share repost anywhere credit #mentalhealth #SuicideAwareness #crisis #depression #anxiety #PTSD more https://t.co/abP24Pfqbd""","text:""Coronavirustexas FREE public domain information on family disaster preparedness at navigate through translate share repost anywhere credit mentalhealth SuicideAwareness crisis depression anxiety PTSD more""}",,,,,,,,,,
"{""_id"":{""$oid"":""5e6bf46ab0d40b1f9dc852f7""}",Tweet_id:1234690828129492992,"created_at:""Tue Mar 03 04:03:27 +0000 2020""","rawtext:""i need a text that will make my day\n#sadquotes #depression""","text:""i need a text that will make my day ""}",,,,,,,,,,
"{""_id"":{""$oid"":""5e6bf46ab0d40b1f9dc852f6""}",Tweet_id:1234690792003903488,"created_at:""Tue Mar 03 04:03:18 +0000 2020""","rawtext:""Part 2 of reflected in glass"," I added more to it.\n\n#alcohol #sad #bpd #writingcommunity #writinglife #poems #poets #sleepysadpoet #poetrycommunity #poetsofinstagram #daddyissues #depression https://t.co/fZuqVlB65x""","text:""Part 2 of reflected in glass"," I added more to it. ""}",,,,,,,,
"{""_id"":{""$oid"":""5e6bf46ab0d40b1f9dc852f9""}",Tweet_id:1234690991753453568,"created_at:""Tue Mar 03 04:04:06 +0000 2020""","rawtext:""@jesteveztv @wsbtv @JovitaMoore FREE public domain information on #family #disaster #preparedness at https://t.co/gk5gsxR1fv navigate through share translate repost anywhere credit #mentalhealth #SuicideAwareness #crisis #depression #anxiety #PTSD more https://t.co/q0EE2mVCl7""","text:""FREE public domain information on family disaster preparedness at navigate through share translate repost anywhere credit mentalhealth SuicideAwareness crisis depression anxiety PTSD more""}",,,,,,,,,,
"{""_id"":{""$oid"":""5e6bf46ab0d40b1f9dc852fa""}",Tweet_id:1234691222255656960,"created_at:""Tue Mar 03 04:05:01 +0000 2020""","rawtext:""How to Start Online Therapy. Learn more about Online Mindfulness Therapy for Help with #Anxiety and #Depression. See: https://t.co/KYvea8jKUB #onlinetherapy #anxietyhelp #anxietysupport #depressiontreatment""","text:""How to Start Online Therapy. Learn more about Online Mindfulness Therapy for Help with Anxiety and Depression. See: ""}",,,,,,,,,,
"{""_id"":{""$oid"":""5e6bf46ab0d40b1f9dc852fb""}",Tweet_id:1234691228647772160,"created_at:""Tue Mar 03 04:05:03 +0000 2020""","rawtext:""JOB; High Point NC USA - Qualified Professional / QP / IIH - Medical Dental Vision Disability Voluntary B: Medical Dental Vision Disability Voluntary Benefits Employee Assistance Program Telemed and Pharmacy Insurance Health Ad JOBS WORK #PHARMACY https://t.co/RrhVFPpSCI""","text:""JOB; High Point NC USA - Qualified Professional / QP / IIH - Medical Dental Vision Disability Voluntary B: Medical Dental Vision Disability Voluntary Benefits Employee Assistance Program Telemed and Pharmacy Insurance Health Ad JOBS WORK ""}",,,,,,,,,,
"{""_id"":{""$oid"":""5e6bf46ab0d40b1f9dc852f8""}",Tweet_id:1234690835133931526,"created_at:""Tue Mar 03 04:03:29 +0000 2020""","rawtext:""@FultonCoSchools We have FREE public domain information on #family #disaster #preparedness at https://t.co/gk5gsxR1fv navigate through translate share repost anywhere credit #mentalhealth #SuicideAwareness #crisis #depression #anxiety #PTSD more https://t.co/iU3dufP9hx""","text:""We have FREE public domain information on family disaster preparedness at navigate through translate share repost anywhere credit mentalhealth SuicideAwareness crisis depression anxiety PTSD more""}",,,,,,,,,,
"{""_id"":{""$oid"":""5e6bf46ab0d40b1f9dc852fe""}",Tweet_id:1234691431224098816,"created_at:""Tue Mar 03 04:05:51 +0000 2020""","rawtext:""Ways #DigitalHealth Helps Deal With #Anxiety\n\n@msharmas @HCITExpert @Berci\n\n#HIMSS20 #HITsmIND #healthcare #depression #chatbots #PatientCare #PatientEngagement #PatientExperience #Wearables #Mentalhealth #VirtualReality #telehealth #mHealth #innovation\n\nhttps://t.co/xepTiEFpkU""","text:""Ways DigitalHealth Helps Deal With ""}",,,,,,,,,,
"{""_id"":{""$oid"":""5e6bf46ab0d40b1f9dc852fc""}",Tweet_id:1234691246435786753,"created_at:""Tue Mar 03 04:05:07 +0000 2020""","rawtext:""@ChelsieHadden @GovInslee We have FREE public domain information on #family #disaster #preparedness at https://t.co/gk5gsxR1fv navigate through share translate repost anywhere credit #mentalhealth #SuicideAwareness #crisis #depression #anxiety #PTSD more https://t.co/MiBdTr8Cf1""","text:""We have FREE public domain information on family disaster preparedness at navigate through share translate repost anywhere credit mentalhealth SuicideAwareness crisis depression anxiety PTSD more""}",,,,,,,,,,
"{""_id"":{""$oid"":""5e6bf46ab0d40b1f9dc852fd""}",Tweet_id:1234691428711903232,"created_at:""Tue Mar 03 04:05:50 +0000 2020""","rawtext:""The trauma associated w/ #miscarriage  &amp; #ectopicpregancy is an underrecognized cause of #PTSD"," #anxiety disorder &amp; #depression.\n\nI experienced an early miscarriage 8 yrs ago &amp; developed panic attacks soon after. It was all a very isolating experience. https://t.co/r30B68S1th""","text:""The trauma associated w/ miscarriage &amp; ectopicpregancy is an underrecognized because of PTSD"," anxiety disorder &amp; depression. I experienced an early miscarriage 8 yrs ago &amp; developed panic attacks soon after. It was all a very isolating experience.""}",,,,,,,,
"{""_id"":{""$oid"":""5e6bf46ab0d40b1f9dc85300""}",Tweet_id:1234691645540618240,"created_at:""Tue Mar 03 04:06:42 +0000 2020""","rawtext:""Depression is NOT a choice. RT to raise awareness about stigma faced by people #livingwithdepression. Remember that being open about your #depression and talking to your doctor are choices you can actually make. https://t.co/jul0AkAtu8""","text:""Depression is NOT a choice. RT to raise awareness about stigma faced by people livingwithdepression. Remember that being open about your depression and talking to your doctor are choices you can actually make.""}",,,,,,,,,,
"{""_id"":{""$oid"":""5e6bf46ab0d40b1f9dc85301""}",Tweet_id:1234691778663477248,"created_at:""Tue Mar 03 04:07:14 +0000 2020""","rawtext:""#mdpibrainsci #review Positive and Negative #Emotion Regulation in #Adolescence: Links to #Anxiety and #Depression \n#fMRI #psychophysiology #psychological\nread at https://t.co/T5QQaXNuzH @MDPIOpenAccess https://t.co/F9Ya5G9rDb""","text:""mdpibrainsci review Positive and Negative Emotion Regulation in Adolescence: Links to Anxiety and Depression fMRI psychophysiology psychological read at""}",,,,,,,,,,
"{""_id"":{""$oid"":""5e6bf46ab0d40b1f9dc852ff""}",Tweet_id:1234691558211031041,"created_at:""Tue Mar 03 04:06:21 +0000 2020""","rawtext:""My first mentor told me never do for your students what they can do for themselves. I wasn't always true to this #rushing but I always had it in the back I my mind. #journeytoindependence""","text:""My first mentor told me never do for your students what they can do for themselves. I was not always true to this rushing but I always had it in the back I my mind. ""}",,,,,,,,,,
"{""_id"":{""$oid"":""5e6bf46ab0d40b1f9dc85303""}",Tweet_id:1234691986399121415,"created_at:""Tue Mar 03 04:08:03 +0000 2020""","rawtext:""\""Depression is your avatar telling you it's tired of being the character you are trying to play\"" - Jim Carrey\n#depression #DepressionIsReal #beyourself #beyou #infj""","text:""\""Depression is your avatar telling you it is tired of being the character you are trying to play\"" - Jim Carrey ""}",,,,,,,,,,
"{""_id"":{""$oid"":""5e6bf46ab0d40b1f9dc85304""}",Tweet_id:1234692147699503104,"created_at:""Tue Mar 03 04:08:42 +0000 2020""","rawtext:""Share a symptom of your depression with the community.  #SickNotWeak #Depression #MentalHealth #MentalIllness https://t.co/VGxHoQ20s0""","text:""Share a symptom of your depression with the community. ""}",,,,,,,,,,
"{""_id"":{""$oid"":""5e6bf46ab0d40b1f9dc85306""}",Tweet_id:1234692477782839296,"created_at:""Tue Mar 03 04:10:00 +0000 2020""","rawtext:""See a therapist online via Skype for the treatment of #anxiety #depression #anxietytherapy #depressiontreatment #OCD #PTSD #addiction #phobia #agoraphobia through Mindfulness Therapy. Go to:_https://t.co/fY56Keiq5S_ #onl_""","text:""See a therapist online via Skype for the treatment of anxiety depression anxietytherapy depressiontreatment OCD PTSD addiction phobia agoraphobia through Mindfulness Therapy. Go to: ""}",,,,,,,,,,
"{""_id"":{""$oid"":""5e6bf46ab0d40b1f9dc85305""}",Tweet_id:1234692421629489158,"created_at:""Tue Mar 03 04:09:47 +0000 2020""","rawtext:""Sharing the Power of Positive Playlist \nhttps://t.co/oex7fpRfKN\n#musictherapy #music #depression\n#goalsetting # entrepreneurs""","text:""Sharing the Power of Positive Playlist musictherapy music depression goalsetting  entrepreneurs""}",,,,,,,,,,
"{""_id"":{""$oid"":""5e6bf46ab0d40b1f9dc8530a""}",Tweet_id:1234693684077178881,"created_at:""Tue Mar 03 04:14:48 +0000 2020""","rawtext:""I  want to die. I'm going to hurt someone . #depression @Imheret45140132""","text:""I want to die. I am going to hurt someone . ""}",,,,,,,,,,
"{""_id"":{""$oid"":""5e6bf46ab0d40b1f9dc8530b""}",Tweet_id:1234694428939497473,"created_at:""Tue Mar 03 04:17:46 +0000 2020""","rawtext:""@Iamdepr47974144 Have you talked to anyone about how you feel? #mentalhealth #depression""","text:""Have you talked to anyone about how you feel? ""}",,,,,,,,,,
"{""_id"":{""$oid"":""5e6bf46ab0d40b1f9dc8530d""}",Tweet_id:1234694995694825472,"created_at:""Tue Mar 03 04:20:01 +0000 2020""","rawtext:""Skype Therapy using mindfulness for overcoming #Anxiety and #Depression and #Addiction without drugs. Go to:_https://t.co/JSi5A3iLYf""","text:""Skype Therapy using mindfulness for overcoming Anxiety and Depression and Addiction without drugs. Go to:""}",,,,,,,,,,
"{""_id"":{""$oid"":""5e6bf46ab0d40b1f9dc8530e""}",Tweet_id:1234695264495005696,"created_at:""Tue Mar 03 04:21:05 +0000 2020""","rawtext:""#BreakingSHYNews with Hugh Jarse\n\nToday`s interest rate cuts by the #RBA mean banks get their money cheaper &amp; do nothing to stimulate the economy\n\n\""We`re thrilled to make a motza from the Australian Central Bank\"" #BankAss #spokesdroog Klep Toecrat told #SHY https://t.co/Rb85VCo6I0""","text:""BreakingSHYNews with Hugh Jarse Today`s interest rate cuts by the RBA mean banks get their money cheaper &amp; do nothing to stimulate the economy \""We`re thrilled to make a motza from the Australian Central Bank\"" BankAss spokesdroog Klep Toecrat told ""}",,,,,,,,,,
"{""_id"":{""$oid"":""5e6bf46ab0d40b1f9dc8530f""}",Tweet_id:1234695337480245249,"created_at:""Tue Mar 03 04:21:22 +0000 2020""","rawtext:""Sometimes it's hard just for through the day. It's heavy"," confuse and we don't even know why... But what's our option? Give up? Never! \n\n#keepfighting #depression #anxiety #thoughtimes https://t.co/ZGDyRFaVTw""","text:""Sometimes it is hard just for through the day. it is heavy"," confuse and we do not even know why.. But what is our option? Give up? Never! ""}",,,,,,,,
"{""_id"":{""$oid"":""5e6bf46ab0d40b1f9dc85311""}",Tweet_id:1234696021835255808,"created_at:""Tue Mar 03 04:24:05 +0000 2020""","rawtext:""Looking forward to the interaction on 5th March from 3-4pm in Mental health Hour @sheroes @fortis_hospital to answer your queries on Anxiety &amp; Depression.\n\n#Mentalhealth\n#anxiety #depression \n#TuesdayMotivation https://t.co/Tn1Vx1bBiD""","text:""Looking forward to the interaction on 5th March from 3-4pm in Mental health Hour to answer your queries on Anxiety &amp; Depression. ""}",,,,,,,,,,
"{""_id"":{""$oid"":""5e6bf46ab0d40b1f9dc85310""}",Tweet_id:1234695951597604864,"created_at:""Tue Mar 03 04:23:49 +0000 2020""","rawtext:""#depression #savealife  *DEPRESSION** IS REAL.__ SUICIDAL THOUGHTS ARE REAL__. People smile to mask their pain. Some drink to to swallow their pain. Help save a life. Stop judging people because they are depressed. Listen if you can. Hug them. Tell them it's gonna be ok. Rt_ https://t.co/Pst9fTmKCY""","text:""depression savealife *DEPRESSION** IS REAL. SUICIDAL THOUGHTS ARE REAL. People smile to mask their pain. Some drink to to swallow their pain. Help save a life. Stop judging people because they are depressed. Listen if you can. Hug them. Tell them it is going to be ok. Rt""}",,,,,,,,,,
"{""_id"":{""$oid"":""5e6bf46ab0d40b1f9dc85313""}",Tweet_id:1234696255017713665,"created_at:""Tue Mar 03 04:25:01 +0000 2020""","rawtext:""Online #Mindfulness Therapy over Skype for the treatment of #OCD and obsessive intrusive thoughts and traumatic memories. See:_https://t.co/e4DyZMT248_#OCDrecovery #OCDawareness #anxiety #depression #therapy""","text:""Online Mindfulness Therapy over Skype for the treatment of OCD and obsessive intrusive thoughts and traumatic memories. See: ""}",,,,,,,,,,
"{""_id"":{""$oid"":""5e6bf46ab0d40b1f9dc85314""}",Tweet_id:1234696309455626246,"created_at:""Tue Mar 03 04:25:14 +0000 2020""","rawtext:""#vtot  #vcsindonesia  #chennai  bokepindo  #gayfitness  #instashot  #shy  domination  #taiwan  #girlsfucking  shy  https://t.co/cvME3dg5tc?""","text:""vtot vcsindonesia chennai bokepindo gayfitness instashot shy domination taiwan girlsfucking shy""}",,,,,,,,,,
"{""_id"":{""$oid"":""5e6bf46ab0d40b1f9dc85315""}",Tweet_id:1234696311926087682,"created_at:""Tue Mar 03 04:25:14 +0000 2020""","rawtext:""10 Ways to Fight #Depression Besides Medication https://t.co/c5Xe4hpOuZ""","text:""10 Ways to Fight Depression Besides Medication""}",,,,,,,,,,
"{""_id"":{""$oid"":""5e6bf46ab0d40b1f9dc85316""}",Tweet_id:1234696585877114881,"created_at:""Tue Mar 03 04:26:20 +0000 2020""","rawtext:""Sharing our stories helps #EndTheStigma! https://t.co/XMyYSdyPzk Interviews of #men who've dealt with #depression and/or other mental illnesses. Compelling"," real stories of hope &amp; inspiration. Don't miss an episode! Subscribe/Follow NOW. Please Retweet. #SickNotWeak #StopSuicide https://t.co/ipTPqXT7iJ""","text:""Sharing our stories helps EndTheStigma! Interviews of men who have dealt with depression and/or other mental illnesses. Compelling"," real stories of hope &amp; inspiration. do not miss an episode! Subscribe/Follow NOW. Please Retweet. ""}",,,,,,,,
"{""_id"":{""$oid"":""5e6bf46ab0d40b1f9dc85317""}",Tweet_id:1234696676406784000,"created_at:""Tue Mar 03 04:26:41 +0000 2020""","rawtext:""#Pharmacy store chain @Walgreens has started informing some users of its #mobile application that their personal and #health-related information may have been seen by other customers. #databreach #cyberattack @dynamicciso https://t.co/fe2ExGszlY""","text:""Pharmacy store chain has started informing some users of its mobile application that their personal and health-related information may have been seen by other customers. ""}",,,,,,,,,,
"{""_id"":{""$oid"":""5e6bf46ab0d40b1f9dc85318""}",Tweet_id:1234696940341858304,"created_at:""Tue Mar 03 04:27:44 +0000 2020""","rawtext:""I love when no one talks to me #airpods #socialanxiety https://t.co/LqD4xG8y5r""","text:""I love when no one talks to me ""}",,,,,,,,,,
"{""_id"":{""$oid"":""5e6bf46ab0d40b1f9dc8531b""}",Tweet_id:1234697538852335618,"created_at:""Tue Mar 03 04:30:07 +0000 2020""","rawtext:""The Mando Method Podcast: Episode 182 - Depression https://t.co/rHtGiKPyQI  @ProjectEntNet\n\n@TheMandoMethod co-hosts @ArmandAuthor &amp; @cebuda get about as serious as they__l ever get with a frank discussion about #depression and mental health https://t.co/9f856lkSdx""","text:""The Mando Method Podcast: Episode 182 - Depression co-hosts &amp; get about as serious as they will ever get with a frank discussion about depression and mental health""}",,,,,,,,,,
"{""_id"":{""$oid"":""5e6bf46ab0d40b1f9dc8531a""}",Tweet_id:1234697526294589442,"created_at:""Tue Mar 03 04:30:04 +0000 2020""","rawtext:""I found this article very interesting and #relatable: Brain scan study links #socialanxiety to an empathy 'imbalance' https://t.co/mKXeD9JmmX by Ali Pattillo via @inversedotcom https://t.co/25Eo2BAdLg""","text:""I found this article very interesting and relatable: Brain scan study links socialanxiety to an empathy 'imbalance' by Ali Pattillo via""}",,,,,,,,,,
"{""_id"":{""$oid"":""5e6bf46ab0d40b1f9dc8531e""}",Tweet_id:1234698076876570626,"created_at:""Tue Mar 03 04:32:15 +0000 2020""","rawtext:""Online #Mindfulness Therapy via Skype for the treatment of #OCD obsessive intrusive thoughts and traumatic memory images. Contact me to learn more:_https://t.co/e4DyZMT248_ #OCDrecovery #OCDawareness #anxiety #depression #therapy""","text:""Online Mindfulness Therapy via Skype for the treatment of OCD obsessive intrusive thoughts and traumatic memory images. Contact me to learn more: ""}",,,,,,,,,,
"{""_id"":{""$oid"":""5e6bf46ab0d40b1f9dc8531d""}",Tweet_id:1234698062712406016,"created_at:""Tue Mar 03 04:32:12 +0000 2020""","rawtext:""Symptoms of #depression and #anxiety can be overwhelming. If you need to talk today"," remember that @ConnexOntario has a toll-free 24-hour mental health support line: 1-866-531-2600. #mleoa #mentalhealth https://t.co/BdYeMusRBw""","text:""Symptoms of depression and anxiety can be overwhelming. If you need to talk today"," remember that has a toll-free 24-hour mental health support line: 1-866-531-2600. ""}",,,,,,,,
"{""_id"":{""$oid"":""5e6bf46ab0d40b1f9dc85320""}",Tweet_id:1234698771138777093,"created_at:""Tue Mar 03 04:35:01 +0000 2020""","rawtext:""Find a Skype Therapist - Online Therapy via Skype https://t.co/sUaeit7FcT #onlinetherapy #anxiety #depression""","text:""Find a Skype Therapist - Online Therapy via Skype ""}",,,,,,,,,,
"{""_id"":{""$oid"":""5e6bf46ab0d40b1f9dc85323""}",Tweet_id:1234699119970545664,"created_at:""Tue Mar 03 04:36:24 +0000 2020""","rawtext:""Just ate a pipe bowl full of excellent pot. Not edibles"," hard core. Let you tomorrow know if I get to sleep. #depression""","text:""Just ate a pipe bowl full of excellent pot. Not edibles"," hard core. Let you tomorrow know if I get to sleep. ""}",,,,,,,,
"{""_id"":{""$oid"":""5e6bf46ab0d40b1f9dc85324""}",Tweet_id:1234699325902598146,"created_at:""Tue Mar 03 04:37:13 +0000 2020""","rawtext:""Depression #Symptoms and Warning Signs: Recognizing #Depression and Getting the Help You Need https://t.co/8ipY49Hg0B""","text:""Depression Symptoms and Warning Signs: Recognizing Depression and Getting the Help You Need""}",,,,,,,,,,
"{""_id"":{""$oid"":""5e6bf46ab0d40b1f9dc85326""}",Tweet_id:1234699581935542272,"created_at:""Tue Mar 03 04:38:14 +0000 2020""","rawtext:""Once you tell people how #livingwithdepression feels"," chances are they will listen and support you. Visit our website for more information about #depression and how to talk about it. https://t.co/E7TuN9rrrZ""","text:""Once you tell people how livingwithdepression feels"," chances are they will listen and support you. Visit our website for more information about depression and how to talk about it.""}",,,,,,,,
"{""_id"":{""$oid"":""5e6bf46ab0d40b1f9dc85327""}",Tweet_id:1234699910034968577,"created_at:""Tue Mar 03 04:39:32 +0000 2020""","rawtext:""May you all be as cozy and warm as #IversonMay this evening. Sleep well"," my fellow #mentalhealth advocates. And may you all shine bright tomorrow. #bipolar #BPD #depression #anxiety https://t.co/FlTrJdIuc4""","text:""May you all be as cozy and warm as IversonMay this evening. Sleep well"," my fellow mentalhealth advocates. And may you all shine bright tomorrow. ""}",,,,,,,,
"{""_id"":{""$oid"":""5e6bf46ab0d40b1f9dc85328""}",Tweet_id:1234700031036444672,"created_at:""Tue Mar 03 04:40:01 +0000 2020""","rawtext:""Counseling via Skype - Online Mindfulness Psychotherapy for the treatment of #anxiety and #depression. See: https://t.co/5YoEAYV2qr""","text:""Counseling via Skype - Online Mindfulness Psychotherapy for the treatment of anxiety and depression. See:""}",,,,,,,,,,
"{""_id"":{""$oid"":""5e6bf46ab0d40b1f9dc8532a""}",Tweet_id:1234700393944408064,"created_at:""Tue Mar 03 04:41:28 +0000 2020""","rawtext:""A new episode of https://t.co/XMyYSdyPzk every other Sunday! Real #men sharing real stories of #depression and other mental illnesses https://t.co/muX13crtx1 Don't miss a single episode. Follow/Subscribe NOW! Please Retweet this and my Pinned Tweet (below).""","text:""A new episode of every other Sunday! Real men sharing real stories of depression and other mental illnesses do not miss a single episode. Follow/Subscribe NOW! Please Retweet this and my Pinned Tweet (below).""}",,,,,,,,,,
"{""_id"":{""$oid"":""5e6bf46ab0d40b1f9dc8532c""}",Tweet_id:1234700776297181185,"created_at:""Tue Mar 03 04:42:59 +0000 2020""","rawtext:""Love this! #Depression #SickNotWeak""","text:""Love this! ""}",,,,,,,,,,
"{""_id"":{""$oid"":""5e6bf46ab0d40b1f9dc85329""}",Tweet_id:1234700197432877058,"created_at:""Tue Mar 03 04:40:41 +0000 2020""","rawtext:""Check out my blog https://t.co/gx0UecK4K9 w/over 40 posts on #depression", #MentalIllness, #SuicideAwareness &amp; my #podcast," #TheDepressionFiles in which I interview #men who have struggled with depression https://t.co/XMyYSdyPzk Please Retweet! Together we can help #EndTheStigma""","text:""Check out my blog w/over 40 posts on depression", MentalIllness, SuicideAwareness &amp; my podcast," TheDepressionFiles in which I interview men who have struggled with depression Please Retweet! Together we can help ""}",,,,
"{""_id"":{""$oid"":""5e6bf46ab0d40b1f9dc8532d""}",Tweet_id:1234701064856723456,"created_at:""Tue Mar 03 04:44:08 +0000 2020""","rawtext:""Master This: sending out positive energy to the Universe. ______  #mindmastery #anxiety #depression #consciousness #mentalhealth #selfcare #selfhelp #meditate #meditation #mindmaster #vegan #buddhist #spirituality #truth #cancer #addiction #weightloss #stress #healthcare https://t.co/QGvDeaRxb4""","text:""Master This: sending out positive energy to the Universe. ""}",,,,,,,,,,
"{""_id"":{""$oid"":""5e6bf46ab0d40b1f9dc8532f""}",Tweet_id:1234701647051460608,"created_at:""Tue Mar 03 04:46:26 +0000 2020""","rawtext:""Please Retweet--My wife held our family together for 4-6 months of MY major #depression Spouses Need Support"," Too! https://t.co/dUyteUNSP9 Blogging to help #EndTheStigma! https://t.co/12fbN6BJR6""","text:""Please Retweet--My wife held our family together for 4-6 months of MY major depression Spouses Need Support"," Too! Blogging to help ""}",,,,,,,,
"{""_id"":{""$oid"":""5e6bf46ab0d40b1f9dc85332""}",Tweet_id:1234701874810544128,"created_at:""Tue Mar 03 04:47:21 +0000 2020""","rawtext:""Please help spread the word about https://t.co/XMyYSdyPzk Interviews of #men who have struggled with #depression. Sharing stories helps #EndTheStigma and to #StopSuicide. Don't miss an episode! Follow/Subscribe NOW! Please Retweet! #KeepTalkingMH #SickNotWeak #OKtoNOTbeOK""","text:""Please help spread the word about Interviews of men who have struggled with depression. Sharing stories helps EndTheStigma and to StopSuicide. do not miss an episode! Follow/Subscribe NOW! Please Retweet! ""}",,,,,,,,,,
"{""_id"":{""$oid"":""5e6bf46ab0d40b1f9dc85334""}",Tweet_id:1234702334141308928,"created_at:""Tue Mar 03 04:49:10 +0000 2020""","rawtext:""Sometimes our prayers may look and sound like this. It__ ok...pray anyway.\nGod hears. \nGod loves you. \nGod is listening.\n\n#pray \n#anxiety\n#fear\n#depression\n#loneliness\n#hope\n#freedom\n#overcome\n#victory\n#jesuslovesyou https://t.co/2oYLpBVK3J""","text:""Sometimes our prayers may look and sound like this. it is ok..pray anyway. God hears. God loves you. God is listening. ""}",,,,,,,,,,
"{""_id"":{""$oid"":""5e6bf46ab0d40b1f9dc85335""}",Tweet_id:1234702460159221760,"created_at:""Tue Mar 03 04:49:40 +0000 2020""","rawtext:""#Sweet #shy BRADLEY needs a loving home!  Please #adopt or #rescue !  #Marietta #Georgia #cats \n#adoptacat #adoptablackcat https://t.co/GZk8nYwa4F""","text:""Sweet shy BRADLEY needs a loving home! Please adopt or rescue ! ""}",,,,,,,,,,
"{""_id"":{""$oid"":""5e6bf46ab0d40b1f9dc85337""}",Tweet_id:1234702952104779777,"created_at:""Tue Mar 03 04:51:38 +0000 2020""","rawtext:""I remember these symptoms all too well"," and I'll just put it out there the sex part was definitely one of them.\n#MHCrisisAngels #MHBlogRT #depression @TheMightySite\n#KeepTalkingMH #mentalhealth \n\nhttps://t.co/709e9zJ4ml""","text:""I remember these symptoms all too well"," and I will just put it out there the sex part was definitely one of them. ""}",,,,,,,,
"{""_id"":{""$oid"":""5e6bf46bb0d40b1f9dc8533a""}",Tweet_id:1234703378736807936,"created_at:""Tue Mar 03 04:53:19 +0000 2020""","rawtext:""anyone else feeling really... off? like there's an empty feeling in your chest and you kinda want to die but also want to get better?? something's just not right i know it\n#FeelingMyself \n#writers \n#depression https://t.co/XZFrUCmcod""","text:""anyone else feeling really.. off? like there is an empty feeling in your chest and you kinda want to die but also want to get better?? something's just not right i know it ""}",,,,,,,,,,
"{""_id"":{""$oid"":""5e6bf46bb0d40b1f9dc8533b""}",Tweet_id:1234703412442411008,"created_at:""Tue Mar 03 04:53:27 +0000 2020""","rawtext:""I can already tell that tomorrow is going to be such a horrible day"," it hasn't even began and I already want it to end #depression #anxiety https://t.co/Im08NEiCqx""","text:""I can already tell that tomorrow is going to be such a horrible day"," it has not even began and I already want it to end ""}",,,,,,,,
"{""_id"":{""$oid"":""5e6bf46bb0d40b1f9dc8533e""}",Tweet_id:1234703753879707652,"created_at:""Tue Mar 03 04:54:49 +0000 2020""","rawtext:""#PalliativeCare could improve older person's quality of life https://t.co/ga9sDCTBRe by @mindingourelder \n\n#hpm #depression #aging https://t.co/nxKoBFtHHv""","text:""PalliativeCare could improve older person's quality of life by ""}",,,,,,,,,,
"{""_id"":{""$oid"":""5e6bf46bb0d40b1f9dc85341""}",Tweet_id:1234705169029455872,"created_at:""Tue Mar 03 05:00:26 +0000 2020""","rawtext:""FREE public domain information at https://t.co/gk5gsxR1fv navigate through share translate repost anywhere credit #family #disaster #preparedness #preppers information #SHTF #CoronavirusOutbreak more #mentalhealth #SuicideAwareness #crisis #depression #anxiety #PTSD more https://t.co/BYidWZOIIH""","text:""FREE public domain information at navigate through share translate repost anywhere credit family disaster preparedness preppers information SHTF CoronavirusOutbreak more mentalhealth SuicideAwareness crisis depression anxiety PTSD more""}",,,,,,,,,,
"{""_id"":{""$oid"":""5e6bf46bb0d40b1f9dc85342""}",Tweet_id:1234705314890571777,"created_at:""Tue Mar 03 05:01:01 +0000 2020""","rawtext:""Mind - Body - Gut - Brain \nConnections.\nWe cannot separate the valuable neurology of our integrated lives and complex selves. #Psychology #Food #Nutrition #MentalHealth #Depression""","text:""Mind - Body - Gut - Brain Connections. We cannot separate the valuable neurology of our integrated lives and complex selves. ""}",,,,,,,,,,
"{""_id"":{""$oid"":""5e6bf46bb0d40b1f9dc85344""}",Tweet_id:1234705726817230849,"created_at:""Tue Mar 03 05:02:39 +0000 2020""","rawtext:""Women's Empowerment\n\nA week dedicated to all Independent Women all across the globe.\n\n#womenday #EachforEqual #betterlyf #counseling #therapy #depression #anxiety https://t.co/xVpt1wFrdc""","text:""Women's Empowerment A week dedicated to all Independent Women all across the globe. ""}",,,,,,,,,,
"{""_id"":{""$oid"":""5e6bf46bb0d40b1f9dc85348""}",Tweet_id:1234705938726215680,"created_at:""Tue Mar 03 05:03:30 +0000 2020""","rawtext:""#depression #savealife  *DEPRESSION** IS REAL.__ SUICIDAL THOUGHTS ARE REAL__. People smile to mask their pain. Some drink to to swallow their pain. Help save a life. Stop judging people because they are depressed. Listen if you can. Hug them. Tell them it's gonna be ok.""","text:""depression savealife *DEPRESSION** IS REAL. SUICIDAL THOUGHTS ARE REAL. People smile to mask their pain. Some drink to to swallow their pain. Help save a life. Stop judging people because they are depressed. Listen if you can. Hug them. Tell them it is going to be ok.""}",,,,,,,,,,
"{""_id"":{""$oid"":""5e6bf46bb0d40b1f9dc8534a""}",Tweet_id:1234706076064505862,"created_at:""Tue Mar 03 05:04:02 +0000 2020""","rawtext:""#Myth or #Fact: MindIT only provides referrals for people experiencing depression. Let us know what you think! #MindIT #mentalhealth #depression #suicide #help #Ghana""","text:""Myth or Fact: MindIT only provides referrals for people experiencing depression. Let us know what you think! ""}",,,,,,,,,,
"{""_id"":{""$oid"":""5e6bf46bb0d40b1f9dc8534c""}",Tweet_id:1234706342977441797,"created_at:""Tue Mar 03 05:05:06 +0000 2020""","rawtext:""JOB; Queens NY USA - Pharmacist in Charge - Established Specialty Pharmacy Corporation Looking for a tale: Established Specialty Pharmacy Corporation Looking for a talented skillful loyal and trustworthy Pharmacist in Charge to JOBS WORK #PHARMACY https://t.co/yQ4ZamYfRS""","text:""JOB; Queens NY USA - Pharmacist in Charge - Established Specialty Pharmacy Corporation Looking for a tale: Established Specialty Pharmacy Corporation Looking for a talented skillful loyal and trustworthy Pharmacist in Charge to JOBS WORK ""}",,,,,,,,,,
"{""_id"":{""$oid"":""5e6bf46bb0d40b1f9dc85349""}",Tweet_id:1234706069286506496,"created_at:""Tue Mar 03 05:04:01 +0000 2020""","rawtext:""I feel like I should eat something"," but I really don't want to. #anorexia #depression #NotFeelingWell #IReallyHateThis""","text:""I feel like I should eat something"," but I really do not want to. ""}",,,,,,,,
"{""_id"":{""$oid"":""5e6bf46bb0d40b1f9dc85351""}",Tweet_id:1234707055371411456,"created_at:""Tue Mar 03 05:07:56 +0000 2020""","rawtext:""#Shy #Photographer? \nRead this:\nhttps://t.co/TowsiZn0Gc\n\n#shyphotographer #photography #portraitphotography #photobook #photoguide #photographybook #introvert""","text:""Shy Photographer? Read this: ""}",,,,,,,,,,
"{""_id"":{""$oid"":""5e6bf46bb0d40b1f9dc85354""}",Tweet_id:1234707577763749888,"created_at:""Tue Mar 03 05:10:00 +0000 2020""","rawtext:""Online Mindfulness Therapy via Skype for the treatment of #OCD and obsessive intrusive thoughts and traumatic memories. See:_https://t.co/e4DyZMT248_#OCDrecovery #OCDawareness #anxiety #depression #therapy""","text:""Online Mindfulness Therapy via Skype for the treatment of OCD and obsessive intrusive thoughts and traumatic memories. See: ""}",,,,,,,,,,
"{""_id"":{""$oid"":""5e6bf46bb0d40b1f9dc85352""}",Tweet_id:1234707085574541312,"created_at:""Tue Mar 03 05:08:03 +0000 2020""","rawtext:""How to overcome being a #shy #photographer. #NewBook"," #FreshIdeas \n#shyphotographer #photography #portraitphotography #photobook #photoguide #introvert https://t.co/FBbOqVGm9K""","text:""How to overcome being a ""}",,,,,,,,,
"{""_id"":{""$oid"":""5e6bf46bb0d40b1f9dc85358""}",Tweet_id:1234708392867962881,"created_at:""Tue Mar 03 05:13:15 +0000 2020""","rawtext:""@gobymanynames @Haddassah_26 Yeah with.#depression""","text:""Yeah with.depression""}",,,,,,,,,,
"{""_id"":{""$oid"":""5e6bf46bb0d40b1f9dc85359""}",Tweet_id:1234708565308272641,"created_at:""Tue Mar 03 05:13:56 +0000 2020""","rawtext:""Leading PCD Pharma Franchise Company In Jaipur\n#frenchisemarketing #thirdpartymanufacturers #pharmacy #pharmaceuticalworld #medicines #pharmacists \nhttps://t.co/v5DSqGPD4J https://t.co/tGyL9JemUj""","text:""Leading PCD Pharma Franchise Company In Jaipur ""}",,,,,,,,,,
"{""_id"":{""$oid"":""5e6bf46bb0d40b1f9dc8535a""}",Tweet_id:1234708593552842752,"created_at:""Tue Mar 03 05:14:03 +0000 2020""","rawtext:""Finding ways to cope with #depression. #MentalHealth\nhttps://t.co/i5EZ845ONr https://t.co/F4ZMZUvyeH""","text:""Finding ways to cope with ""}",,,,,,,,,,
"{""_id"":{""$oid"":""5e6bf46bb0d40b1f9dc8535c""}",Tweet_id:1234708645545299968,"created_at:""Tue Mar 03 05:14:15 +0000 2020""","rawtext:""When was the last time you asked a mentally distressed person if they were thinking of suicide? @YouTube @ytcreators @YouTubeTV\n\nFull episode available at https://t.co/qdt07C6jIf\n\n#Mentalhealth #MentalHealthAwareness #MentalHealthMatters #preventsuicide #EndTheStigma #depression https://t.co/f9Mh6fq6eP""","text:""When was the last time you asked a mentally distressed person if they were thinking of suicide? Full episode available at ""}",,,,,,,,,,
"{""_id"":{""$oid"":""5e6bf46bb0d40b1f9dc85362""}",Tweet_id:1234709498838896641,"created_at:""Tue Mar 03 05:17:38 +0000 2020""","rawtext:""@Iamdepr47974144 How can I best support you right now? #mentalhealth #depression""","text:""How can I best support you right now? ""}",,,,,,,,,,
"{""_id"":{""$oid"":""5e6bf46bb0d40b1f9dc85363""}",Tweet_id:1234709592929554432,"created_at:""Tue Mar 03 05:18:01 +0000 2020""","rawtext:"".@mimansasingh of @fortis_hospital is hosting a live chat session around #depression #anxiety on SHEROES app. \n\nExpress yourself in a safe space on 5th March"," 3 pm!""","text:"". of is hosting a live chat session around depression anxiety on SHEROES app. Express yourself in a safe space on 5th March"," 3 pm!""}",,,,,,,,
"{""_id"":{""$oid"":""5e6bf46bb0d40b1f9dc85364""}",Tweet_id:1234709941035962368,"created_at:""Tue Mar 03 05:19:24 +0000 2020""","rawtext:""@mwania_josphat Meet these people. Talk. Cook. Eat. Play. Just add #depression in the comment . Create a solution and a safe space. If not create a distraction. Let them feel wanted and valued. Show some love. Am willing to create a way to help such""","text:""Meet these people. Talk. Cook. Eat. Play. Just add depression in the comment . Create a solution and a safe space. If not create a distraction. Let them feel wanted and valued. Show some love. Am willing to create a way to help such""}",,,,,,,,,,
"{""_id"":{""$oid"":""5e6bf46bb0d40b1f9dc85368""}",Tweet_id:1234710541031149570,"created_at:""Tue Mar 03 05:21:47 +0000 2020""","rawtext:""@gobymanynames @Haddassah_26 #depression I understand you. Am a dm away.""","text:""depression I understand you. Am a dm away.""}",,,,,,,,,,
"{""_id"":{""$oid"":""5e6bf46bb0d40b1f9dc85366""}",Tweet_id:1234710164302966785,"created_at:""Tue Mar 03 05:20:17 +0000 2020""","rawtext:""Levels of #Pharmacy HELL. https://t.co/GqGwk2Esij""","text:""Levels of Pharmacy HELL.""}",,,,,,,,,,
"{""_id"":{""$oid"":""5e6bf46bb0d40b1f9dc85369""}",Tweet_id:1234710710158077952,"created_at:""Tue Mar 03 05:22:27 +0000 2020""","rawtext:""@MarketWatch We have FREE public domain information on #family #disaster #preparedness #preppers #SHTF at https://t.co/RcojSyGkkG navigate through share translate repost anywhere credit #mentalhealth #SuicideAwareness #crisis #depression #anxiety #PTSD more https://t.co/u7fGS4kbjZ""","text:""We have FREE public domain information on family disaster preparedness preppers SHTF at navigate through share translate repost anywhere credit mentalhealth SuicideAwareness crisis depression anxiety PTSD more""}",,,,,,,,,,
"{""_id"":{""$oid"":""5e6bf46bb0d40b1f9dc8536a""}",Tweet_id:1234710901145554946,"created_at:""Tue Mar 03 05:23:13 +0000 2020""","rawtext:""@gobymanynames @Haddassah_26 #depression  I was saved last Wednesday.  I need to save you.  How do I do that""","text:""depression I was saved last Wednesday. I need to save you. How do I do that""}",,,,,,,,,,
"{""_id"":{""$oid"":""5e6bf46bb0d40b1f9dc8536b""}",Tweet_id:1234829557829488643,"created_at:""Tue Mar 03 13:14:43 +0000 2020""","rawtext:""Computerised Memory Specificity Training (c-MeST) for Major #Depression: A Randomised Controlled Trial\n\nPrePrint: https://t.co/PNCsW94sWh https://t.co/PkZt1MGngA""","text:""Computerised Memory Specificity Training (c-MeST) for Major Depression: A Randomised Controlled Trial PrePrint:""}",,,,,,,,,,
"{""_id"":{""$oid"":""5e6bf46bb0d40b1f9dc8536d""}",Tweet_id:1234829728286232581,"created_at:""Tue Mar 03 13:15:23 +0000 2020""","rawtext:""The latest CONSCIOUSBEATS! https://t.co/wzFZnjeNpz Thanks to @LJaneSays #mixtape #depression""","text:""The latest CONSCIOUSBEATS! Thanks to ""}",,,,,,,,,,
"{""_id"":{""$oid"":""5e6bf46bb0d40b1f9dc8536c""}",Tweet_id:1234829627606077440,"created_at:""Tue Mar 03 13:14:59 +0000 2020""","rawtext:""Need Funding for Business Equipment?\nUp to $250k for essential business equipment\n600 min credit score \n2 years in business\n\nhttps://t.co/4tRlMiubMG\n\n#needfunding #business #farm #construction #medical #restaurant #autorepair #landscaping #manufacture #pharmacy #retail #vet https://t.co/wblGODGE4o""","text:""Need Funding for Business Equipment? Up to $250k for essential business equipment 600 min credit score 2 years in business ""}",,,,,,,,,,
"{""_id"":{""$oid"":""5e6bf46bb0d40b1f9dc85370""}",Tweet_id:1234830269628256258,"created_at:""Tue Mar 03 13:17:32 +0000 2020""","rawtext:""The health of a society can be judged how we treat our #elderly - remember", if one doesn't die prematurely, we all get old! \n\nLoneliness, whatever age," can be a pre-cursor to #mentalhealh difficulties incl #depression\n\n#MentalHealthAwareness \n#MentalHealthMatters \n\n#Joytrain https://t.co/HK981droKr""","text:""The health of a society can be judged how we treat our elderly - remember", if one does not die prematurely, we all get old! Loneliness, whatever age," can be a pre-cursor to mentalhealh difficulties incl ""}",,
"{""_id"":{""$oid"":""5e6bf46bb0d40b1f9dc8536f""}",Tweet_id:1234829970486255616,"created_at:""Tue Mar 03 13:16:21 +0000 2020""","rawtext:""Having a good day... #Depression""","text:""Having a good day.. ""}",,,,,,,,,,
"{""_id"":{""$oid"":""5e6bf46bb0d40b1f9dc85372""}",Tweet_id:1234830295431467010,"created_at:""Tue Mar 03 13:17:39 +0000 2020""","rawtext:""Join the Meijer team! See our latest job opening here: https://t.co/EEshbUraB4 #pharmacy #Avon"," OH""","text:""Join the Meijer team! See our latest job opening here: pharmacy Avon"," OH""}",,,,,,,,
"{""_id"":{""$oid"":""5e6bf46bb0d40b1f9dc85371""}",Tweet_id:1234830293875527680,"created_at:""Tue Mar 03 13:17:38 +0000 2020""","rawtext:""MEDTRIPO", HEALTH TOURISM BRAND NAME OF BIZ TRAVEL DMC PVT. LTD," CONNECTS \n\n#medicaltourism #medicine #medlife #doctors #pharmacy #medical_student #clinical #healthylifestyle #healthyliving #healthylife #healthandwellness #healthtalk #healthybody #ilovenaturalmedicine https://t.co/RIwbKB8TFf""","text:""MEDTRIPO", HEALTH TOURISM BRAND NAME OF BIZ TRAVEL DMC PVT. LTD," CONNECTS ""}",,,,,,
"{""_id"":{""$oid"":""5e6bf46bb0d40b1f9dc85373""}",Tweet_id:1235762736853852163,"created_at:""Fri Mar 06 03:02:50 +0000 2020""","rawtext:""@Pink you are my absolute favorite"," your music helps me so much when dealing with #depression #postpartumdepression. #empoweringwomen \nhttps://t.co/oxOPpQXBKk""","text:""you are my absolute favorite"," your music helps me so much when dealing with ""}",,,,,,,,
"{""_id"":{""$oid"":""5e6bf46bb0d40b1f9dc85374""}",Tweet_id:1235763273011810309,"created_at:""Fri Mar 06 03:04:58 +0000 2020""","rawtext:""This is what anxiety &amp; depression can look like. Looks can be deceiving. #CarriageOfMentalHealth #HealthIsTheRealWealth #MentalHealth #MentalHealthAwareness #depression #Anxiety #clinical #defstar5 #makeyourownlane #ThinkBigSundayWithMarsha https://t.co/rTbVhTLX5B""","text:""This is what anxiety &amp; depression can look like. Looks can be deceiving. ""}",,,,,,,,,,
"{""_id"":{""$oid"":""5e6bf46bb0d40b1f9dc85375""}",Tweet_id:1235763285221412866,"created_at:""Fri Mar 06 03:05:01 +0000 2020""","rawtext:""See an online psychotherapist via Skype for help with #addiction. See: https://t.co/h7qskPvxeX_#addictionrecovery #AddictionTreatment #AddictionHelp #alcoholism #depression""","text:""See an online psychotherapist via Skype for help with addiction. See: ""}",,,,,,,,,,
"{""_id"":{""$oid"":""5e6bf46bb0d40b1f9dc85377""}",Tweet_id:1235763302342504448,"created_at:""Fri Mar 06 03:05:05 +0000 2020""","rawtext:""Instead of killing yourself"," give everything over fighting for what's right. Give it all to God &amp; walk with #God. Yell out in the road for what is right &amp; what isn't. Be selfless spending your time to give the goodness you want to see in the world to others. #Depression #PTSD""","text:""Instead of killing yourself"," give everything over fighting for what is right. Give it all to God &amp; walk with God. Yell out in the road for what is right &amp; what is not. Be selfless spending your time to give the goodness you want to see in the world to others. ""}",,,,,,,,
"{""_id"":{""$oid"":""5e6bf46bb0d40b1f9dc85378""}",Tweet_id:1235763401810309120,"created_at:""Fri Mar 06 03:05:29 +0000 2020""","rawtext:""When April Showers Of #Depression Lead To New Life And New Projects https://t.co/mnd8kbN5Fn #anxiety #brainfog""","text:""When April Showers Of Depression Lead To New Life And New Projects ""}",,,,,,,,,,
"{""_id"":{""$oid"":""5e6bf46bb0d40b1f9dc85379""}",Tweet_id:1235763411398647809,"created_at:""Fri Mar 06 03:05:31 +0000 2020""","rawtext:""#depression #mentalhealth \nDepression is the_main cause of disability_worldwide", according to the World Health Organization (WHO). It can affect adults, adolescents, and children.\n______\nMore than 800000 people die of suicide annually. ____like," rt. Am here if you wanna talk__ https://t.co/WIQIcwpg7T""","text:""depression mentalhealth Depression is the main because of disability worldwide", according to the World Health Organization (WHO). It can affect adults, adolescents, and children. More than 800 people die of suicide annually. like," rt. Am here if you want to talk""}",,
"{""_id"":{""$oid"":""5e6bf46bb0d40b1f9dc8537a""}",Tweet_id:1235763581100208129,"created_at:""Fri Mar 06 03:06:11 +0000 2020""","rawtext:""My progress. It took almost 2 weeks for me to break through my #depression enough to work on my #diamondpainting. I just have to continue to work on not letting the negativity control me"," even if it's  from those I love. #mentalhealth https://t.co/0idkUfBoPf""","text:""My progress. It took almost 2 weeks for me to break through my depression enough to work on my diamondpainting. I just have to continue to work on not letting the negativity control me"," even if it is from those I love. ""}",,,,,,,,
"{""_id"":{""$oid"":""5e6bf46bb0d40b1f9dc8537c""}",Tweet_id:1235764008461963266,"created_at:""Fri Mar 06 03:07:53 +0000 2020""","rawtext:""New blog online #mentalhealth #anxiety #bpd #depression https://t.co/FQiFXXv4mr https://t.co/Y9lEnNOGzG""","text:""New blog online ""}",,,,,,,,,,
"{""_id"":{""$oid"":""5e6bf46bb0d40b1f9dc8537b""}",Tweet_id:1235763672338886656,"created_at:""Fri Mar 06 03:06:33 +0000 2020""","rawtext:""Legit me every day this week #bpd #bpdlife #bpdfam #depression #anxiety #isurvived #mentalhealth https://t.co/O1WH3hBBU7""","text:""Legit me every day this week ""}",,,,,,,,,,
"{""_id"":{""$oid"":""5e6bf46bb0d40b1f9dc8537d""}",Tweet_id:1235764019312631809,"created_at:""Fri Mar 06 03:07:56 +0000 2020""","rawtext:""Feeling down? Read this glorious thread: #depression #anxiety #anxietydepression""","text:""Feeling down? Read this glorious thread: ""}",,,,,,,,,,
"{""_id"":{""$oid"":""5e6bf46bb0d40b1f9dc8537e""}",Tweet_id:1235764133783580673,"created_at:""Fri Mar 06 03:08:23 +0000 2020""","rawtext:""From one mental health sufferer to another my dms are always open to talk :) #WeAreStrongerTogether #MentalHealthMatters #MentalHealthAwareness #mentalhealthhelp #mentalhealth  #anxiety #depression""","text:""From one mental health sufferer to another my dms are always open to talk ""}",,,,,,,,,,
"{""_id"":{""$oid"":""5e6bf46bb0d40b1f9dc8537f""}",Tweet_id:1235765021944287232,"created_at:""Fri Mar 06 03:11:55 +0000 2020""","rawtext:""Episode 2 out now link in the bio\n\n#YouTube #youtubecreators #Broward #youtubeseries #tellthetruth #applepodcast #spotifypodcast #youtubechannel #subscribe #comment #share #tweetus #socialanxiety #socialmedia #mentalhealth #socialmediaepisode #socialmedianews #facebook #instagram https://t.co/LWcF0zDQXQ""","text:""Episode 2 out now link in the bio ""}",,,,,,,,,,
"{""_id"":{""$oid"":""5e6bf46bb0d40b1f9dc85381""}",Tweet_id:1235765577626652672,"created_at:""Fri Mar 06 03:14:07 +0000 2020""","rawtext:""Don__ Let #Fear Eclipse Your #LaborofLove: The #MeaningOfLife is whatever you decide.  https://t.co/wP3Ip8CvSE""","text:""do not Let Fear Eclipse Your LaborofLove: The MeaningOfLife is whatever you decide.""}",,,,,,,,,,
"{""_id"":{""$oid"":""5e6bf46bb0d40b1f9dc85382""}",Tweet_id:1235765642864795650,"created_at:""Fri Mar 06 03:14:23 +0000 2020""","rawtext:""#depression is real. Stop ignoring mental health issues""","text:""depression is real. Stop ignoring mental health issues""}",,,,,,,,,,
"{""_id"":{""$oid"":""5e6bf46bb0d40b1f9dc85383""}",Tweet_id:1235765806308429824,"created_at:""Fri Mar 06 03:15:02 +0000 2020""","rawtext:""#Mindfulness Therapy via Skype for the treatment of #OCD obsessive intrusive thoughts and traumatic memories and memory images. Contact me to learn more. See:_https://t.co/e4DyZMT248_#OCDrecovery #OCDawareness #anxiety #depression #therapy""","text:""Mindfulness Therapy via Skype for the treatment of OCD obsessive intrusive thoughts and traumatic memories and memory images. Contact me to learn more. See: ""}",,,,,,,,,,
"{""_id"":{""$oid"":""5e6bf46bb0d40b1f9dc85386""}",Tweet_id:1235766566718967809,"created_at:""Fri Mar 06 03:18:03 +0000 2020""","rawtext:""@Iamdepr47974144 Have you thought about getting help? #mentalhealth #depression""","text:""Have you thought about getting help? ""}",,,,,,,,,,
"{""_id"":{""$oid"":""5e6bf46bb0d40b1f9dc85388""}",Tweet_id:1235767299807891456,"created_at:""Fri Mar 06 03:20:58 +0000 2020""","rawtext:""#shy flirt #bondage https://t.co/4mpaDbPMHE""","text:""shy flirt ""}",,,,,,,,,,
"{""_id"":{""$oid"":""5e6bf46bb0d40b1f9dc8538a""}",Tweet_id:1235767920569053184,"created_at:""Fri Mar 06 03:23:26 +0000 2020""","rawtext:""It's OK to have a bad day. #depression #depressed #anxiety #mentalhealth #mentalillness #bipolar #schizophrenia https://t.co/lYrDIISoul""","text:""it is OK to have a bad day. ""}",,,,,,,,,,
"{""_id"":{""$oid"":""5e6bf46bb0d40b1f9dc85389""}",Tweet_id:1235767794345684993,"created_at:""Fri Mar 06 03:22:56 +0000 2020""","rawtext:""Depression is not just a feeling. It is a disease that can kill you by just thinking about it.\n\n#depression #ManilaEncounters""","text:""Depression is not just a feeling. It is a disease that can kill you by just thinking about it. ""}",,,,,,,,,,
"{""_id"":{""$oid"":""5e6bf46bb0d40b1f9dc8538b""}",Tweet_id:1235768155882090496,"created_at:""Fri Mar 06 03:24:22 +0000 2020""","rawtext:""My face is the unassuming warehouse door that leads to the most wild and colorful", carefree and audacious," most deafening rave this side of my prefrontal cortex. #MentalHealthMatters #depression #anxiety #partyinmybrain""","text:""My face is the unassuming warehouse door that leads to the most wild and colorful", carefree and audacious," most deafening rave this side of my prefrontal cortex. ""}",,,,,,
"{""_id"":{""$oid"":""5e6bf46bb0d40b1f9dc8538c""}",Tweet_id:1235768316444241926,"created_at:""Fri Mar 06 03:25:00 +0000 2020""","rawtext:""Mindfulness-based Skype Counseling Online for anxiety &amp; depression. See: https://t.co/Henj9qwzlh #mindfulness #anxiety #depression""","text:""Mindfulness-based Skype Counseling Online for anxiety &amp; depression. See: ""}",,,,,,,,,,
"{""_id"":{""$oid"":""5e6bf46bb0d40b1f9dc8538d""}",Tweet_id:1235768430885826562,"created_at:""Fri Mar 06 03:25:28 +0000 2020""","rawtext:""here it is #writingcommunity- my first #shortstory on #Wattpad. Feeling very exposed right now! It's #romance/#depression based", not my usual style, but I've had the story in my head for about 10 years!\nhttps://t.co/6tABfNwmA5\nThankyou for the support," you guys rock!""","text:""here it is writingcommunity- my first shortstory on Wattpad. Feeling very exposed right now! it is romance/depression based", not my usual style, but I have had the story in my head for about 10 years! Thankyou for the support," you guys rock!""}",,,,
"{""_id"":{""$oid"":""5e6bf46bb0d40b1f9dc8538f""}",Tweet_id:1235769019967434755,"created_at:""Fri Mar 06 03:27:48 +0000 2020""","rawtext:""What would you do if you saw a spider in your car?__ check out the link for the full episode!___ #dawpodcast #tbt #biggestfear #drinksafterwork #podcast @ Southern California https://t.co/lCw2yDxo82""","text:""What would you do if you saw a spider in your car? check out the link for the full episode! dawpodcast tbt biggestfear drinksafterwork podcast @ Southern California""}",,,,,,,,,,
"{""_id"":{""$oid"":""5e6bf46bb0d40b1f9dc85390""}",Tweet_id:1235769090293329920,"created_at:""Fri Mar 06 03:28:05 +0000 2020""","rawtext:""i deadass only have a few friends so if those few friends are not around i am fucking alone. That__ on #socialanxiety""","text:""i deadass only have a few friends so if those few friends are not around i am fucking alone. that is on ""}",,,,,,,,,,
"{""_id"":{""$oid"":""5e6bf46bb0d40b1f9dc85393""}",Tweet_id:1235769384192348162,"created_at:""Fri Mar 06 03:29:15 +0000 2020""","rawtext:""Let the things you go through not enslave you. Learn to talk. Get someone \""to pour out\""  yourself to. It helps. #depression is real.""","text:""Let the things you go through not enslave you. Learn to talk. Get someone \""to pour out\"" yourself to. It helps. depression is real.""}",,,,,,,,,,
"{""_id"":{""$oid"":""5e6bf46bb0d40b1f9dc85392""}",Tweet_id:1235769323500814336,"created_at:""Fri Mar 06 03:29:00 +0000 2020""","rawtext:""#bipolar \n#schizophrenia\n#ADHD \n#depression\n#anxiety\n\n#crazy \n\nI've been put on a lot of medications ... ... and then taken off of them because they cause more problems than they fix.\n\nmostly"," the medications made things worse; according to the #doctors.""","text:""bipolar schizophrenia ADHD depression anxiety crazy I have been put on a lot of medications . . and then taken off of them because they because more problems than they fix. mostly"," the medications made things worse; according to the ""}",,,,,,,,
"{""_id"":{""$oid"":""5e6bf46bb0d40b1f9dc85398""}",Tweet_id:1235771364075876358,"created_at:""Fri Mar 06 03:37:07 +0000 2020""","rawtext:""#Homeopathy Can Spoil a Girl: Medicine for #Depression\n\nhttps://t.co/PTQTiYppup\n\n#HomeopathyWorks https://t.co/821EPE74yl""","text:""Homeopathy Can Spoil a Girl: Medicine for ""}",,,,,,,,,,
"{""_id"":{""$oid"":""5e6bf46bb0d40b1f9dc85399""}",Tweet_id:1235771712760881153,"created_at:""Fri Mar 06 03:38:30 +0000 2020""","rawtext:""Today was the first day in weeks that I was genuinely happy :)) #depression""","text:""Today was the first day in weeks that I was genuinely happy ""}",,,,,,,,,,
"{""_id"":{""$oid"":""5e6bf46bb0d40b1f9dc8539a""}",Tweet_id:1235771770306691077,"created_at:""Fri Mar 06 03:38:44 +0000 2020""","rawtext:""The least any govt can do. Ontario Announces Free Therapy for Ppl w  #Anxiety #Depression #Mentalhealth. Although therapists &amp; psychologists are not train to catch #Mentalillness #psychosis &amp; usually miss it -Delaying med treatment. They need more training https://t.co/uSmwIjpou4""","text:""The least any govt can do. Ontario Announces Free Therapy for Ppl w Anxiety Depression Mentalhealth. Although therapists &amp; psychologists are not train to catch Mentalillness psychosis &amp; usually miss it -Delaying med treatment. They need more training""}",,,,,,,,,,
"{""_id"":{""$oid"":""5e6bf46bb0d40b1f9dc8539d""}",Tweet_id:1235772901212766214,"created_at:""Fri Mar 06 03:43:13 +0000 2020""","rawtext:""@YourAlberta And what about Influenza?? I mean it__ only about a 1000 times more deadly??? _\n#CaronaCon #Fear""","text:""And what about Influenza?? I mean it is only about a 100 times more deadly?? ""}",,,,,,,,,,
"{""_id"":{""$oid"":""5e6bf46bb0d40b1f9dc85397""}",Tweet_id:1235771201986981889,"created_at:""Fri Mar 06 03:36:28 +0000 2020""","rawtext:""this is how to show a loved one you care: Did something happen to make you start feeling this way? #mentalhealth #depression""","text:""this is how to show a loved one you care: Did something happen to make you start feeling this way? ""}",,,,,,,,,,
"{""_id"":{""$oid"":""5e6bf46bb0d40b1f9dc85395""}",Tweet_id:1235769760417185793,"created_at:""Fri Mar 06 03:30:45 +0000 2020""","rawtext:""@Hussain46533887 @JnrMbaria #depression did you know most depressed people are withheld?""","text:""depression did you know most depressed people are withheld?""}",,,,,,,,,,
"{""_id"":{""$oid"":""5e6bf46bb0d40b1f9dc8539e""}",Tweet_id:1235773830720901122,"created_at:""Fri Mar 06 03:46:55 +0000 2020""","rawtext:""Is there a Solution to Addiction in Iyarkai Oli ?\n\nhttps://t.co/IrQooPar9F\n\n#drugs #smoke #alcohol #cocaine #addiction #recovery #recoveryispossible #mentalhealth #depression #anxiety #spiritual #Spiritualpractice #iyarkaioli #iyarkaiolifoundation #meditation #Tamil #Tamilnadu https://t.co/bVMDT7ujS7""","text:""Is there a Solution to Addiction in Iyarkai Oli ? ""}",,,,,,,,,,
"{""_id"":{""$oid"":""5e6bf46bb0d40b1f9dc853a2""}",Tweet_id:1235774415801118720,"created_at:""Fri Mar 06 03:49:14 +0000 2020""","rawtext:""Successful people have learned how to refuse to let fear get the best of them. You can learn to control your fear and rise to reasonable challenges. Here are a couple of my tips for managing #risk and working through #fear! https://t.co/kagRIUcbcy #advice""","text:""Successful people have learned how to refuse to let fear get the best of them. You can learn to control your fear and rise to reasonable challenges. Here are a couple of my tips for managing risk and working through ""}",,,,,,,,,,
"{""_id"":{""$oid"":""5e6bf46bb0d40b1f9dc853a1""}",Tweet_id:1235774312394690561,"created_at:""Fri Mar 06 03:48:50 +0000 2020""","rawtext:""GETAnalysis: There is only one thing @POTUS #Trump is good at - #PoliticizingEveryProblem - because he is #clueless otherwise\n\nhttps://t.co/tIk5jsEQvd\n\n@TheDemocrats #election #CoronaVirus #VirusCorona #WednesdayThoughts #WednesdayReview #WednesdayRead #WednesdayWisdom #Fear""","text:""GETAnalysis: There is only one thing Trump is good at - PoliticizingEveryProblem - because he is clueless otherwise ""}",,,,,,,,,,
"{""_id"":{""$oid"":""5e6bf46bb0d40b1f9dc853a4""}",Tweet_id:1235774531698032641,"created_at:""Fri Mar 06 03:49:42 +0000 2020""","rawtext:""@ShemAmesi #depression Am a survivor. Are you?""","text:""depression Am a survivor. Are you?""}",,,,,,,,,,
"{""_id"":{""$oid"":""5e6bf46bb0d40b1f9dc853a5""}",Tweet_id:1235774584462376960,"created_at:""Fri Mar 06 03:49:55 +0000 2020""","rawtext:""#Fear turns into #anger they say...\nAnd thanks to the #social_media people are so terrified that they attack asian students in the street !\nThis is a picture about #blackdeath\nwich was a way more dengerous  compared to #coronavirus\n\nDon't panic !\n\n#JonathanMok \n#COVID19\n#racism https://t.co/yDiKc0CSlC""","text:""Fear turns into anger they say.. And thanks to the social_media people are so terrified that they attack asian students in the street ! This is a picture about blackdeath wich was a way more dengerous compared to coronavirus do not panic ! ""}",,,,,,,,,,
"{""_id"":{""$oid"":""5e6bf46bb0d40b1f9dc853a6""}",Tweet_id:1235774610643324933,"created_at:""Fri Mar 06 03:50:01 +0000 2020""","rawtext:""Online Therapist for #Anxiety &amp; #Depression. Contact me via email if you would like to talk to a therapist online via Skype. Online Mindfulness Therapy via Skype.\nVisit: https://t.co/Zo94QpSuNg_ #onlinetherapy #onlinetherapist""","text:""Online Therapist for Anxiety &amp; Depression. Contact me via email if you would like to talk to a therapist online via Skype. Online Mindfulness Therapy via Skype. Visit: ""}",,,,,,,,,,
"{""_id"":{""$oid"":""5e6bf46bb0d40b1f9dc853aa""}",Tweet_id:1235775492520849408,"created_at:""Fri Mar 06 03:53:31 +0000 2020""","rawtext:""@ShemAmesi #depression am not depressed. Am creating awareness.""","text:""depression am not depressed. Am creating awareness.""}",,,,,,,,,,
"{""_id"":{""$oid"":""5e6bf46bb0d40b1f9dc853ab""}",Tweet_id:1235775713061593095,"created_at:""Fri Mar 06 03:54:24 +0000 2020""","rawtext:""Childhood Fear: https://t.co/i7CD0Qgxar\n\nFamed Doctor of #Psychology Shares How To Overcome Fear\nparenting #fear #kids https://t.co/Q2o6qQunHN""","text:""Childhood Fear: Famed Doctor of Psychology Shares How To Overcome Fear parenting ""}",,,,,,,,,,
"{""_id"":{""$oid"":""5e6bf46bb0d40b1f9dc853a9""}",Tweet_id:1235775308919435264,"created_at:""Fri Mar 06 03:52:47 +0000 2020""","rawtext:""Hey  @AdamBandt where are you?  We are all wondering what you as Party Leader intend to do about Sarah Hanson Young.  Its not like you to take a day off Twitter", so where you at," you weak little man? #hypocrite #auspol #HansonYoung #SHY #Greens  #SarahHanson https://t.co/KSXGVhTf1U""","text:""Hey where are you? We are all wondering what you as Party Leader intend to do about Sarah Hanson Young. Its not like you to take a day off Twitter", so where you at," you weak little man? ""}",,,,,,
"{""_id"":{""$oid"":""5e6bf46bb0d40b1f9dc853ad""}",Tweet_id:1235775810428178437,"created_at:""Fri Mar 06 03:54:47 +0000 2020""","rawtext:""Hello to the four of you whom read this!  We must remember that it__ always the coldest right before dawn.  It__ best to wrap yourself up in the warm memories of happiness.  Even in the depths of winter is is still warmer to be in the light. #depression #sucide""","text:""Hello to the four of you whom read this! We must remember that it is always the coldest right before dawn. it is best to wrap yourself up in the warm memories of happiness. Even in the depths of winter is is still warmer to be in the light. ""}",,,,,,,,,,
"{""_id"":{""$oid"":""5e6bf46bb0d40b1f9dc853ae""}",Tweet_id:1235776285001084934,"created_at:""Fri Mar 06 03:56:40 +0000 2020""","rawtext:""Check out my blog https://t.co/gx0UecK4K9 w/over 40 posts on #depression", #MentalIllness, #SuicideAwareness &amp; my #podcast," #TheDepressionFiles in which I interview #men who have struggled with depression https://t.co/XMyYSdyPzk Pls Retweet! Together we can help #EndTheStigma""","text:""Check out my blog w/over 40 posts on depression", MentalIllness, SuicideAwareness &amp; my podcast," TheDepressionFiles in which I interview men who have struggled with depression Pls Retweet! Together we can help ""}",,,,
"{""_id"":{""$oid"":""5e6bf46bb0d40b1f9dc853b3""}",Tweet_id:1235776772815425536,"created_at:""Fri Mar 06 03:58:36 +0000 2020""","rawtext:""Check out a recent post \""Shame and it's Connection to the Stigma\"" https://t.co/T4UWsvmxOV Blogging to help #EndTheStigma! #MentalHealth #SuicidePrevention #SuicideAwareness #Depression Please Retweet!""","text:""Check out a recent post \""Shame and it is Connection to the Stigma\"" Blogging to help EndTheStigma! MentalHealth SuicidePrevention SuicideAwareness Depression Please Retweet!""}",,,,,,,,,,
"{""_id"":{""$oid"":""5e6bf46bb0d40b1f9dc853b4""}",Tweet_id:1235777002487021569,"created_at:""Fri Mar 06 03:59:31 +0000 2020""","rawtext:""@Hussain46533887 @JnrMbaria #depression people are scared. I was scared. Men are getting burried at work to avoid it. Some are drinking. The fear of stigmatization. ________""","text:""depression people are scared. I was scared. Men are getting burried at work to avoid it. Some are drinking. The fear of stigmatization.""}",,,,,,,,,,
"{""_id"":{""$oid"":""5e6bf46bb0d40b1f9dc853b1""}",Tweet_id:1235776629844127744,"created_at:""Fri Mar 06 03:58:02 +0000 2020""","rawtext:""Read my newest 'thought' on emotional intensity. #bpd #bipolar #depression #mentalhealth  https://t.co/5h2Psq8fbZ""","text:""Read my newest 'thought' on emotional intensity. ""}",,,,,,,,,,
"{""_id"":{""$oid"":""5e6bf46bb0d40b1f9dc853b5""}",Tweet_id:1235777060439810050,"created_at:""Fri Mar 06 03:59:45 +0000 2020""","rawtext:""Build Confidence &amp; Self Esteem_: Overcome Fear of Failure - via @smedian_network #SelfImprovement #Fear #OvercomeFear https://t.co/9ZdPxaNViw""","text:""Build Confidence &amp; Self Esteem : Overcome Fear of Failure - via ""}",,,,,,,,,,
"{""_id"":{""$oid"":""5e6bf46bb0d40b1f9dc853b7""}",Tweet_id:1235777109005611009,"created_at:""Fri Mar 06 03:59:57 +0000 2020""","rawtext:""@America1st_Kag @JohnWHuber So #fear &amp; pessimism porn is the message you want to spread ? Got it""","text:""So fear &amp; pessimism porn is the message you want to spread ? Got it""}",,,,,,,,,,
"{""_id"":{""$oid"":""5e6bf46bb0d40b1f9dc853b2""}",Tweet_id:1235776730729779201,"created_at:""Fri Mar 06 03:58:26 +0000 2020""","rawtext:""An important recognition that #mentalhealth apps may have very different value and functions beyond direct clinical outcomes: while they may not reliably reduce #depression", for example, but may reduce stigma, provide basic psychoeducation," etc.  \n\n#emh2020""","text:""An important recognition that mentalhealth apps may have very different value and functions beyond direct clinical outcomes: while they may not reliably reduce depression", for example, but may reduce stigma, provide basic psychoeducation," etc. ""}",,
"{""_id"":{""$oid"":""5e6bf46bb0d40b1f9dc853ba""}",Tweet_id:1235777589719023619,"created_at:""Fri Mar 06 04:01:51 +0000 2020""","rawtext:""Pushup Time Day 173.\n\""PT 22 good for me"," good for you.\""\nEveryday is a chance to get up", everyday is a moment to move forward," everyday is an opportunity to create change. Stay strong.\n#pushuptime #22aday #22for22 #Mentalhealth #PTSD #depression #veterans #SuicidePrevention #PT22 https://t.co/4mBiBVSQ2N""","text:""Pushup Time Day 173. \""PT 22 good for me"," good for you.\"" Everyday is a chance to get up", everyday is a moment to move forward," everyday is an opportunity to create change. Stay strong. ""}",,,,
"{""_id"":{""$oid"":""5e6bf46bb0d40b1f9dc853bc""}",Tweet_id:1235778060085063687,"created_at:""Fri Mar 06 04:03:43 +0000 2020""","rawtext:""Music therapy improves mood and accelerates in stroke rehabilitation #Music #Musictherapy #effectonrehabilitation #depression #moodchanges #NeurologicMusictherapy #stroke #acutestroke #TopicsinStrokeRehabilitation https://t.co/wvhDQTU0Gt""","text:""Music therapy improves mood and accelerates in stroke rehabilitation ""}",,,,,,,,,,
"{""_id"":{""$oid"":""5e6bf46bb0d40b1f9dc853bf""}",Tweet_id:1235778526592282626,"created_at:""Fri Mar 06 04:05:35 +0000 2020""","rawtext:""Please Retweet - Recent post: \""Suicide is NOT Selfish\"" https://t.co/M73KWF4nkZ Over 40 posts regarding #MentalHealth", #Depression, #Men and Depression, #SuicideAwareness, #SuicidePrevention," and more! Blogging to help #EndTheStigma &amp; #StopSuicide""","text:""Please Retweet - Recent post: \""Suicide is NOT Selfish\"" Over 40 posts regarding MentalHealth", Depression, Men and Depression, SuicideAwareness, SuicidePrevention," and more! Blogging to help EndTheStigma &amp; ""}"
"{""_id"":{""$oid"":""5e6bf46bb0d40b1f9dc853c3""}",Tweet_id:1235778940297502727,"created_at:""Fri Mar 06 04:07:13 +0000 2020""","rawtext:""The #depression is winning the battle today. This is truly awful. I just absolutely give up.""","text:""The depression is winning the battle today. This is truly awful. I just absolutely give up.""}",,,,,,,,,,
"{""_id"":{""$oid"":""5e6bf46bb0d40b1f9dc853c4""}",Tweet_id:1235779250667638784,"created_at:""Fri Mar 06 04:08:27 +0000 2020""","rawtext:""Oxidative stress and Depression. #Nrf2 #genetics #antioxidant #detox #depression #mentalhealth #healthymind #healthybody #brainhealth #stress https://t.co/MuCcaYSf8H""","text:""Oxidative stress and Depression. ""}",,,,,,,,,,
"{""_id"":{""$oid"":""5e6bf46bb0d40b1f9dc853c5""}",Tweet_id:1235779642100985857,"created_at:""Fri Mar 06 04:10:01 +0000 2020""","rawtext:""Talk to a therapist online (Skype Therapy) for #Anxiety &amp; #Depression &amp; #Addiction. Visit: https://t.co/aLgUTRfDVr""","text:""Talk to a therapist online (Skype Therapy) for Anxiety &amp; Depression &amp; Addiction. Visit:""}",,,,,,,,,,
"{""_id"":{""$oid"":""5e6bf46bb0d40b1f9dc853c6""}",Tweet_id:1235779651060011011,"created_at:""Fri Mar 06 04:10:03 +0000 2020""","rawtext:""Life-We stand by wishing we could jump on the ride"," yet we hesitate &amp; hush our enthusiasm._#fear https://t.co/GlHiZxwT25""","text:""Life-We stand by wishing we could jump on the ride"," yet we hesitate &amp; hush our enthusiasm. ""}",,,,,,,,
"{""_id"":{""$oid"":""5e6bf46bb0d40b1f9dc853c0""}",Tweet_id:1235778631936458752,"created_at:""Fri Mar 06 04:06:00 +0000 2020""","rawtext:""@CNN Go #CNN keep feeding the fire of fear!  The sky is falling and the world is ending.  ___\n#coronavirus #COVID19 #Fear #WHO #UN #WTF #Trumpcoronavirus #ChinaCoronaVirus #ChinaVirus #ChinaWuhan #Wuhan #WuhanCoronavirus #Iran #irancoronavirus #MediaWatch #media https://t.co/zr1mXo153B""","text:""Go CNN keep feeding the fire of fear! The sky is falling and the world is ending. ""}",,,,,,,,,,
"{""_id"":{""$oid"":""5e6bf46bb0d40b1f9dc853cb""}",Tweet_id:1235779969831309313,"created_at:""Fri Mar 06 04:11:19 +0000 2020""","rawtext:""Anxiety and depression is a hard thing to live with\n\n#anxiety #depression #amwriting https://t.co/1n1yPX7CDd""","text:""Anxiety and depression is a hard thing to live with ""}",,,,,,,,,,
"{""_id"":{""$oid"":""5e6bf46bb0d40b1f9dc853ca""}",Tweet_id:1235779946141843457,"created_at:""Fri Mar 06 04:11:13 +0000 2020""","rawtext:""#depression  this is the best description of depression I have read. https://t.co/4HBmx1qiz0""","text:""depression this is the best description of depression I have read.""}",,,,,,,,,,