"{""_id"":{""$oid"":""5e6bf421b0d40b1f9dc8517f""}",Tweet_id:1234635412964073472,"created_at:""Tue Mar 03 00:23:15 +0000 2020""","rawtext:""My love my fav #parfum #chanel #coco #love #fashion #fashionblogger https://t.co/NaFzgRIWSY""","text:""My love my fav ""}",,,,,,,,,,
"{""_id"":{""$oid"":""5e6bf421b0d40b1f9dc85181""}",Tweet_id:1234635437634834432,"created_at:""Tue Mar 03 00:23:21 +0000 2020""","rawtext:""Watch what happened at 2:15:23 in @jmusic1216's broadcast: #MUSIC #QUIZ 5PM EST __ ALL GENRES 50S-2020! ALSO GENERAL #TRIVIA ! ____ #GOLIVE #LOVE #GAY #GAMES #BEAR #DRINKS https://t.co/Zo4H0wlqg5""","text:""Watch what happened at 2 in 's broadcast: MUSIC QUIZ 5PM EST ALL GENRES 50S-2020! ALSO GENERAL TRIVIA ! ""}",,,,,,,,,,
"{""_id"":{""$oid"":""5e6bf421b0d40b1f9dc85183""}",Tweet_id:1234635454097559555,"created_at:""Tue Mar 03 00:23:25 +0000 2020""","rawtext:""Attitude + Mindset for 2020...\nYes YOU *insert expletive* can __\n#BossBabes\n#Strong\n#Mindset\n.\n.\n.\n.\n.\n.\n#girlpower #training #muscle #healthy #live #abs #fun #progress #model #legs #happy #motivation #getfit_ https://t.co/zjT6FsYiAt""","text:""Attitude + Mindset for 2020.. Yes YOU *insert expletive* can BossBabes Strong Mindset . . . . . . ""}",,,,,,,,,,
"{""_id"":{""$oid"":""5e6bf421b0d40b1f9dc85185""}",Tweet_id:1234635477556322309,"created_at:""Tue Mar 03 00:23:30 +0000 2020""","rawtext:""Es QOTD. I hope you feel wrapped up in love today - by others"," and by yourself too. __[__] \n@BTS_twt \n\n#BTSBookClub #BTSBC_QOTD #BTS #MapOfTheSoul7 #LoveIs #Love #WrappedUpInLove https://t.co/QsP6brk9lz""","text:""Es QOTD. I hope you feel wrapped up in love today - by others"," and by yourself too. [] ""}",,,,,,,,
"{""_id"":{""$oid"":""5e6bf421b0d40b1f9dc85186""}",Tweet_id:1234635482480496640,"created_at:""Tue Mar 03 00:23:32 +0000 2020""","rawtext:""#MondayMood: Love. \n\nThis #foster pup found comfort in his foster big brother. Foster a pet and save a life. Visit our community lifesaving dashboard to find a shelter near you: https://t.co/OhsqFukfK9. #love ^ND https://t.co/M90aMm1wDS""","text:""MondayMood: Love. This foster pup found comfort in his foster big brother. Foster a pet and save a life. Visit our community lifesaving dashboard to find a shelter near you: love ^ND""}",,,,,,,,,,
"{""_id"":{""$oid"":""5e6bf421b0d40b1f9dc85187""}",Tweet_id:1234635520380039169,"created_at:""Tue Mar 03 00:23:41 +0000 2020""","rawtext:""200303 Teaser ___•∞ \nhttps://t.co/QusQZVTWIV\nhttps://t.co/WuIAsf11lu\nhttps://t.co/4ymgfLBgUb\n\n#TAEYEON #___ #HAPPY __ https://t.co/OcrTO1epw8""","text:""200303 Teaser ""}",,,,,,,,,,
"{""_id"":{""$oid"":""5e6bf421b0d40b1f9dc85189""}",Tweet_id:1234635535366475782,"created_at:""Tue Mar 03 00:23:44 +0000 2020""","rawtext:""Watch @gregrharvey's broadcast: The BEST life / Fake News Virus / #covfefe #talk #cbd  #inspire #maga #love #qanon https://t.co/w8lTAUubBd https://t.co/tICa8luw2d""","text:""Watch 's broadcast: The BEST life / Fake News Virus / ""}",,,,,,,,,,
"{""_id"":{""$oid"":""5e6bf421b0d40b1f9dc85188""}",Tweet_id:1234635532132474880,"created_at:""Tue Mar 03 00:23:43 +0000 2020""","rawtext:""She will sing and sing and sing. No one can stop her. #Taeyeon #Happy""","text:""She will sing and sing and sing. No one can stop her. ""}",,,,,,,,,,
"{""_id"":{""$oid"":""5e6bf421b0d40b1f9dc8518b""}",Tweet_id:1234635535840313344,"created_at:""Tue Mar 03 00:23:44 +0000 2020""","rawtext:""__________#HappyDay__________\n\nToday #3Marzo #congratulations on your #Happy #birthday\n\n____#Chantelle #Fontain #ChantelleFontain____\n\n#Retwtt #Ilike \n\n____#___Âø_\n____#‡¶π‡‡¶_‡¶_‡¶_¶®‡ß_¶Æ‡¶¶‡_‡¶_n____#Ë™___•„_____®„_\n____#Felizcumplea√±os\n____#‡§π‡‡§‡§‡§§∞‡•_§•‡§°‡\n____#HappyBirthday\n____#Felizanivers√°rio https://t.co/lUnsY7OsQk""","text:""HappyDay Today 3Marzo congratulations on your ""}",,,,,,,,,,
"{""_id"":{""$oid"":""5e6bf421b0d40b1f9dc8518d""}",Tweet_id:1234635617939517440,"created_at:""Tue Mar 03 00:24:04 +0000 2020""","rawtext:""TAEYEON \""HAPPY\"" Teaser\n\nhttps://t.co/wFW4jWpOJc\nhttps://t.co/gBt26tLezb\n\nhttps://t.co/fMZwN8Sg9x\n#Happy #Taeyeon #___ #______ @GirlsGeneration https://t.co/bdFvCnuxW8""","text:""TAEYEON \""HAPPY\"" Teaser ""}",,,,,,,,,,
"{""_id"":{""$oid"":""5e6bf421b0d40b1f9dc8518e""}",Tweet_id:1234635634066591745,"created_at:""Tue Mar 03 00:24:08 +0000 2020""","rawtext:""Be you... Why would you want to be anything else? #live #love #inspire https://t.co/2HGLHDuoGZ""","text:""Be you.. Why would you want to be anything else? ""}",,,,,,,,,,
"{""_id"":{""$oid"":""5e6bf421b0d40b1f9dc85190""}",Tweet_id:1234635642983899136,"created_at:""Tue Mar 03 00:24:10 +0000 2020""","rawtext:""We #pray that those who #suffer from the #evils of #abortion will be open to Your infinite #mercy and #love. \n\n#ProLife #PraytoEndAbortion #PrayTheRosary""","text:""We pray that those who suffer from the evils of abortion will be open to Your infinite mercy and ""}",,,,,,,,,,
"{""_id"":{""$oid"":""5e6bf421b0d40b1f9dc85193""}",Tweet_id:1234635655893913605,"created_at:""Tue Mar 03 00:24:13 +0000 2020""","rawtext:""We are excite to welcome @BobGoldPR to the team! #measure #love""","text:""We are excite to welcome to the team! ""}",,,,,,,,,,
"{""_id"":{""$oid"":""5e6bf421b0d40b1f9dc85192""}",Tweet_id:1234635653763170305,"created_at:""Tue Mar 03 00:24:12 +0000 2020""","rawtext:""#March is coming in like a #lion &amp; so can you"," it's #time to #spring into something #new! Apply online &amp; #love your #job as a Greeter-Medical Office Receptionist. #DrSeussDay #MondayMotivation #MondayMood            \nhttps://t.co/oYfMUsP5sX #job""","text:""March is coming in like a lion &amp; so can you"," it is time to spring into something new! Apply online &amp; love your job as a Greeter-Medical Office Receptionist. ""}",,,,,,,,
"{""_id"":{""$oid"":""5e6bf421b0d40b1f9dc85195""}",Tweet_id:1234635661195411456,"created_at:""Tue Mar 03 00:24:14 +0000 2020""","rawtext:""Those vocals tho!!!\n.\n.\n.\n.\n.\n#kiddos #music #guitar #drums #vocals #singer #fun #childrenarethefuture #wimhofmethod #wimhof #breathwork #icebath #happy #healthy #strong #fitfather #health #mindfulness #healing_ https://t.co/3o8BAnKuOm""","text:""Those vocals tho!! . . . . . ""}",,,,,,,,,,
"{""_id"":{""$oid"":""5e6bf421b0d40b1f9dc85196""}",Tweet_id:1234635693533601792,"created_at:""Tue Mar 03 00:24:22 +0000 2020""","rawtext:""There is no place like home.... #Love #InLove #HomeSweetHome.... #Thinking https://t.co/Nx6j2jNQw3""","text:""There is no place like home.. ""}",,,,,,,,,,
"{""_id"":{""$oid"":""5e6bf421b0d40b1f9dc85198""}",Tweet_id:1234635722306527232,"created_at:""Tue Mar 03 00:24:29 +0000 2020""","rawtext:""I__ into whatever looks good &amp; anything else that trips my trigger. #Love to #read &amp; #write #books! @KeliRichards2 @jusacrosstheway @ridemyhighway &amp; @TheRoundBarns Find me at #amazon! #buyitnow #kindle. Leave a #Review ! \n\nhttps://t.co/q8Txz018GF""","text:""I am into whatever looks good &amp; anything else that trips my trigger. Love to read &amp; write books! &amp; Find me at amazon! buyitnow kindle. Leave a Review !""}",,,,,,,,,,
"{""_id"":{""$oid"":""5e6bf421b0d40b1f9dc85199""}",Tweet_id:1234635726777716736,"created_at:""Tue Mar 03 00:24:30 +0000 2020""","rawtext:""TEAM WORK.. Always remember God &amp; Loyalty first...\n#LOVE #SBM #Trap-In ____""","text:""TEAM WORK.. Always remember God &amp; Loyalty first.. ""}",,,,,,,,,,
"{""_id"":{""$oid"":""5e6bf421b0d40b1f9dc8519a""}",Tweet_id:1234635728782536704,"created_at:""Tue Mar 03 00:24:30 +0000 2020""","rawtext:""Homemade Thai red curry beef... with rice __"," with Korean spicy __ noodle __ &amp; with glass noodle _•¢________\n.\n#homemade #cooking #thai #red #curry #beef #rice #noodle\n.\n.\n.\n#CC9inFrance #fulltimemommy #daily #love #me_ https://t.co/vZi6tyT0Ad""","text:""Homemade Thai red curry beef.. with rice "," with Korean spicy noodle &amp; with glass noodle . homemade cooking thai red curry beef rice noodle . . . ""}",,,,,,,,
"{""_id"":{""$oid"":""5e6bf421b0d40b1f9dc8519d""}",Tweet_id:1234635734167900161,"created_at:""Tue Mar 03 00:24:32 +0000 2020""","rawtext:""Wenjoy #Wendy #Joy #RedVelvet https://t.co/6xBQP2lRrj""","text:""Wenjoy ""}",,,,,,,,,,
"{""_id"":{""$oid"":""5e6bf421b0d40b1f9dc8519f""}",Tweet_id:1234635752610435072,"created_at:""Tue Mar 03 00:24:36 +0000 2020""","rawtext:""The air literally smells sweet and ripe with spring time come on babyyyyyy I been waiting for youuuu_•∞ #SpringIsComing #love""","text:""The air literally smells sweet and ripe with spring time come on baby I been waiting for you ""}",,,,,,,,,,
"{""_id"":{""$oid"":""5e6bf421b0d40b1f9dc8519e""}",Tweet_id:1234635739066982400,"created_at:""Tue Mar 03 00:24:33 +0000 2020""","rawtext:""Fall in love in such a way that it frees you from any connecting. ~Rumi\n\n#Rumi #love #rumilove #shamstabrizi https://t.co/iLqaQ8lXwW""","text:""Fall in love in such a way that it frees you from any connecting. ~Rumi ""}",,,,,,,,,,
"{""_id"":{""$oid"":""5e6bf421b0d40b1f9dc851a0""}",Tweet_id:1234635761523339268,"created_at:""Tue Mar 03 00:24:38 +0000 2020""","rawtext:""Love matters today and everyday.\n#love #acrylicpainting #art #ValentinesDay https://t.co/MVOGqWgwVt""","text:""Love matters today and everyday. ""}",,,,,,,,,,
"{""_id"":{""$oid"":""5e6bf421b0d40b1f9dc851a5""}",Tweet_id:1234635801335484416,"created_at:""Tue Mar 03 00:24:48 +0000 2020""","rawtext:""When I got details about #Happy but not from SM and y__ll had the audacity to be mad at her. https://t.co/tJyIo3BkSk""","text:""When I got details about Happy but not from SM and you all had the audacity to be mad at her.""}",,,,,,,,,,
"{""_id"":{""$oid"":""5e6bf421b0d40b1f9dc8518a""}",Tweet_id:1234635536171593729,"created_at:""Tue Mar 03 00:23:44 +0000 2020""","rawtext:""Now that I'm 75 years old may I never forget YES #Jesus does #love me"," and YES He will heal me forever going forward.#Prayer\n\n#Depression #Recovery #Prayer\n#Addiction #Recovery #Prayer\n#HospitalAbuse #Recovery #Prayer\n#InstitutionalAbuse #Recovery #Prayer\n\n#JesusSaves #JesusHeals""","text:""Now that I am 75 years old may I never forget YES Jesus does love me"," and YES He will heal me forever going forward.Prayer ""}",,,,,,,,
"{""_id"":{""$oid"":""5e6bf421b0d40b1f9dc851a9""}",Tweet_id:1234635816275566592,"created_at:""Tue Mar 03 00:24:51 +0000 2020""","rawtext:""#GivingTuesday\n#CharityTuesday\n#LifeLessons #Mindset\n#photograhy #Nature #Kindness\n#Duty #Values #Poverty #Charity\n#Give #Kind #Love #Smile #Sweet \n#Character #Reach #Help #Old\n#Kids #Helpless\n\nCharity as an action\nBut I think of CHARITY\nAs a state of the Heart\n- Elaine Dalton\n__ https://t.co/7WT9GtFDNt""","text:""GivingTuesday CharityTuesday LifeLessons Mindset photograhy Nature Kindness Duty Values Poverty Charity Give Kind Love Smile Sweet Character Reach Help Old Kids Helpless Charity as an action But I think of CHARITY As a state of the Heart - Elaine Dalton""}",,,,,,,,,,
"{""_id"":{""$oid"":""5e6bf421b0d40b1f9dc851ad""}",Tweet_id:1234635863847579650,"created_at:""Tue Mar 03 00:25:03 +0000 2020""","rawtext:""dream lost +\n+\n#haiku #poetry _ about #sleep", #dreams," and #subconscious\nposted on .@Medium\n\nhttps://t.co/AIOLxdv18f\n#writing #poem #poet #writingcommunity #poetrycommunity #life #love #wellbeing #psychology #mindhealth #dream #mentalhealth #nightmare #night #memory""","text:""dream lost + + haiku poetry _ about sleep", dreams," and subconscious posted on . ""}",,,,,,
"{""_id"":{""$oid"":""5e6bf421b0d40b1f9dc851aa""}",Tweet_id:1234635818318221312,"created_at:""Tue Mar 03 00:24:52 +0000 2020""","rawtext:""Stream today"," who is with me? Or should I again masturbate alone? boring ______ #Green Bay   #stockings #love https://t.co/teTefZDBrH""","text:""Stream today"," who is with me? Or should I again masturbate alone? boring Green Bay ""}",,,,,,,,
"{""_id"":{""$oid"":""5e6bf421b0d40b1f9dc851af""}",Tweet_id:1234635910085517319,"created_at:""Tue Mar 03 00:25:14 +0000 2020""","rawtext:""This video of Nana Ama Mcbrown kissing her daughter has got many people worried.  \n\nHow much affection is too much affection between parents and their children.\n\n#PulseGhana #PulseViral #NanaAmaMcBrown #BabyMaxin #Love #Affection https://t.co/XRHprUgKYW""","text:""This video of Nana Ama Mcbrown kissing her daughter has got many people worried. How much affection is too much affection between parents and their children. ""}",,,,,,,,,,
"{""_id"":{""$oid"":""5e6bf421b0d40b1f9dc851b0""}",Tweet_id:1234635910484037636,"created_at:""Tue Mar 03 00:25:14 +0000 2020""","rawtext:""CRAYON POP SO YUL SING TAEYEON \""CAN YOU HEAR ME\"" \n\n#Taeyeon_DearMe\n#_____¥Í___§Î_Ï£ºÍ___∂Ï__Îß #TAEYEON #SNSD #SNSD____ #kpop_ #___ #______ #VLIVE #HAPPY https://t.co/poJ3YYi1cy""","text:""CRAYON POP SO YUL SING TAEYEON \""CAN YOU HEAR ME\"" ""}",,,,,,,,,,
"{""_id"":{""$oid"":""5e6bf421b0d40b1f9dc851b6""}",Tweet_id:1234635972484255745,"created_at:""Tue Mar 03 00:25:28 +0000 2020""","rawtext:""Looking for some #love? Stop by and meet a room of #creators! Truth! You Can't Be Loved By Everyone! | What Is Your Ideal Audience? 1","... #bluewrenchgroup https://t.co/FL97tCCH8a via @YouTube""","text:""Looking for some love? Stop by and meet a room of creators! Truth! You can not Be Loved By Everyone! | What Is Your Ideal Audience? 1",".. bluewrenchgroup via""}",,,,,,,,
"{""_id"":{""$oid"":""5e6bf421b0d40b1f9dc851b7""}",Tweet_id:1234635978607931395,"created_at:""Tue Mar 03 00:25:30 +0000 2020""","rawtext:""@beingkarmin Love springs us into action\nSlinging out love is satisfaction\nDont be a fraction causing disfunction\nSpread love with ur actions\n#love\n#mondayreport\n#AMAZ1n4U""","text:""Love springs us into action Slinging out love is satisfaction do not be a fraction causing disfunction Spread love with ur actions ""}",,,,,,,,,,
"{""_id"":{""$oid"":""5e6bf421b0d40b1f9dc851b8""}",Tweet_id:1234635990876246016,"created_at:""Tue Mar 03 00:25:33 +0000 2020""","rawtext:""#Happy #Birthday to the best #Store #Manager @sad327 hope you have a great bday with your loved ones and many more years to come. @Meli_Mel81 @danielleHD_roc @YotnielH @ROCAnne70 @ROCMatt70 https://t.co/B3otDBO8bL""","text:""Happy Birthday to the best Store Manager hope you have a great bday with your loved ones and many more years to come.""}",,,,,,,,,,
"{""_id"":{""$oid"":""5e6bf421b0d40b1f9dc851bb""}",Tweet_id:1234636043082719233,"created_at:""Tue Mar 03 00:25:45 +0000 2020""","rawtext:""https://t.co/9W8gUYRd8X #Protect the #Lives of those you #Love w/ #NanoSilver",#Natural #AntiBiotic #EssentialOils,"#HydroxylGenerators &amp; #FARUVC #Spectrum #Light as #Prevention &amp; #Protection against #MRSA (#Staph) #Bacteria &amp; #CoronaVirus [#SARSCoV2 | #CoVid19] #Pandemic ____ #PPDPR""","text:""Protect the Lives of those you Love w/ NanoSilver",Natural AntiBiotic EssentialOils,"HydroxylGenerators &amp; FARUVC Spectrum Light as Prevention &amp; Protection against MRSA (Staph) Bacteria &amp; CoronaVirus [SARSCoV2 | ""}",,,,,,
"{""_id"":{""$oid"":""5e6bf421b0d40b1f9dc851bc""}",Tweet_id:1234636058232487936,"created_at:""Tue Mar 03 00:25:49 +0000 2020""","rawtext:""_ + _ + CBD = __\n\nHow do you enjoy your CBD?\n.\n.\n#organic #vegan #natural #pancakes #bacon #cbd #cbdoil #love #cooking #breakfast #breakfastofchampions https://t.co/59war9jHMs""","text:""+ + CBD = How do you enjoy your CBD? . . ""}",,,,,,,,,,
"{""_id"":{""$oid"":""5e6bf421b0d40b1f9dc851bd""}",Tweet_id:1234636072308617216,"created_at:""Tue Mar 03 00:25:52 +0000 2020""","rawtext:""#style #love Men's Floral Swimming Shorts https://t.co/aEKkb8gtWI https://t.co/qdyS0YzhMR""","text:""style love Men's Floral Swimming Shorts""}",,,,,,,,,,
"{""_id"":{""$oid"":""5e6bf421b0d40b1f9dc851c2""}",Tweet_id:1234636125865742337,"created_at:""Tue Mar 03 00:26:05 +0000 2020""","rawtext:""Release the beast"," I love it! #Pearland   #american #happy https://t.co/FEBGiXvoOa""","text:""Release the beast"," I love it! ""}",,,,,,,,
"{""_id"":{""$oid"":""5e6bf421b0d40b1f9dc851c3""}",Tweet_id:1234636140734369793,"created_at:""Tue Mar 03 00:26:09 +0000 2020""","rawtext:""#JOYxESPOIR LOOK ITEM ____n\n#espoir Foundation $ 38.99 ", Lipstick $ 20.52 ," Look Book Palette $ 32.83\n#leica Camera $ 650 \n#forever21 Crop Top $ 17.99 \n\n#JOY #ParkSooyoung #Ï°∞Ï_ #Î∞___ #_∏„__ #RedVelvet #___Î≤_≤≥ https://t.co/ghvlOHO6Bu""","text:""JOYxESPOIR LOOK ITEM _ espoir Foundation $ 38.99 ", Lipstick $ 20.52 ," Look Book Palette $ 32.83 leica Camera $ 650 forever21 Crop Top $ 17.99 ""}",,,,,,
"{""_id"":{""$oid"":""5e6bf421b0d40b1f9dc851c6""}",Tweet_id:1234636180467191808,"created_at:""Tue Mar 03 00:26:18 +0000 2020""","rawtext:""The latest The #DangerousFun #News! https://t.co/akS1K9xhd9 #Love to @MudRunGuide""","text:""The latest The DangerousFun News! Love to""}",,,,,,,,,,
"{""_id"":{""$oid"":""5e6bf421b0d40b1f9dc851c8""}",Tweet_id:1234636181473759232,"created_at:""Tue Mar 03 00:26:18 +0000 2020""","rawtext:""If you've read FLIPPING"," appreciate it so much if you could post a review. \nhttps://t.co/sA26wKluyw\n\n#Love #Inspiration\nhttps://t.co/f0v9KI6E51\n#""","text:""If you have read FLIPPING"," appreciate it so much if you could post a review. Love Inspiration ""}",,,,,,,,
"{""_id"":{""$oid"":""5e6bf421b0d40b1f9dc851cb""}",Tweet_id:1234636200868274182,"created_at:""Tue Mar 03 00:26:23 +0000 2020""","rawtext:""Beautiful butterfly _____•∞_\n#butterfly #love #9Vaga_Butterfly9\n\n(9vaga_butterfly9 ig) https://t.co/C31VSM0LGH""","text:""Beautiful butterfly butterfly love 9Vaga_Butterfly9 (9vaga_butterfly9 ig)""}",,,,,,,,,,
"{""_id"":{""$oid"":""5e6bf421b0d40b1f9dc851cd""}",Tweet_id:1234636218140413953,"created_at:""Tue Mar 03 00:26:27 +0000 2020""","rawtext:""Kylie Jenner and Stormi Webster are twinning in matching Dior mini dresses as they pair continue to holiday vacation in the Bahamas. #hiphopnews #rap #music #rapper #trap #dance #beats #artist #dj #rnb #newmusic #love #tmz #hiphopmusic #art @soundcloud #p https://t.co/mS1NWD8VND""","text:""Kylie Jenner and Stormi Webster are twinning in matching Dior mini dresses as they pair continue to holiday vacation in the Bahamas. ""}",,,,,,,,,,
"{""_id"":{""$oid"":""5e6bf421b0d40b1f9dc851cf""}",Tweet_id:1234636231008571393,"created_at:""Tue Mar 03 00:26:30 +0000 2020""","rawtext:""fourtyeighht ____ cutting up at at T.I__ new studio nothing but ______ #refilms #fourtyeighht #1skulle #bankrollmafia #brm #beatsession #fruityloopsstudio #work #music #happy #fun #love #shaddagod @ Atlanta"," Georgia https://t.co/XySsDzDNye""","text:""fourtyeighht cutting up at at T.I__ new studio nothing but refilms fourtyeighht 1skulle bankrollmafia brm beatsession fruityloopsstudio work music happy fun love shaddagod @ Atlanta"," Georgia""}",,,,,,,,
"{""_id"":{""$oid"":""5e6bf421b0d40b1f9dc851d4""}",Tweet_id:1234636279112966144,"created_at:""Tue Mar 03 00:26:42 +0000 2020""","rawtext:""My favorite \""Rule of the Road\"" will always be #Joy.\n\n@PeteButtigieg @Chas10Buttigieg""","text:""My favorite \""Rule of the Road\"" will always be ""}",,,,,,,,,,
"{""_id"":{""$oid"":""5e6bf421b0d40b1f9dc851dc""}",Tweet_id:1234636315767058433,"created_at:""Tue Mar 03 00:26:50 +0000 2020""","rawtext:""I just feel like I influence people because I'm like - I was practically homeless.\n\n#homelessness #homeless #community #poverty #love #charity #volunteer #donate #endhomelessness #housing #help #nonprofit_ https://t.co/cHGPmWrTx9""","text:""I just feel like I influence people because I am like - I was practically homeless. ""}",,,,,,,,,,
"{""_id"":{""$oid"":""5e6bf421b0d40b1f9dc851dd""}",Tweet_id:1234636318874972162,"created_at:""Tue Mar 03 00:26:51 +0000 2020""","rawtext:""The #alien #artifact I had discovered contained an #ancient #hidden #message. A #code.\n ~ #ProfessorWatts\n#MessageForThePeopleOfPlanetEarth #DoTheRightThing #LoveOneAnother #Discern #Love #MoralCompass #BeKind #TeachPeace #LoveIsTheWay #BookOfGrok #MysticRambler #IBelieveInLove https://t.co/Ap9qBuaVII""","text:""The alien artifact I had discovered contained an ancient hidden message. A code. ~ ""}",,,,,,,,,,
"{""_id"":{""$oid"":""5e6bf421b0d40b1f9dc851ec""}",Tweet_id:1234636397346250753,"created_at:""Tue Mar 03 00:27:10 +0000 2020""","rawtext:""I know in my #life", with #chronicillness #invisibledisease these #Words speak #truth on my #journey of #healing, to #heal #recovery Not everyone understands battles won underneath, scars, only see #joy to live a fuller life. #Laugh #Smile. Just b/c u can't see it," it is there. https://t.co/m5suFS3YEx""","text:""I know in my life", with chronicillness invisibledisease these Words speak truth on my journey of healing, to heal recovery Not everyone understands battles won underneath, scars, only see joy to live a fuller life. Laugh Smile. Just b/c you can not see it," it is there.""}"
"{""_id"":{""$oid"":""5e6bf421b0d40b1f9dc851f1""}",Tweet_id:1234636429092782080,"created_at:""Tue Mar 03 00:27:17 +0000 2020""","rawtext:""Travel the world safer and disease free with Amrit Copper Bottles. \n\n#traveltheworld #travelphotography #photography #nature #travelgram #love #photooftheday #instagood #wanderlust #instatravel #adventure_ https://t.co/2gZ9w4F6Ky""","text:""Travel the world safer and disease free with Amrit Copper Bottles. ""}",,,,,,,,,,
"{""_id"":{""$oid"":""5e6bf421b0d40b1f9dc851f3""}",Tweet_id:1234636435900248066,"created_at:""Tue Mar 03 00:27:19 +0000 2020""","rawtext:""Who wants me? Add me on snap: kailynfoxxx and hml__ #anal #dom #sub #megadropboxlinks #selling #sellingcontent #love #hot #sexy #premiumsnapchat #premiumsnap #premiumnudes #addmeonsnap #horny #wet #cute #sellingcontent #sellingpics #sellingnudes #stonergirl https://t.co/SP654qXae2""","text:""Who wants me? Add me on snap: kailynfoxx and hml ""}",,,,,,,,,,
"{""_id"":{""$oid"":""5e6bf421b0d40b1f9dc851f5""}",Tweet_id:1234636446709043201,"created_at:""Tue Mar 03 00:27:21 +0000 2020""","rawtext:""__#read #TheSpaceBetween by @susanrooke777\n \nSee my__________ #review__https://t.co/PmEDmOW9J3\n\n#angels #magical #books #redemption #love #heaven #amreading https://t.co/8LgMusQcRT""","text:""read TheSpaceBetween by See my ""}",,,,,,,,,,
"{""_id"":{""$oid"":""5e6bf421b0d40b1f9dc851f6""}",Tweet_id:1234636447338115073,"created_at:""Tue Mar 03 00:27:22 +0000 2020""","rawtext:""#NewRelease  Enough Is #Enough is an #extraordinary book of #courage and #strength and the battle it takes to endure the #pain and overcome the #love lost and maltreatment that has taken #control of your life. \nhttps://t.co/Cb7RXqELEY https://t.co/tr0ebWuKbF""","text:""NewRelease Enough Is Enough is an extraordinary book of courage and strength and the battle it takes to endure the pain and overcome the love lost and maltreatment that has taken control of your life.""}",,,,,,,,,,
"{""_id"":{""$oid"":""5e6bf421b0d40b1f9dc851f7""}",Tweet_id:1234636450664189952,"created_at:""Tue Mar 03 00:27:22 +0000 2020""","rawtext:""Just 2 Days Left to cast your vote!_ \nOur great friends @GMARonline &amp; @MichStatePolice have sponsored the training of a future Super #ServiceDog - but left naming it up to you! Will it be Tuebor"," Lansing or Bobby?____\n Vote now at: https://t.co/8OMqpTesOT\n#Love #GSD #ServiceDogs https://t.co/fkN7kE31A6""","text:""Just 2 Days Left to cast your vote!_ Our great friends &amp; have sponsored the training of a future Super ServiceDog - but left naming it up to you! Will it be Tuebor"," Lansing or Bobby? Vote now at: ""}",,,,,,,,
"{""_id"":{""$oid"":""5e6bf421b0d40b1f9dc851f4""}",Tweet_id:1234636438257491971,"created_at:""Tue Mar 03 00:27:19 +0000 2020""","rawtext:""What__ a #Heterosexual #Threesome With Two Guys Really Like?\n\n#sexuality #tearingdownculturalnorms #eliminatehomophobia #fraternal #love  https://t.co/WwqVPzqUGj""","text:""what is a Heterosexual Threesome With Two Guys Really Like? ""}",,,,,,,,,,
"{""_id"":{""$oid"":""5e6bf421b0d40b1f9dc851f9""}",Tweet_id:1234636458037637122,"created_at:""Tue Mar 03 00:27:24 +0000 2020""","rawtext:""____ Onely Magazine: Happy &amp; Single","\n \""Kicks amatonormativity in the ass.\""\n\nTHE LAST CONCEPTION\n\n_ https://t.co/eoaQYv8K4P _\n\n#lesbian #romance #India #baby #mystery\n#lesfic #family #pregnancy #sister #fertility\n#tradition #love #tw4rw #lesfic @MelangeBooks https://t.co/RFLWIZ2a4k""","text:""Onely Magazine: Happy &amp; Single"," \""Kicks amatonormativity in the ass.\"" THE LAST CONCEPTION ""}",,,,,,,,
"{""_id"":{""$oid"":""5e6bf421b0d40b1f9dc85203""}",Tweet_id:1234636512391766016,"created_at:""Tue Mar 03 00:27:37 +0000 2020""","rawtext:""True #love is always freely given"," with nothing expected in return.""","text:""True love is always freely given"," with nothing expected in return.""}",,,,,,,,
"{""_id"":{""$oid"":""5e6bf421b0d40b1f9dc85209""}",Tweet_id:1234636539881304064,"created_at:""Tue Mar 03 00:27:44 +0000 2020""","rawtext:""Love Lost; Love Regained  Together Forever - via @pensignal #Fiction #Gothic #Love #Romance #Grief https://t.co/Q1xYaZ386I""","text:""Love Lost; Love Regained Together Forever - via ""}",,,,,,,,,,
"{""_id"":{""$oid"":""5e6bf421b0d40b1f9dc8520d""}",Tweet_id:1234636546457788416,"created_at:""Tue Mar 03 00:27:45 +0000 2020""","rawtext:""RT maryabshire: #Romance #SALE\n\nhttps://t.co/ffWO8Ma9HL\n\n#Romantic #Love #ContemporaryRomance #PNR #paranormalromance #SciFi #fantasy #mus_""","text:""RT maryabshire: ""}",,,,,,,,,,
"{""_id"":{""$oid"":""5e6bf421b0d40b1f9dc85212""}",Tweet_id:1234636568821993473,"created_at:""Tue Mar 03 00:27:51 +0000 2020""","rawtext:""I found you. https://t.co/3329gLT3Se  #music #art #poetry #lyrics #poetrylyrics #writers #expression #poem #art #spokenword #writers #love #poet #Romance #freemusic  1""","text:""I found you. music art poetry lyrics poetrylyrics writers expression poem art spokenword writers love poet Romance freemusic 1""}",,,,,,,,,,
"{""_id"":{""$oid"":""5e6bf421b0d40b1f9dc85215""}",Tweet_id:1234636578116505600,"created_at:""Tue Mar 03 00:27:53 +0000 2020""","rawtext:""If you always worry about failing\nor think about all the things\nthat can go wrong\nor focus on what you can lose",\nyou are operating from\na mind of scarcity. \n\nTo tap into\na mindset of abundance,\nalways imagine\nwhat you can give,"\nlearn and achieve instead.\n\n#Love\n#MondayMotivation""","text:""If you always worry about failing or think about all the things that can go wrong or focus on what you can lose", you are operating from a mind of scarcity. To tap into a mindset of abundance, always imagine what you can give," learn and achieve instead. ""}",,,,
"{""_id"":{""$oid"":""5e6bf421b0d40b1f9dc85218""}",Tweet_id:1234636583904653315,"created_at:""Tue Mar 03 00:27:54 +0000 2020""","rawtext:""We #LOVE the bright livery on this #Arocs mixer__ It's a compact truck but still powerful and robust. Thanks Gordon Mcmurray for sharing the photo in 'Mercedes Lorries Past &amp; Present'. Do you drive an Arocs? We'd love to see it - share below__ #CoolTrucks https://t.co/ovcxjxS6uU""","text:""We LOVE the bright livery on this Arocs mixer it is a compact truck but still powerful and robust. Thanks Gordon Mcmurray for sharing the photo in 'Mercedes Lorries Past &amp; Present'. Do you drive an Arocs? we would love to see it - share below ""}",,,,,,,,,,
"{""_id"":{""$oid"":""5e6bf421b0d40b1f9dc8521a""}",Tweet_id:1234636591659876352,"created_at:""Tue Mar 03 00:27:56 +0000 2020""","rawtext:""People from your past\ncan__ pollute your future\nunless YOU invite them to\nby thinking about them NOW.\n\nLet it go.\n\n#ShineOn__n#Love\n#MondayMotivation""","text:""People from your past can not pollute your future unless YOU invite them to by thinking about them NOW. Let it go. ""}",,,,,,,,,,
"{""_id"":{""$oid"":""5e6bf421b0d40b1f9dc8521b""}",Tweet_id:1235755399682428928,"created_at:""Fri Mar 06 02:33:41 +0000 2020""","rawtext:""Let__ hook up. #thursday #night #love #hookah #friends #food #videogames #playingcards #smoothie #coffee #drinks #vip #lounge #good #times #chill #relax #hangout #followus #twitter @legacy_hookah #open #late #cleveland #ohio #usa #gethot https://t.co/jAL2hxEVSv""","text:""let us hook up. ""}",,,,,,,,,,
"{""_id"":{""$oid"":""5e6bf421b0d40b1f9dc8521f""}",Tweet_id:1235755444938907650,"created_at:""Fri Mar 06 02:33:51 +0000 2020""","rawtext:""Worrying is like paying a debt you don't owe.\n-Mark Twain\n\n#mentalhealthawareness #mentalhealth #positivity #positivevibes #motivation #happy #trust #trustyourself #future #dontworry https://t.co/Mavqnt4yUM""","text:""Worrying is like paying a debt you do not owe. -Mark Twain ""}",,,,,,,,,,
"{""_id"":{""$oid"":""5e6bf421b0d40b1f9dc85220""}",Tweet_id:1235755460541779970,"created_at:""Fri Mar 06 02:33:55 +0000 2020""","rawtext:""#Now playing on @Glams_Radio : #Talk To Me (Club Mix) by #Michael Fall &amp; Luxx Daze! Tune in now and enjoy sound of #DeepHouse #Love #Music""","text:""Now playing on : Talk To Me (Club Mix) by Michael Fall &amp; Luxx Daze! Tune in now and enjoy sound of ""}",,,,,,,,,,
"{""_id"":{""$oid"":""5e6bf421b0d40b1f9dc85223""}",Tweet_id:1235755600862035968,"created_at:""Fri Mar 06 02:34:29 +0000 2020""","rawtext:""Learn how to Rediscover Your Joy with Tony Robbins:\n__https://t.co/guHcP2Cw46\n\n#joy #happy #success #winning #motivation #goals #achieve #depression #motivation #inspiration #tonyrobbins https://t.co/q5j4W6pZ6I""","text:""Learn how to Rediscover Your Joy with Tony Robbins: ""}",,,,,,,,,,
"{""_id"":{""$oid"":""5e6bf421b0d40b1f9dc85221""}",Tweet_id:1235755510629937152,"created_at:""Fri Mar 06 02:34:07 +0000 2020""","rawtext:""There's ALWAYS a window open from my #Heart to yours! #Rumi #JoyTrain #Joy  #BeLove RT @LauriDMeizler https://t.co/w0vHRILk7b""","text:""there is ALWAYS a window open from my Heart to yours! Rumi JoyTrain Joy BeLove RT""}",,,,,,,,,,
"{""_id"":{""$oid"":""5e6bf421b0d40b1f9dc85224""}",Tweet_id:1235755613667225600,"created_at:""Fri Mar 06 02:34:32 +0000 2020""","rawtext:""The only way to do great work is to #love what you do.\n~Steve Jobs \n#inspiration #quotes https://t.co/56EgBnabWP""","text:""The only way to do great work is to love what you do. ~Steve Jobs ""}",,,,,,,,,,
"{""_id"":{""$oid"":""5e6bf421b0d40b1f9dc85225""}",Tweet_id:1235755616640978945,"created_at:""Fri Mar 06 02:34:32 +0000 2020""","rawtext:""Borderlands 2 Ultimate Loot Chest Limited Edition "," Some Extras (NO GAME) https://t.co/7Ij6THoyre #gaming #nowplaying #love https://t.co/2myYGTtPWT""","text:""Borderlands 2 Ultimate Loot Chest Limited Edition "," Some Extras (NO GAME) ""}",,,,,,,,
"{""_id"":{""$oid"":""5e6bf421b0d40b1f9dc85227""}",Tweet_id:1235755628997545986,"created_at:""Fri Mar 06 02:34:35 +0000 2020""","rawtext:""Another shout to zigmeister1109 for the Love. Aloha \n2020 VISION IN 2020!!!\n#Love #5thdimension #consciousness #consciousevolution #heartChakra #heartbraincoherence #420lifestyle #medicalmarijuana #zerowaste_ https://t.co/C5GMKMKUij""","text:""Another shout to zigmeister1109 for the Love. Aloha 2020 VISION IN 2020!! ""}",,,,,,,,,,
"{""_id"":{""$oid"":""5e6bf421b0d40b1f9dc85229""}",Tweet_id:1235755635687424002,"created_at:""Fri Mar 06 02:34:37 +0000 2020""","rawtext:""Twitter Effective Working Love Spells Protection - Twitter Effective Working Love Spells Protection | Call | WhatsApp: +27843769238 #love #lovespells #... https://t.co/hvuJHIrCsA""","text:""Twitter Effective Working Love Spells Protection - Twitter Effective Working Love Spells Protection | Call | WhatsApp: +27843769238 ""}",,,,,,,,,,
"{""_id"":{""$oid"":""5e6bf421b0d40b1f9dc85228""}",Tweet_id:1235755632797589507,"created_at:""Fri Mar 06 02:34:36 +0000 2020""","rawtext:""Kitten cuddles _•∞___§Ô_\n#noellevitz #mybaby #crazycatlady #catsofinstagram #kittencuddles #secondcatposttoday #furbaby #love @ Durham"," North Carolina https://t.co/iqyhkxubWz""","text:""Kitten cuddles _§Ô_ noellevitz mybaby crazycatlady catsofinstagram kittencuddles secondcatposttoday furbaby love @ Durham"," North Carolina""}",,,,,,,,
"{""_id"":{""$oid"":""5e6bf421b0d40b1f9dc8522c""}",Tweet_id:1235755689466716160,"created_at:""Fri Mar 06 02:34:50 +0000 2020""","rawtext:""Do you agree? _\nSmiling Will Cost You Nothing. ____\n.\nFollow Us @essanjayagrawal For More __ .\n.\n.\n#morningmotivation #morning #motivation #goodmorning #motivationalquotes #morningvibes #love #quotes #inspiration  #instagood #inspirationalquotes #positivevibes  #essanjayagrawal https://t.co/jPZZcXhQAN""","text:""Do you agree? Smiling Will Cost You Nothing. . Follow Us For More . . . ""}",,,,,,,,,,
"{""_id"":{""$oid"":""5e6bf421b0d40b1f9dc8522f""}",Tweet_id:1235755733901135873,"created_at:""Fri Mar 06 02:35:00 +0000 2020""","rawtext:""#joy of colour #colour #understanding #lovelife #AFFIRM https://t.co/B7vPy3pjL3""","text:""joy of colour ""}",,,,,,,,,,
"{""_id"":{""$oid"":""5e6bf421b0d40b1f9dc85230""}",Tweet_id:1235755736409485312,"created_at:""Fri Mar 06 02:35:01 +0000 2020""","rawtext:""Woman killed housemate with tape dispenser", shower rod," prosecutor says https://t.co/gScLXOtc1r #musicnews360 #music #newsong #lovethissong #listentothis #cannabis #california #business #news #love #follow #comment #tweegram #stocks #money #trump #democrats #nsfw https://t.co/zoRuk0Pg4o""","text:""Woman killed housemate with tape dispenser", shower rod," prosecutor says ""}",,,,,,
"{""_id"":{""$oid"":""5e6bf421b0d40b1f9dc85235""}",Tweet_id:1235755810657099776,"created_at:""Fri Mar 06 02:35:19 +0000 2020""","rawtext:""#forgottensoulshour #happy handsome boy ready and waiting on a super duper home #Pugwash #TeamZay #itsallaboutthedogs @HilbraesDogs https://t.co/lSHyhrbMsc""","text:""forgottensoulshour happy handsome boy ready and waiting on a super duper home ""}",,,,,,,,,,
"{""_id"":{""$oid"":""5e6bf421b0d40b1f9dc85237""}",Tweet_id:1235755829279760384,"created_at:""Fri Mar 06 02:35:23 +0000 2020""","rawtext:""I just want to be in my sweats", walk my dog," watch TV and eat pizza.\n________________\n#husky #huskyheaben #huskylover #love #siberianhusky #motivation #dogsoftwitter https://t.co/GwZpm5QQls""","text:""I just want to be in my sweats", walk my dog," watch TV and eat pizza. ""}",,,,,,
"{""_id"":{""$oid"":""5e6bf421b0d40b1f9dc85236""}",Tweet_id:1235755818428977153,"created_at:""Fri Mar 06 02:35:21 +0000 2020""","rawtext:""#Ego is just small three letter word"," which can destroy a twelve letter word called #relationship \n#WednesdayWisdom \n#BabyGo #supergirlbabygo \n#GoldenHearts #love #life https://t.co/8Lzo0gAyr0""","text:""Ego is just small three letter word"," which can destroy a twelve letter word called ""}",,,,,,,,
"{""_id"":{""$oid"":""5e6bf421b0d40b1f9dc85239""}",Tweet_id:1235755872003018753,"created_at:""Fri Mar 06 02:35:33 +0000 2020""","rawtext:""Powerful Save Our Marriage Now | Call | WhatsApp: +27843769238 - Best Psychic Spells Call / WhatsApp: +27843769238 #love #travel #CelebrityPsyc... https://t.co/xG50g3xEq7""","text:""Powerful Save Our Marriage Now | Call | WhatsApp: +27843769238 - Best Psychic Spells Call / WhatsApp: +27843769238 ""}",,,,,,,,,,
"{""_id"":{""$oid"":""5e6bf421b0d40b1f9dc8523d""}",Tweet_id:1235755926763614209,"created_at:""Fri Mar 06 02:35:46 +0000 2020""","rawtext:""Good Day"," Green Day __\n#Smile #Laugh #Funny #Happy https://t.co/furzBaAknU""","text:""Good Day"," Green Day ""}",,,,,,,,
"{""_id"":{""$oid"":""5e6bf421b0d40b1f9dc8523b""}",Tweet_id:1235755898322239490,"created_at:""Fri Mar 06 02:35:40 +0000 2020""","rawtext:""#mlfy #mtfy \n#love is the ruiner ..!!!\nFor the one who Does..\nNd for the one who didnt accepted \n#love is Rejection...!!!!\n#GoodMorning #TGIF \n______""","text:""mlfy mtfy love is the ruiner ..!! For the one who Does.. Nd for the one who did not accepted love is Rejection..!! ""}",,,,,,,,,,
"{""_id"":{""$oid"":""5e6bf421b0d40b1f9dc8523f""}",Tweet_id:1235755993566449665,"created_at:""Fri Mar 06 02:36:02 +0000 2020""","rawtext:""#happy #streetstyle #moda Embellishing Concealer Pen https://t.co/bUvNJgCyvS https://t.co/fFaY9pbDIN""","text:""happy streetstyle moda Embellishing Concealer Pen""}",,,,,,,,,,
"{""_id"":{""$oid"":""5e6bf421b0d40b1f9dc8523e""}",Tweet_id:1235755936066789376,"created_at:""Fri Mar 06 02:35:49 +0000 2020""","rawtext:""..\nAmazing is Our Mother Earth \n.\nWe learn a lot from her\n.\nWe think is good idea turn Again into her.\n.\nShe has a lot of teach us\n.\n.\n.\n#motherearth #nature #mothernature #love #earth #gaia #photography_ https://t.co/aFK8UTX4th""","text:"".. Amazing is Our Mother Earth . We learn a lot from her . We think is good idea turn Again into her. . She has a lot of teach us . . . ""}",,,,,,,,,,
"{""_id"":{""$oid"":""5e6bf421b0d40b1f9dc85240""}",Tweet_id:1235756005432209408,"created_at:""Fri Mar 06 02:36:05 +0000 2020""","rawtext:""@sillyorsmart @RobertPlant @JimmyPage @GibsonGuitarUK @gibsonguitar @VintageGuitar @GuitarWorld @the_60s_at_60 @Biffo183 @darylshawn @RachelAllaway @denajag @Pennie6226 @poppymoppet Melodies for guitar lovers. I am promoting my Patreon account with guitar instrumentals and here I bring you an audio https://t.co/TbuIUFyNWT please retweet (Join my Patreon account for more instrumentals every week.) #guitar #GreysAnatomy #music #musician #love #lover""","text:""Melodies for guitar lovers. I am promoting my Patreon account with guitar instrumentals and here I bring you an audio please retweet (Join my Patreon account for more instrumentals every week.) ""}",,,,,,,,,,
"{""_id"":{""$oid"":""5e6bf421b0d40b1f9dc85242""}",Tweet_id:1235756062659182598,"created_at:""Fri Mar 06 02:36:19 +0000 2020""","rawtext:""Who Is Linkedin Best Psychic of All Time - Who Is Linkedin Best Psychic of All Time | Call | WhatsApp: +27843769238 #love #lovespells #love_spells #love-spells... https://t.co/KzluulYMIY""","text:""Who Is Linkedin Best Psychic of All Time - Who Is Linkedin Best Psychic of All Time | Call | WhatsApp: +27843769238 ""}",,,,,,,,,,
"{""_id"":{""$oid"":""5e6bf421b0d40b1f9dc85245""}",Tweet_id:1235756101146046464,"created_at:""Fri Mar 06 02:36:28 +0000 2020""","rawtext:""Habesha High Fashion\n\n#habesha #jewelry #love #Ethiopia https://t.co/jBQauSGX7C""","text:""Habesha High Fashion ""}",,,,,,,,,,
"{""_id"":{""$oid"":""5e6bf421b0d40b1f9dc85246""}",Tweet_id:1235756116182630400,"created_at:""Fri Mar 06 02:36:31 +0000 2020""","rawtext:""Will he catch it? #TikTok #cat #pets #love #fyp #foryou #foru #cute #CutenessOverload  https://t.co/u3WvsMRGjG""","text:""Will he catch it? ""}",,,,,,,,,,
"{""_id"":{""$oid"":""5e6bf421b0d40b1f9dc85248""}",Tweet_id:1235756129424158720,"created_at:""Fri Mar 06 02:36:35 +0000 2020""","rawtext:""I'm a mad dog whose only concern is winning.\n______________\n#husky #huskyheaven #puppy #happy #dogsoftwitter #motivation #loveislove https://t.co/vZPU3tPaNC""","text:""I am a mad dog whose only concern is winning. ""}",,,,,,,,,,
"{""_id"":{""$oid"":""5e6bf421b0d40b1f9dc85247""}",Tweet_id:1235756120003706881,"created_at:""Fri Mar 06 02:36:32 +0000 2020""","rawtext:""The #empty #tomb #Easter #gift #idea A #loving reminder of the #love God has for mankind!\nhttps://t.co/RhIqOqmG6q via @Etsy""","text:""The empty tomb Easter gift idea A loving reminder of the love God has for mankind! via""}",,,,,,,,,,
"{""_id"":{""$oid"":""5e6bf421b0d40b1f9dc85249""}",Tweet_id:1235756135241650182,"created_at:""Fri Mar 06 02:36:36 +0000 2020""","rawtext:""Missy Vibes _______ #missyelliott #ciara #losecontrol #hiphop #danceclass #positivevibes #live #love #laugh #winter #march #2020 #dancelife #sandiego #california #sd #ca @ San Diego"," California https://t.co/Lu1lubQrVa""","text:""Missy Vibes _ missyelliott ciara losecontrol hiphop danceclass positivevibes live love laugh winter march 2020 dancelife sandiego california sd ca @ San Diego"," California""}",,,,,,,,
"{""_id"":{""$oid"":""5e6bf421b0d40b1f9dc8524b""}",Tweet_id:1235756233547800576,"created_at:""Fri Mar 06 02:36:59 +0000 2020""","rawtext:""Did you hear? #Students interested in #culinary #arts and hospitality management"," this $500 #scholarship is for you! #love #food Woman cookMan cookWoman cook https://t.co/Izz8h6Nn9i https://t.co/70cU2taifu""","text:""Did you hear? Students interested in culinary arts and hospitality management"," this $500 scholarship is for you! love food Woman cookMan cookWoman cook""}",,,,,,,,
"{""_id"":{""$oid"":""5e6bf421b0d40b1f9dc8524d""}",Tweet_id:1235756249519493120,"created_at:""Fri Mar 06 02:37:03 +0000 2020""","rawtext:""Why Relationships go from love to hate???\n\n#Sadhguru\n#Love\n#RelationshipGoals\n#FridayThoughts \n#GodMorningFriday\n#FridayFeeling\n#FridayMotivation https://t.co/mP87XooDqF""","text:""Why Relationships go from love to hate?? ""}",,,,,,,,,,
"{""_id"":{""$oid"":""5e6bf421b0d40b1f9dc8524e""}",Tweet_id:1235756272575811584,"created_at:""Fri Mar 06 02:37:09 +0000 2020""","rawtext:""#NYC Check out \""Love and Unity Easter Family Luncheon\"" https://t.co/fa0y1qiCiO_ \n@Randbreloaded\n #NYC #LA #Miami #Vegas #Chicago #DC #ATL #London #Philly #NewJersey #GoodFriday  #LongIsland #Bronx #MondayMotivation  #Queens #Brooklyn #Easter #travel #love #music pls #RT""","text:""NYC Check out \""Love and Unity Easter Family Luncheon\"" NYC LA Miami Vegas Chicago DC ATL London Philly NewJersey GoodFriday LongIsland Bronx MondayMotivation Queens Brooklyn Easter travel love music pls ""}",,,,,,,,,,
"{""_id"":{""$oid"":""5e6bf421b0d40b1f9dc85252""}",Tweet_id:1235756361016913920,"created_at:""Fri Mar 06 02:37:30 +0000 2020""","rawtext:""That`s just superb!\n\n#womenhair #love #beauty #hairstylist #longhair #hairdo https://t.co/0I8nyRqOPt""","text:""That`s just superb! ""}",,,,,,,,,,
"{""_id"":{""$oid"":""5e6bf421b0d40b1f9dc8524f""}",Tweet_id:1235756326459977732,"created_at:""Fri Mar 06 02:37:22 +0000 2020""","rawtext:""I love when cum in the face. Want Want #Arlington Heights   #happy #cumtribute https://t.co/rIeMYx2GOc""","text:""I love when cum in the face. Want Want Arlington Heights ""}",,,,,,,,,,
"{""_id"":{""$oid"":""5e6bf421b0d40b1f9dc85255""}",Tweet_id:1235756403425505283,"created_at:""Fri Mar 06 02:37:40 +0000 2020""","rawtext:""#NYC Check out \""The Grand African Ball\"" https://t.co/1KIe3LL6BT_ \n@Randbreloaded\n #NYC #LA #Miami #Vegas #Chicago #DC #ATL #London #Philly #NewJersey #GoodFriday  #LongIsland #Bronx #MondayMotivation  #Queens #Brooklyn #Summer #travel #love #music pls #RT""","text:""NYC Check out \""The Grand African Ball\"" NYC LA Miami Vegas Chicago DC ATL London Philly NewJersey GoodFriday LongIsland Bronx MondayMotivation Queens Brooklyn Summer travel love music pls ""}",,,,,,,,,,
"{""_id"":{""$oid"":""5e6bf421b0d40b1f9dc85258""}",Tweet_id:1235756485038215170,"created_at:""Fri Mar 06 02:37:59 +0000 2020""","rawtext:""Beautiful Rosemary Plant from \n@sproutsfm \n\n#Herb #Love #Rosemary https://t.co/yz9pGgvgNG""","text:""Beautiful Rosemary Plant from ""}",,,,,,,,,,
"{""_id"":{""$oid"":""5e6bf421b0d40b1f9dc8525b""}",Tweet_id:1235756520819875843,"created_at:""Fri Mar 06 02:38:08 +0000 2020""","rawtext:""My big boy #love https://t.co/7EC0cki5TO""","text:""My big boy ""}",,,,,,,,,,
"{""_id"":{""$oid"":""5e6bf421b0d40b1f9dc8525a""}",Tweet_id:1235756496018903040,"created_at:""Fri Mar 06 02:38:02 +0000 2020""","rawtext:""A puppy plays with every pup he meets"," but an old dog has few associates.\n______________\n#husky #huskyheaven #puppy #baby #love #goals #DogsofTwittter #motivation https://t.co/0Uk4Ny8FcH""","text:""A puppy plays with every pup he meets"," but an old dog has few associates. ""}",,,,,,,,
"{""_id"":{""$oid"":""5e6bf421b0d40b1f9dc8525d""}",Tweet_id:1235756589971378178,"created_at:""Fri Mar 06 02:38:24 +0000 2020""","rawtext:""No matter how you're feeling"," a little dog gunna love you.\n______________\n#husky #huskyheaven #puppy #love #cute #dogs #Motivation https://t.co/LwH5mitho8""","text:""No matter how you are feeling"," a little dog gunna love you. ""}",,,,,,,,
"{""_id"":{""$oid"":""5e6bf421b0d40b1f9dc8525e""}",Tweet_id:1235756627858460675,"created_at:""Fri Mar 06 02:38:33 +0000 2020""","rawtext:""Through Faith God has given us a path to eternal life; it is all we need so we can get to know Jesus Christ on a personal level: For God so loved the..... https://t.co/KL42TUYM19  #Love #LoveStory #JesusSaves https://t.co/l58WkUfktc""","text:""Through Faith God has given us a path to eternal life; it is all we need so we can get to know Jesus Christ on a personal level: For God so loved the.. ""}",,,,,,,,,,
"{""_id"":{""$oid"":""5e6bf421b0d40b1f9dc85260""}",Tweet_id:1235756661702307840,"created_at:""Fri Mar 06 02:38:42 +0000 2020""","rawtext:""Actually"," my dog I think is the only person who consistently loves me all the time.\n______________\n#husky #huskyheaven #puppy #dogsoftwitter #Motivation #love #goals https://t.co/tSQH75S0uO""","text:""Actually"," my dog I think is the only person who consistently loves me all the time. ""}",,,,,,,,
"{""_id"":{""$oid"":""5e6bf421b0d40b1f9dc85263""}",Tweet_id:1235756694065401856,"created_at:""Fri Mar 06 02:38:49 +0000 2020""","rawtext:""MAN ALL I CAN SAY IS GOD IS GREAT!!! PRAYERS ____FOR MY MOM\n.\n#love #instagood #photooftheday #life #follow #picoftheday #happy #soundcloud #newrapper #unsignedartist #soundcloudrapper #soundcloudrappers #soundcloudrepost \n.\nhttps://t.co/0pSDYQGCTZ\n.\nhttps://t.co/buR1fxusey https://t.co/aePHC3G6fk""","text:""MAN ALL I CAN SAY IS GOD IS GREAT!! PRAYERS FOR MY MOM . love instagood photooftheday life follow picoftheday happy soundcloud newrapper unsignedartist soundcloudrapper soundcloudrappers soundcloudrepost . .""}",,,,,,,,,,
"{""_id"":{""$oid"":""5e6bf422b0d40b1f9dc8526d""}",Tweet_id:1235756904636387328,"created_at:""Fri Mar 06 02:39:39 +0000 2020""","rawtext:""Dingle"," Co. Kerry. An absolute classic! What a spot! #Love #Ireland https://t.co/g0A2nxFScO""","text:""Dingle"," Co. Kerry. An absolute classic! What a spot! ""}",,,,,,,,
"{""_id"":{""$oid"":""5e6bf422b0d40b1f9dc85270""}",Tweet_id:1235756950983409665,"created_at:""Fri Mar 06 02:39:51 +0000 2020""","rawtext:""#happy_ #streetstyle #moda_ Superman Black Metal Badge Wallet https://t.co/fOy6zrZUaE""","text:""happy streetstyle moda Superman Black Metal Badge Wallet""}",,,,,,,,,,
"{""_id"":{""$oid"":""5e6bf422b0d40b1f9dc8526f""}",Tweet_id:1235756947690811393,"created_at:""Fri Mar 06 02:39:50 +0000 2020""","rawtext:""Starting #VisibleBoyfriend thing :D\nMeet Piotr", he isn't active on social media but," he does speak enviro: https://t.co/53PkECSf6p We've met 2 years ago and started playing mtg and boardgames together_•∞\n#art #love #sharing #caring #illustration #mtg #artist https://t.co/kBgtlnYWlP""","text:""Starting VisibleBoyfriend thing Meet Piotr", he is not active on social media but," he does speak enviro: we have met 2 years ago and started playing mtg and boardgames together ""}",,,,,,
"{""_id"":{""$oid"":""5e6bf422b0d40b1f9dc8526e""}",Tweet_id:1235756906104238080,"created_at:""Fri Mar 06 02:39:40 +0000 2020""","rawtext:""Now that the #ica20 program is out"," I can share how absolutely nuts it is that I have won two Top Faculty Paper awards for Journalism Studies!!!! So congrats to my awesome co-authors: @steensteensen @PetersChrisJ @erik_knudsen @avivbarnoy &amp; Corinna Lauerer #howridiculous #happy""","text:""Now that the ica20 program is out"," I can share how absolutely nuts it is that I have won two Top Faculty Paper awards for Journalism Studies!! So congrats to my awesome co-authors: &amp; Corinna Lauerer ""}",,,,,,,,
"{""_id"":{""$oid"":""5e6bf422b0d40b1f9dc85273""}",Tweet_id:1235756979848650752,"created_at:""Fri Mar 06 02:39:57 +0000 2020""","rawtext:""\""FLA DNA\"" Florida Apparel!!! Check out https://t.co/C1BXdwAB3s  and follow us on Instagram @fla_dna. \""Live and shop like a Native\"". #florida #floridaliving #local #clothing #apparel #trends #saltlife #outdoors #surfing #skate #skateboard #goodvibes #Google  #happy #Tropical #cool https://t.co/8NU0SN6TEx""","text:""\""FLA DNA\"" Florida Apparel!! Check out and follow us on Instagram . \""Live and shop like a Native\"". ""}",,,,,,,,,,
"{""_id"":{""$oid"":""5e6bf422b0d40b1f9dc85276""}",Tweet_id:1235757005186494465,"created_at:""Fri Mar 06 02:40:03 +0000 2020""","rawtext:""#Now playing on @Glams_Radio : #Red Man Calypso (Whitesquare Remix) by #Kalyma! Tune in now and enjoy sound of #DeepHouse #Love #Music""","text:""Now playing on : Red Man Calypso (Whitesquare Remix) by Kalyma! Tune in now and enjoy sound of ""}",,,,,,,,,,
"{""_id"":{""$oid"":""5e6bf422b0d40b1f9dc85278""}",Tweet_id:1235757023943409665,"created_at:""Fri Mar 06 02:40:08 +0000 2020""","rawtext:""Things I did? THAT! \n\nI firmly believe that my gift will make room for me. This lil island gyal from The Bahamas will be an internationally known and very successful photographer! #love #blacklove #242totheworld #photography #MondayMotivation #couples \n\nhttps://t.co/6Je0D9Bz6r https://t.co/gkYQ8GwgJ1""","text:""Things I did? THAT! I firmly believe that my gift will make room for me. This lil island gyal from The Bahamas will be an internationally known and very successful photographer! ""}",,,,,,,,,,
"{""_id"":{""$oid"":""5e6bf422b0d40b1f9dc85275""}",Tweet_id:1235757002350931970,"created_at:""Fri Mar 06 02:40:03 +0000 2020""","rawtext:""200305 @yerimiese Update - Yeri\n#irene #seulgi #wendy #joy #yeri #yeriredvelvet #ireneredvelvet #joyredvelvet\n#wendyredvelvet #seulgiredvelvet #redvelvetirene #redvelvetyeri #redvelvetwendy\n#redvelvetseulgi #redvelvetjoy #kpopfashion #kpopwearing #kpopwardrobe #___Î≤_≤≥ https://t.co/12wGmeDruQ""","text:""200305 Update - Yeri ""}",,,,,,,,,,
"{""_id"":{""$oid"":""5e6bf422b0d40b1f9dc85277""}",Tweet_id:1235757021472993286,"created_at:""Fri Mar 06 02:40:07 +0000 2020""","rawtext:""32 years ago!!! Love love love!!!!\n#32years #love #father #sister #family em Jardim Romano https://t.co/IbHK5bSRMO""","text:""32 years ago!! Love love love!! 32years love father sister family em Jardim Romano""}",,,,,,,,,,
"{""_id"":{""$oid"":""5e6bf422b0d40b1f9dc8527a""}",Tweet_id:1235757051139239936,"created_at:""Fri Mar 06 02:40:14 +0000 2020""","rawtext:""Sweets and Rainbows make me happy. ________Ô∏__ #joy #cupcakes #rainbow @ Hell's Kitchen"," Manhattan https://t.co/subN7U6q4r""","text:""Sweets and Rainbows make me happy. ___Ô∏ joy cupcakes rainbow @ Hell's Kitchen"," Manhattan""}",,,,,,,,
"{""_id"":{""$oid"":""5e6bf422b0d40b1f9dc8527b""}",Tweet_id:1235757057908674560,"created_at:""Fri Mar 06 02:40:16 +0000 2020""","rawtext:""Trending FOLLOW ME #coronavirusinindia #coronavirus #CoronaAlert #CoronavirusOutbreak #CoronaVirusSA #Corona #DowJones #MoneyHeist4 #YesBank #YesToShutdownabscbn #YouTubeGiveUsOurViews #GranadaAthletic #HBDSharwa #lauvxbts #LCDP4 #love #FridayThoughts #FridayMotivation #Friday https://t.co/sDeXTFgjzB""","text:""Trending FOLLOW ME ""}",,,,,,,,,,
"{""_id"":{""$oid"":""5e6bf422b0d40b1f9dc8527c""}",Tweet_id:1235757072484102145,"created_at:""Fri Mar 06 02:40:19 +0000 2020""","rawtext:""Jesus Christ Christian Bible Prophecy News - #POTUS #happy #patriot #MAGA: Pedogate Pizza Gate pedophile cannibal Luciferian Satanist DNC FBI globalists who sold America nuclear weapon &amp; CIA secrets to other nations is trying to kick out Donald Trump &amp; nationalists &amp; Constitution https://t.co/hF80k9ET5N""","text:""Jesus Christ Christian Bible Prophecy News - POTUS happy patriot MAGA: Pedogate Pizza Gate pedophile cannibal Luciferian Satanist DNC FBI globalists who sold America nuclear weapon &amp; CIA secrets to other nations is trying to kick out Donald Trump &amp; nationalists &amp; Constitution""}",,,,,,,,,,
"{""_id"":{""$oid"":""5e6bf422b0d40b1f9dc85280""}",Tweet_id:1235757094030147585,"created_at:""Fri Mar 06 02:40:25 +0000 2020""","rawtext:""https://t.co/GfJ6HgEhCM #Black Thigh High Over The Knee Boots With Clear Lucite Heels 9 #fashion #highheel #heels #shoes #women #womenfashion #cute #high_heels #pinup #girls #love #pumps #pearls""","text:""Black Thigh High Over The Knee Boots With Clear Lucite Heels 9 ""}",,,,,,,,,,
"{""_id"":{""$oid"":""5e6bf422b0d40b1f9dc85281""}",Tweet_id:1235757136971468800,"created_at:""Fri Mar 06 02:40:35 +0000 2020""","rawtext:""@SuperSunnyTwitz @sexynavell @fri55534410 @deisikumari @Lord_n_Master @TheLightPole @vaibhavomaaa @ssakshii_diva @ms395481 @NaughtyBhabhi @beauty_plus7 @preet_shergill_ @pooja_hwife How much money do you have? __\n(Part 2/3)\n\n#Desi intense #love-making #kiss #smooch https://t.co/4BdqrZFoCv""","text:""How much money do you have? (Part 2/3) Desi intense ""}",,,,,,,,,,
"{""_id"":{""$oid"":""5e6bf422b0d40b1f9dc8527e""}",Tweet_id:1235757084651765760,"created_at:""Fri Mar 06 02:40:22 +0000 2020""","rawtext:""#NewYork Check out \""Love and Unity Easter Family Luncheon event\"" https://t.co/oS8FV59IL9\n@Randbreloaded\n#NYC #LA #Miami #Vegas #Chicago #DC #ATL #London #Philly #NewJersey #GoodFriday  #LongIsland #Bronx #MondayMotivation  #Queens #Brooklyn #Easter #travel #love #music pls #RT https://t.co/jeQZcNuS7W""","text:""NewYork Check out \""Love and Unity Easter Family Luncheon event\"" NYC LA Miami Vegas Chicago DC ATL London Philly NewJersey GoodFriday LongIsland Bronx MondayMotivation Queens Brooklyn Easter travel love music pls ""}",,,,,,,,,,
"{""_id"":{""$oid"":""5e6bf422b0d40b1f9dc85283""}",Tweet_id:1235757146660356101,"created_at:""Fri Mar 06 02:40:37 +0000 2020""","rawtext:""Crazy J -  My Black Rose  (Official Video) https://t.co/IJBBw73eOY\n #singer #artist #song #fun #newyork #life #happy #rock #guitar #nyc  #amazing #me #performance #drinks #CrazyJ #Officalcrazyj #singer #acoustic #song #singing #acousticguitar #sing #vocals #yes""","text:""Crazy J - My Black Rose (Official Video) ""}",,,,,,,,,,
"{""_id"":{""$oid"":""5e6bf422b0d40b1f9dc8527f""}",Tweet_id:1235757092113444864,"created_at:""Fri Mar 06 02:40:24 +0000 2020""","rawtext:""https://t.co/PDWhHMEZdd #Leather High Heels Ankle Boots Shearling  European Size 40 Made In Italy #fashion #highheel #heels #shoes #women #womenfashion #cute #high_heels #pinup #girls #love #pumps #pearls""","text:""Leather High Heels Ankle Boots Shearling European Size 40 Made In Italy ""}",,,,,,,,,,
"{""_id"":{""$oid"":""5e6bf422b0d40b1f9dc85284""}",Tweet_id:1235757149734780928,"created_at:""Fri Mar 06 02:40:38 +0000 2020""","rawtext:""Let's start to do something new. Let's celebrate parents worship day on 14th feb bcz our parents are our real #love. I'm thankful to Sant Shri Asaram Bapu Ji bcz they gave us  inspiration to start parents worship day on 14th feb\n#ProudDisciplesOfBapuji\n#14FebDayToWorshipParents https://t.co/s0NI78Jzdh""","text:""let us start to do something new. let us celebrate parents worship day on 14th feb bcz our parents are our real love. I am thankful to Sant Shri Asaram Bapu Ji bcz they gave us inspiration to start parents worship day on 14th feb ""}",,,,,,,,,,
"{""_id"":{""$oid"":""5e6bf422b0d40b1f9dc85288""}",Tweet_id:1235757241225093127,"created_at:""Fri Mar 06 02:41:00 +0000 2020""","rawtext:""_§© 50% Off 1st 10 Subscribers _§©\nIf you #love hot tight #sexy little #young #EnglishSluts or see what #pornstars when making real life content with their #slutty #whore friends this is the best place to see latest exclusive content updated every day _§© https://t.co/kYEo5bSBBI https://t.co/x0XJXpLH60""","text:""50% Off 1st 10 Subscribers If you love hot tight sexy little young EnglishSluts or see what pornstars when making real life content with their slutty whore friends this is the best place to see latest exclusive content updated every day""}",,,,,,,,,,
"{""_id"":{""$oid"":""5e6bf422b0d40b1f9dc85289""}",Tweet_id:1235757241908834304,"created_at:""Fri Mar 06 02:41:00 +0000 2020""","rawtext:""@Locavida143 The source of Joy lives in your heart"," connect with it\nWish you Joy #Love""","text:""The source of Joy lives in your heart"," connect with it Wish you Joy ""}",,,,,,,,
"{""_id"":{""$oid"":""5e6bf422b0d40b1f9dc8528a""}",Tweet_id:1235757243674607625,"created_at:""Fri Mar 06 02:41:00 +0000 2020""","rawtext:""Jesus is the answer!\n\n#jesus #god #bible #christian #love #chrisheidlebaugh https://t.co/K5adzQdz4K https://t.co/wyxIs0odip""","text:""Jesus is the answer! ""}",,,,,,,,,,
"{""_id"":{""$oid"":""5e6bf422b0d40b1f9dc85285""}",Tweet_id:1235757186715987969,"created_at:""Fri Mar 06 02:40:47 +0000 2020""","rawtext:""@lovingquotes01 RT @graylifexo: Never give up on something that you can't go a day without thinking about.\n-Winston Churchill \n\n#love_ https://t.co/WxRJyxWV0S""","text:""RT : Never give up on something that you can not go a day without thinking about. -Winston Churchill ""}",,,,,,,,,,
"{""_id"":{""$oid"":""5e6bf422b0d40b1f9dc85286""}",Tweet_id:1235757200443879424,"created_at:""Fri Mar 06 02:40:50 +0000 2020""","rawtext:""@lovingquotes01 RT @rahulnamdev1004: RT @ActionComplete: The only way to do great work is to #love what you do.\n~Steve Jobs \n#inspiration #quotes https://t.co/FHrxlIvMCq""","text:""RT : RT : The only way to do great work is to love what you do. ~Steve Jobs ""}",,,,,,,,,,
"{""_id"":{""$oid"":""5e6bf422b0d40b1f9dc85287""}",Tweet_id:1235757235315318784,"created_at:""Fri Mar 06 02:40:58 +0000 2020""","rawtext:""My Petionista ZERO BOX is here! __ #HappyWithTAEYEON #Happy__ #TAEYEON ! https://t.co/SChp7mMiFg""","text:""My Petionista ZERO BOX is here! HappyWithTAEYEON Happy TAEYEON !""}",,,,,,,,,,
"{""_id"":{""$oid"":""5e6bf422b0d40b1f9dc8528d""}",Tweet_id:1235757255296978946,"created_at:""Fri Mar 06 02:41:03 +0000 2020""","rawtext:""#society #bliss #Mindset Women empowering site: Most folks R as #happy as they #make up their #minds to be Lincoln https://t.co/B2bHzKnjXu""","text:""society bliss Mindset Women empowering site: Most folks R as happy as they make up their minds to be Lincoln""}",,,,,,,,,,
"{""_id"":{""$oid"":""5e6bf422b0d40b1f9dc8528e""}",Tweet_id:1235757293779800064,"created_at:""Fri Mar 06 02:41:12 +0000 2020""","rawtext:""Mini-G enjoyed his visit to the #tombstonebrewing #taproom in #tombstonearizona #godzilla #craftbeer #craftbeerlife #craftbeerlover #beer #happy #stout #stoutbeer @ Tombstone Brewing Company https://t.co/dIf4mtOQf4""","text:""Mini-G enjoyed his visit to the tombstonebrewing taproom in tombstonearizona godzilla craftbeer craftbeerlife craftbeerlover beer happy stout stoutbeer @ Tombstone Brewing Company""}",,,,,,,,,,
"{""_id"":{""$oid"":""5e6bf422b0d40b1f9dc85290""}",Tweet_id:1235757316009537542,"created_at:""Fri Mar 06 02:41:18 +0000 2020""","rawtext:""#NewYork Check out \""The Soul Mothers Day Project\"" https://t.co/rn6L7aEINp\n@Randbreloaded\n#NYC #LA #Miami #Vegas #Chicago #DC #ATL #London #Philly #NewJersey  #LongIsland #Bronx #MondayMotivation  #Spring  #Queens #Brooklyn  #MothersDay   #travel #love #music pls #RT""","text:""NewYork Check out \""The Soul Mothers Day Project\"" NYC LA Miami Vegas Chicago DC ATL London Philly NewJersey LongIsland Bronx MondayMotivation Spring Queens Brooklyn MothersDay travel love music pls ""}",,,,,,,,,,
"{""_id"":{""$oid"":""5e6bf422b0d40b1f9dc85293""}",Tweet_id:1235757381067460609,"created_at:""Fri Mar 06 02:41:33 +0000 2020""","rawtext:""#beauty #fashion #music #crazy #shopping #love #womensfashion MIFA F10 Wirless Bluetooth Speaker Built-in mic Bluetooth 4.0 Stereo Water-proof Outdoor Speaker With Bass https://t.co/oraFp5UA7t https://t.co/XElNqCUUOE""","text:""beauty fashion music crazy shopping love womensfashion MIFA F10 Wirless Bluetooth Speaker Built-in mic Bluetooth 4.0 Stereo Water-proof Outdoor Speaker With Bass""}",,,,,,,,,,
"{""_id"":{""$oid"":""5e6bf422b0d40b1f9dc85294""}",Tweet_id:1235757402005352450,"created_at:""Fri Mar 06 02:41:38 +0000 2020""","rawtext:""__Follow For More__\n#Furry #Furries #Love #Lewd_#Pets #DDLG #Sub #Art_#Sex #Daddy #Mood #Anime #Babes #Meme #Girls #Nsfw #Fun https://t.co/xbuIQpDwRm""","text:""Follow For More ""}",,,,,,,,,,
"{""_id"":{""$oid"":""5e6bf422b0d40b1f9dc85296""}",Tweet_id:1235757423442477056,"created_at:""Fri Mar 06 02:41:43 +0000 2020""","rawtext:""@WifeSwap when you don't expose your children to the world safely"," you do them a grave injustice. Matthews 7:1-Judge not! Opening your mind allows you the opportunity to effectively minister to someone of another faith! #preacherskid #openyourmind #love""","text:""when you do not expose your children to the world safely"," you do them a grave injustice. Matthews 7 not! Opening your mind allows you the opportunity to effectively minister to someone of another faith! ""}",,,,,,,,
"{""_id"":{""$oid"":""5e6bf422b0d40b1f9dc85299""}",Tweet_id:1235757473807495168,"created_at:""Fri Mar 06 02:41:55 +0000 2020""","rawtext:""I love the way I exist bet to you __ #love you bby""","text:""I love the way I exist bet to you love you bby""}",,,,,,,,,,
"{""_id"":{""$oid"":""5e6bf422b0d40b1f9dc85298""}",Tweet_id:1235757473589604352,"created_at:""Fri Mar 06 02:41:55 +0000 2020""","rawtext:""__ New Podcast! \""Be Above All Things\"" on @Spreaker #african #djstagez #love #philosophy #religion #roman #wisdom https://t.co/FrItQOIlxQ""","text:""New Podcast! \""Be Above All Things\"" on ""}",,,,,,,,,,
"{""_id"":{""$oid"":""5e6bf422b0d40b1f9dc8529c""}",Tweet_id:1235757536659124224,"created_at:""Fri Mar 06 02:42:10 +0000 2020""","rawtext:""We're honored to be nominated by #gobubble for #WorldBookDay &amp; #NationalReadingMonth! We'll be sharing some #fun &amp; #educational #bookclub activities"," #videos &amp; more! Sign up your #school/#classroom w/@joinbubble &amp; celebrate the #Joy of #reading with us in April! _•∞______ #edchat""","text:""we are honored to be nominated by gobubble for WorldBookDay &amp; NationalReadingMonth! we will be sharing some fun &amp; educational bookclub activities"," videos &amp; more! Sign up your school/classroom w/ &amp; celebrate the Joy of reading with us in April! ""}",,,,,,,,
"{""_id"":{""$oid"":""5e6bf422b0d40b1f9dc8529f""}",Tweet_id:1235757555076542464,"created_at:""Fri Mar 06 02:42:15 +0000 2020""","rawtext:""#Aquarius\n#Valentines Loading #Valentines2020\n#photography #naturaleza #Artistic #Distinct #Art #FineArt #Mesmeric #Expression #GoodVibes\n#Smart #Sleek #Sweet #Smile #Love #Creative #Mindset #LifeLessons #nature #Sustainability #Peace\n\nWORLD AROUND US IS BURNING BUT WE'RE SO COLD https://t.co/xLawqx3ZmU""","text:""Aquarius Valentines Loading Valentines2020 photography naturaleza Artistic Distinct Art FineArt Mesmeric Expression GoodVibes Smart Sleek Sweet Smile Love Creative Mindset LifeLessons nature Sustainability Peace WORLD AROUND US IS BURNING BUT we are SO COLD""}",,,,,,,,,,
"{""_id"":{""$oid"":""5e6bf422b0d40b1f9dc852a1""}",Tweet_id:1235757571102957568,"created_at:""Fri Mar 06 02:42:18 +0000 2020""","rawtext:""Sweet Pontiac 1957 #like#follow#mjp#musicjunkiepress#bands#cool#awesome#classiccars#oldcars#sweet #goodvibes #healing #peace #love #unity #family https://t.co/mVaMIJfcI1""","text:""Sweet Pontiac 1957 likefollowmjpmusicjunkiepressbandscoolawesomeclassiccarsoldcarssweet ""}",,,,,,,,,,
"{""_id"":{""$oid"":""5e6bf422b0d40b1f9dc852a2""}",Tweet_id:1235757572763922432,"created_at:""Fri Mar 06 02:42:19 +0000 2020""","rawtext:""#NewYork Check out \""Street Chic Generation Bridge Summer White Party\"" https://t.co/ZZwS2nvxut\n@Randbreloaded\n#NYC #LA #Miami #Vegas #Chicago #DC #ATL #London #Sydney #Melbourne  #Paris #MondayMotivation  #Dubai #CapeTown #Johannesburg #whiteparty #travel #love #music pls #RT""","text:""NewYork Check out \""Street Chic Generation Bridge Summer White Party\"" NYC LA Miami Vegas Chicago DC ATL London Sydney Melbourne Paris MondayMotivation Dubai CapeTown Johannesburg whiteparty travel love music pls ""}",,,,,,,,,,
"{""_id"":{""$oid"":""5e6bf422b0d40b1f9dc852aa""}",Tweet_id:1235757620516065280,"created_at:""Fri Mar 06 02:42:30 +0000 2020""","rawtext:""To most people the sky is the limit"," for me the sky is home\n #Happy https://t.co/JeLEBLU2ts""","text:""To most people the sky is the limit"," for me the sky is home ""}",,,,,,,,
"{""_id"":{""$oid"":""5e6bf422b0d40b1f9dc852b8""}",Tweet_id:1235757687821832192,"created_at:""Fri Mar 06 02:42:46 +0000 2020""","rawtext:""New SECRET SEQUENCE episode has been recorded for Sunday. Listen to this episode for a chance to win a $100 Amazon Gift Card __\n#win #competition #funny #pets #influencer #thankful #love #beautiful #happy #cute #art #fun #moods #contest #giveaway #amazon #amazongiftcard""","text:""New SECRET SEQUENCE episode has been recorded for Sunday. Listen to this episode for a chance to win a $100 Amazon Gift Card ""}",,,,,,,,,,
"{""_id"":{""$oid"":""5e6bf422b0d40b1f9dc852bb""}",Tweet_id:1235757732583665665,"created_at:""Fri Mar 06 02:42:57 +0000 2020""","rawtext:""#NewYork Check out \""THE GRAND AFRICAN BALL\"" https://t.co/KrjD5SAOZ6_ \n@Randbreloaded\n#NYC #LA #Miami #Vegas #Chicago #DC #ATL #London #Sydney #Melbourne #Toronto #Paris #MondayMotivation  #Dubai #CapeTown #Johannesburg #Africa   #travel #love #music pls #RT""","text:""NewYork Check out \""THE GRAND AFRICAN BALL\"" NYC LA Miami Vegas Chicago DC ATL London Sydney Melbourne Toronto Paris MondayMotivation Dubai CapeTown Johannesburg Africa travel love music pls ""}",,,,,,,,,,
"{""_id"":{""$oid"":""5e6bf422b0d40b1f9dc852c2""}",Tweet_id:1235757899458076672,"created_at:""Fri Mar 06 02:43:37 +0000 2020""","rawtext:""[#K_SERIAL]\n\nTaeyeon releases two more new concept photos for #Happy!\n\nhttps://t.co/RqCpU6SLhq\n\n#Taeyeon #___ #GirlsGeneration #______ #Kpop https://t.co/E77OoTRexv""","text:""[K_SERIAL] Taeyeon releases two more new concept photos for ""}",,,,,,,,,,
"{""_id"":{""$oid"":""5e6bf422b0d40b1f9dc852c3""}",Tweet_id:1235757901341429760,"created_at:""Fri Mar 06 02:43:37 +0000 2020""","rawtext:""#NewYork Check out \""End of Year Hiphop-R&amp;B-Reggae-Soca Night\"" https://t.co/uQfHLXXpG2\n@Randbreloaded\n#NYC #LA #Miami #Vegas #Chicago #DC #ATL #London #Sydney #Melbourne #Toronto #Paris #MondayMotivation  #Dubai #CapeTown #Johannesburg #newyear  #travel #love #music pls #RT""","text:""NewYork Check out \""End of Year Hiphop-R&amp;B-Reggae-Soca Night\"" NYC LA Miami Vegas Chicago DC ATL London Sydney Melbourne Toronto Paris MondayMotivation Dubai CapeTown Johannesburg newyear travel love music pls ""}",,,,,,,,,,
"{""_id"":{""$oid"":""5e6bf422b0d40b1f9dc852c6""}",Tweet_id:1235757910380236800,"created_at:""Fri Mar 06 02:43:39 +0000 2020""","rawtext:""Thank you Goddess. I'm sure the horrible #BerneBrosAndBots will be out in full force.\nYou can handle it!! #Love""","text:""Thank you Goddess. I am sure the horrible BerneBrosAndBots will be out in full force. You can handle it!! ""}",,,,,,,,,,
"{""_id"":{""$oid"":""5e6bf422b0d40b1f9dc852c9""}",Tweet_id:1235757943691382785,"created_at:""Fri Mar 06 02:43:47 +0000 2020""","rawtext:""I would like to be touched on my body \n #joy #ftse https://t.co/xqWuUw29FP""","text:""I would like to be touched on my body ""}",,,,,,,,,,
"{""_id"":{""$oid"":""5e6bf422b0d40b1f9dc852c5""}",Tweet_id:1235757904826781696,"created_at:""Fri Mar 06 02:43:38 +0000 2020""","rawtext:""To admit you were wrong.. #JoyTrain #Joy #Wisdom #Growth #Motivation  RT @SocialMktgSltns @piyuanker12 https://t.co/JNVWL1Xque""","text:""To admit you were wrong.. JoyTrain Joy Wisdom Growth Motivation RT""}",,,,,,,,,,
"{""_id"":{""$oid"":""5e6bf422b0d40b1f9dc852cc""}",Tweet_id:1235757960506339328,"created_at:""Fri Mar 06 02:43:51 +0000 2020""","rawtext:""I GOTTA GET THE GLOVES &amp; SOAP! Subscribe to my channel https://t.co/EEhzx3k1Ll and please LIKE the video.  #vicdibitetto #comedy #funny #followme #happy #laugh #CoronaVirusUpdates https://t.co/ggopk108O0""","text:""I got to GET THE GLOVES &amp; SOAP! Subscribe to my channel and please LIKE the video. ""}",,,,,,,,,,
"{""_id"":{""$oid"":""5e6bf422b0d40b1f9dc852cf""}",Tweet_id:1235757977157632000,"created_at:""Fri Mar 06 02:43:55 +0000 2020""","rawtext:""Living our best life\n #Happy https://t.co/iOKuUr9dsE""","text:""Living our best life ""}",,,,,,,,,,
"{""_id"":{""$oid"":""5e6bf422b0d40b1f9dc852d2""}",Tweet_id:1235757998125068289,"created_at:""Fri Mar 06 02:44:00 +0000 2020""","rawtext:""#fashion #gamedev #love #women #shop #sale #deal Shop Lulus for must-have dresses", tops, shoes and accessories. Curated collections," exclusive styles and new items added daily. https://t.co/26o3rgxd5S""","text:""fashion gamedev love women shop sale deal Shop Lulus for must-have dresses", tops, shoes and accessories. Curated collections," exclusive styles and new items added daily.""}",,,,
"{""_id"":{""$oid"":""5e6bf422b0d40b1f9dc852d1""}",Tweet_id:1235757987437793281,"created_at:""Fri Mar 06 02:43:58 +0000 2020""","rawtext:""@SexyDiva3008 Ok see thank you I Cuz I thought I was the only one who peeped she had that fake ass smile like she was happy for but that__ what she gets ppl like her chase after flames that will eventually burn out #loveisblindReunion  #love  __ https://t.co/8U2ebG1KcU""","text:""Ok see thank you I Cuz I thought I was the only one who peeped she had that fake ass smile like she was happy for but that is what she gets ppl like her chase after flames that will eventually burn out ""}",,,,,,,,,,
"{""_id"":{""$oid"":""5e6bf422b0d40b1f9dc852d4""}",Tweet_id:1235758027254272001,"created_at:""Fri Mar 06 02:44:07 +0000 2020""","rawtext:""The most important thing to enjoy is your life-to be happy. That__ all that matters. Your happiness__ \n\n#happy #happiness https://t.co/T3OEAqadt5""","text:""The most important thing to enjoy is your life-to be happy. that is all that matters. Your happiness ""}",,,,,,,,,,