"{""_id"":{""$oid"":""5e6bf554b0d40b1f9dc85879""}",Tweet_id:1235618220045987842,"created_at:""Thu Mar 05 17:28:34 +0000 2020""","rawtext:""\""We need to get to a place where we know &amp; trust JESUS so much; that we REFUSE to WORRY!\"" #peace #trust #Jesus https://t.co/nh5xLyBZYi""","text:""\""We need to get to a place where we know &amp; trust JESUS so much; that we REFUSE to WORRY!\"" ""}",,,,,,,,,,
"{""_id"":{""$oid"":""5e6bf554b0d40b1f9dc8587a""}",Tweet_id:1235618632492822528,"created_at:""Thu Mar 05 17:30:13 +0000 2020""","rawtext:""#Blockchain uses game-theoretical incentives and #cryptography to create #trust among stakeholders. Instead of trusting a third-party"," we trust #mathematics - by @VanRijmenam https://t.co/cxAYSteKAp #Innovation""","text:""Blockchain uses game-theoretical incentives and cryptography to create trust among stakeholders. Instead of trusting a third-party"," we trust mathematics - by ""}",,,,,,,,
"{""_id"":{""$oid"":""5e6bf554b0d40b1f9dc8587e""}",Tweet_id:1235618794636218368,"created_at:""Thu Mar 05 17:30:51 +0000 2020""","rawtext:""Most of us have jobs that are highly stressful &amp; demanding.\nAnd we put in many", many hours to ensure we excel.\nIn light of this, managers who show us #kindness," patience &amp; #trust affect us profoundly &amp; inspire us to do more.\nAffect #hearts &amp; watch people soar!\n#Leadership #HR""","text:""Most of us have jobs that are highly stressful &amp; demanding. And we put in many", many hours to ensure we excel. In light of this, managers who show us kindness," patience &amp; trust affect us profoundly &amp; inspire us to do more. Affect hearts &amp; watch people soar! ""}",,,,
"{""_id"":{""$oid"":""5e6bf554b0d40b1f9dc85884""}",Tweet_id:1235620288701886464,"created_at:""Thu Mar 05 17:36:48 +0000 2020""","rawtext:""@StephenMRCovey Without #employees trust"," #customer trust will be seriously compromised. #trust""","text:""Without employees trust"," customer trust will be seriously compromised. ""}",,,,,,,,
"{""_id"":{""$oid"":""5e6bf554b0d40b1f9dc85882""}",Tweet_id:1235619507374153729,"created_at:""Thu Mar 05 17:33:41 +0000 2020""","rawtext:""@RYHTexas The most transformative factor is #relationships - #students &amp; teacher", #student &amp; student, #admin &amp; students, #superintendent &amp; staff, #parents &amp; teachers," etc. When each stakeholder creates relationships based on #authenticity &amp; #trust a stronger #community is created""","text:""The most transformative factor is relationships - students &amp; teacher", student &amp; student, admin &amp; students, superintendent &amp; staff, parents &amp; teachers," etc. When each stakeholder creates relationships based on authenticity &amp; trust a stronger community is created""}"
"{""_id"":{""$oid"":""5e6bf554b0d40b1f9dc85885""}",Tweet_id:1235620435770785793,"created_at:""Thu Mar 05 17:37:23 +0000 2020""","rawtext:""LEADER. #LEAD #INSPIRE #IMPACT #SACRIFICE #SERVE #BOND #TRUST #BELIEF #CULTURE #PROGRAM #PHALANX #FIP""","text:""LEADER. ""}",,,,,,,,,,
"{""_id"":{""$oid"":""5e6bf554b0d40b1f9dc85888""}",Tweet_id:1235620841062309889,"created_at:""Thu Mar 05 17:38:59 +0000 2020""","rawtext:""People trust you when they believe you believe in them. Dan Rockwell #leadership #trust""","text:""People trust you when they believe you believe in them. Dan Rockwell ""}",,,,,,,,,,
"{""_id"":{""$oid"":""5e6bf554b0d40b1f9dc85883""}",Tweet_id:1235619592669507584,"created_at:""Thu Mar 05 17:34:02 +0000 2020""","rawtext:""MRT @BruceVH #lifecoaching People trust u when they believe u believe in them. Dan Rockwell #leadership #trust""","text:""MRT lifecoaching People trust you when they believe you believe in them. Dan Rockwell ""}",,,,,,,,,,
"{""_id"":{""$oid"":""5e6bf554b0d40b1f9dc8588b""}",Tweet_id:1235621506614517767,"created_at:""Thu Mar 05 17:41:38 +0000 2020""","rawtext:""#PoisedForExcellence principle! #Leadership #DisruptIt""","text:""PoisedForExcellence principle! ""}",,,,,,,,,,
"{""_id"":{""$oid"":""5e6bf554b0d40b1f9dc8588e""}",Tweet_id:1235622421937500163,"created_at:""Thu Mar 05 17:45:16 +0000 2020""","rawtext:""If you__e working with someone you trust (and why wouldn__ you be?) a contract can be very simple. https://t.co/GDyWJ8Bx5j\n#trust #website #contract https://t.co/SgXWEcNoeq""","text:""If you are working with someone you trust (and why would not you be?) a contract can be very simple. ""}",,,,,,,,,,
"{""_id"":{""$oid"":""5e6bf554b0d40b1f9dc8588d""}",Tweet_id:1235621982848184322,"created_at:""Thu Mar 05 17:43:32 +0000 2020""","rawtext:""Stay patient and always trust your journey in life. #TRUST #PATIENCE https://t.co/LiOcTjPUDJ""","text:""Stay patient and always trust your journey in life. ""}",,,,,,,,,,
"{""_id"":{""$oid"":""5e6bf554b0d40b1f9dc85893""}",Tweet_id:1235624120001482754,"created_at:""Thu Mar 05 17:52:01 +0000 2020""","rawtext:""Building #customer trust? Start by trusting your customer. . #strategy https://t.co/BQI4K5BU1x #trust https://t.co/rScf9hdz4m""","text:""Building customer trust? Start by trusting your customer. . ""}",,,,,,,,,,
"{""_id"":{""$oid"":""5e6bf554b0d40b1f9dc85891""}",Tweet_id:1235623880313761793,"created_at:""Thu Mar 05 17:51:04 +0000 2020""","rawtext:""If you struggle with anxiety"," you'll want to listen to our conversation with Msgr. Rossetti from this morning. He shares what the cause might be and how we can deal with it: https://t.co/kX9WCqdGk9 #anxiety #trust""","text:""If you struggle with anxiety"," you will want to listen to our conversation with Msgr. Rossetti from this morning. He shares what the because might be and how we can deal with it: ""}",,,,,,,,
"{""_id"":{""$oid"":""5e6bf554b0d40b1f9dc85894""}",Tweet_id:1235624319666905089,"created_at:""Thu Mar 05 17:52:49 +0000 2020""","rawtext:""Punk Cock for @tranniegirl .. loved doing this #trust #punk #cocknballs #scrotumpiercing #needles #medicalplay #kinkynurse #preoptrans #chickwithadick #TS #RT #transmistress #essex #dungeon #boarding https://t.co/A0UdHO5EYP""","text:""Punk Cock for .. loved doing this ""}",,,,,,,,,,
"{""_id"":{""$oid"":""5e6bf554b0d40b1f9dc85898""}",Tweet_id:1235626038115225600,"created_at:""Thu Mar 05 17:59:38 +0000 2020""","rawtext:""Remember that the Lord will always be there for you. Whatever fear or anxiety that is trying to take over your body"," call out the Name of Jesus because there is power in it!\n#faith #nofear #trust #believe #receive #mfm #michelleferguson #michellefergusonministries https://t.co/p455YonMqP""","text:""Remember that the Lord will always be there for you. Whatever fear or anxiety that is trying to take over your body"," call out the Name of Jesus because there is power in it! ""}",,,,,,,,
"{""_id"":{""$oid"":""5e6bf554b0d40b1f9dc85897""}",Tweet_id:1235625725442613249,"created_at:""Thu Mar 05 17:58:24 +0000 2020""","rawtext:""Lil Dicky is now Dave Burd lmao #Maturity""","text:""Lil Dicky is now Dave Burd lmao ""}",,,,,,,,,,
"{""_id"":{""$oid"":""5e6bf554b0d40b1f9dc85899""}",Tweet_id:1235626262183456769,"created_at:""Thu Mar 05 18:00:32 +0000 2020""","rawtext:""Balancing #Trust And #Personalization In The #Digital Age https://t.co/0v4jskcc25 via @CMO_by_Adobe #artificialintelligence #machinelearning #AI #ML""","text:""Balancing Trust And Personalization In The Digital Age via ""}",,,,,,,,,,
"{""_id"":{""$oid"":""5e6bf554b0d40b1f9dc8589a""}",Tweet_id:1235626307628576768,"created_at:""Thu Mar 05 18:00:43 +0000 2020""","rawtext:""@Sflecce Here is the fundamental problem:\n\nOntarians don__ trust @fordnation \nOntarians don__ trust @Sflecce \nOntarians don__ trust @osstf \nOntarians don__ trust @ETFOeducators \nOntarians don__ trust @OECTAProv \nOntarians don__ trust #media\n\n#onted #onpoli #trust #chaos""","text:""Here is the fundamental problem: Ontarians do not trust Ontarians do not trust Ontarians do not trust Ontarians do not trust Ontarians do not trust Ontarians do not trust ""}",,,,,,,,,,
"{""_id"":{""$oid"":""5e6bf554b0d40b1f9dc8589f""}",Tweet_id:1235627610220179457,"created_at:""Thu Mar 05 18:05:53 +0000 2020""","rawtext:""Intel x86 Root of Trust: loss of trust\nhttps://t.co/HlXk2tS0ia\n\n#IntelX86Root #Trust""","text:""Intel x86 Root of Trust: loss of trust ""}",,,,,,,,,,
"{""_id"":{""$oid"":""5e6bf554b0d40b1f9dc8589e""}",Tweet_id:1235627218463645696,"created_at:""Thu Mar 05 18:04:20 +0000 2020""","rawtext:""Sometimes your only available\ntransportation is a LEAP OF FAITH.\n~ Margaret Shepard\n\nMetaphorically speaking"," i.e.\nLook b4 u leap! Faith needs trust. \nAlways make sure it's trustworthy when\nu take a leap of faith. ~ PCS\n\n#Twittblaster #LeapOfFaith #Trust #Faith #GoForIt #Metaphor https://t.co/oREqTXJsyO""","text:""Sometimes your only available transportation is a LEAP OF FAITH. ~ Margaret Shepard Metaphorically speaking"," i.e. Look b4 you leap! Faith needs trust. Always make sure it is trustworthy when you take a leap of faith. ~ PCS ""}",,,,,,,,
"{""_id"":{""$oid"":""5e6bf554b0d40b1f9dc8589d""}",Tweet_id:1235626470074019842,"created_at:""Thu Mar 05 18:01:21 +0000 2020""","rawtext:""\""You learn more trust with your friends"," relatives. That is conscious action. To trust yourself to take action with integrity. To trust yourself to take action even when things seem uncomfortable.\"" ~Adironnda ______\n\n#trust #consciousaction #integrity https://t.co/rzQ2eePg5O""","text:""\""You learn more trust with your friends"," relatives. That is conscious action. To trust yourself to take action with integrity. To trust yourself to take action even when things seem uncomfortable.\"" ~Adironnda ""}",,,,,,,,
"{""_id"":{""$oid"":""5e6bf554b0d40b1f9dc858a0""}",Tweet_id:1235627844589342720,"created_at:""Thu Mar 05 18:06:49 +0000 2020""","rawtext:""And #Trust Goes Down The Drain:\n1-in-2 (47%) US workers said they experienced a negative consequence after disclosing a #MentalHealth issue at work.\nFindings from Limeade's new survey of 1","000 employees.\n#Trust #HR #Leadership #CEO\n#LeadFromTheHeart""","text:""And Trust Goes Down The Drain: 1-in-2 (47%) US workers said they experienced a negative consequence after disclosing a MentalHealth issue at work. Findings from Limeade's new survey of 1","00 employees. ""}",,,,,,,,
"{""_id"":{""$oid"":""5e6bf554b0d40b1f9dc858a4""}",Tweet_id:1235628102073516032,"created_at:""Thu Mar 05 18:07:51 +0000 2020""","rawtext:""Do you really trust God in your life", or just talk a good game?  Let's take a look at #Trust this week with @dax_hughes ," Sunday at 9:15 &amp; 10:45 AM.  #Covenant #Vision2020 https://t.co/ZmnCgyA5zD""","text:""Do you really trust God in your life", or just talk a good game? let us take a look at Trust this week with ," Sunday at 9 &amp; 10 AM. ""}",,,,,,
"{""_id"":{""$oid"":""5e6bf554b0d40b1f9dc858a7""}",Tweet_id:1235628517733412866,"created_at:""Thu Mar 05 18:09:30 +0000 2020""","rawtext:""\""Be still before the Lord; wait for him. Do not be provoked by the prosperous"," nor by malicious schemers.\"" - Psalms 37:7\n-\n#wisdomwednesday #wednesdaywisdom #still #Lord #Jesus #God #provoke #prosperous #malicious #scheme #psalms #wednesday #catholic #faith #trust #devotion https://t.co/yQOdtE764n""","text:""\""Be still before the Lord; wait for him. Do not be provoked by the prosperous"," nor by malicious schemers.\"" - Psalms 37 - ""}",,,,,,,,
"{""_id"":{""$oid"":""5e6bf554b0d40b1f9dc858aa""}",Tweet_id:1235628684696072194,"created_at:""Thu Mar 05 18:10:09 +0000 2020""","rawtext:""I Gotta Stop Assuming THE WORST so much.\n\n*I've been Wrong. Recently. ____\n\n**I'm just Ready to Advance further. Goddamn.\n#Adulthood #Maturity #Reality""","text:""I got to Stop Assuming THE WORST so much. *I have been Wrong. Recently. **I am just Ready to Advance further. Goddamn. ""}",,,,,,,,,,
"{""_id"":{""$oid"":""5e6bf554b0d40b1f9dc858ae""}",Tweet_id:1235628938530938880,"created_at:""Thu Mar 05 18:11:10 +0000 2020""","rawtext:""#PwC #Go4Gold #Challenge\nMy purpose is to build #trust in #society and solve important problems.\n\nLet's do it together!\n#finance #technology #fintech\n@PwC_KE @KenyattaUni @KUTVKenya @ESCA_KU @EricBakuli @allankakai_ @Abdishukri04 @annnainijames @Kiprono33 https://t.co/QSNH9wB2Lr""","text:""PwC Go4Gold Challenge My purpose is to build trust in society and solve important problems. let us do it together! ""}",,,,,,,,,,
"{""_id"":{""$oid"":""5e6bf554b0d40b1f9dc858af""}",Tweet_id:1235629134350610432,"created_at:""Thu Mar 05 18:11:57 +0000 2020""","rawtext:""I fully get the anger and frustration when Leeds are in bad form but 1 point off top 4 clean sheets 4 wins in a row n some freaks still got issues #lufcTwitterFamily #lufc. #trust #bielsa""","text:""I fully get the anger and frustration when Leeds are in bad form but 1 point off top 4 clean sheets 4 wins in a row n some freaks still got issues ""}",,,,,,,,,,
"{""_id"":{""$oid"":""5e6bf554b0d40b1f9dc858b1""}",Tweet_id:1235629501440077824,"created_at:""Thu Mar 05 18:13:24 +0000 2020""","rawtext:""I think mine too ....#trust #compromise essential to real collaboration""","text:""I think mine too ..trust compromise essential to real collaboration""}",,,,,,,,,,
"{""_id"":{""$oid"":""5e6bf554b0d40b1f9dc858ad""}",Tweet_id:1235628879638716417,"created_at:""Thu Mar 05 18:10:56 +0000 2020""","rawtext:""The quickest way to undermine trust is to make a promise and break it. Whether it's a lack of discipline or lack of integrity"," the outcome is the same. #trust #leadership""","text:""The quickest way to undermine trust is to make a promise and break it. Whether it is a lack of discipline or lack of integrity"," the outcome is the same. ""}",,,,,,,,
"{""_id"":{""$oid"":""5e6bf554b0d40b1f9dc858b2""}",Tweet_id:1235629589201850368,"created_at:""Thu Mar 05 18:13:45 +0000 2020""","rawtext:""Have Americans lost #trust in our institutions? Yuval Levin thinks so. Listen to this week's @EconTalker #podcast to hear why: https://t.co/8sblyZuoG6 @NationalAffairs https://t.co/1cU7fqyvGn""","text:""Have Americans lost trust in our institutions? Yuval Levin thinks so. Listen to this week's podcast to hear why:""}",,,,,,,,,,
"{""_id"":{""$oid"":""5e6bf554b0d40b1f9dc858b4""}",Tweet_id:1235630062407319552,"created_at:""Thu Mar 05 18:15:38 +0000 2020""","rawtext:""Trust is essential to the adaptation advantage"," yet trust in institutions is fading. How can we turn that around? #FutureofWork #AdaptationAdvantage #Trust @heathermcgowan https://t.co/kyDuDDk8wP""","text:""Trust is essential to the adaptation advantage"," yet trust in institutions is fading. How can we turn that around? ""}",,,,,,,,
"{""_id"":{""$oid"":""5e6bf554b0d40b1f9dc858b7""}",Tweet_id:1235630305479806976,"created_at:""Thu Mar 05 18:16:36 +0000 2020""","rawtext:""@kea_drive_ @kipengeli Hii      Friends"," #Follow Me Get #FollowBack __ \n\n101%\n\nWithin \""\""\""1 Minute \""\""\""\n\n#Trust Me____\n\nI Promise __\nJust Try Once ____\n#KeaDrive https://t.co/SaXTmXv4cG""","text:""Hii Friends"," Follow Me Get FollowBack 101% Within \""\""1 Minute \"" Trust Me I Promise Just Try Once ""}",,,,,,,,
"{""_id"":{""$oid"":""5e6bf554b0d40b1f9dc858b9""}",Tweet_id:1235630800659496960,"created_at:""Thu Mar 05 18:18:34 +0000 2020""","rawtext:""#Trust Gaming GXT 450 Blizz RGB 7.1 Gaming Headset for PC and #Laptop"," Led Illuminated - Black\n\nMore: https://t.co/QtWQnkj11d\n\n#23191 #BOOM #Computer #TrustGaming https://t.co/eSVRDMNx2R""","text:""Trust Gaming GXT 450 Blizz RGB 7.1 Gaming Headset for PC and Laptop"," Led Illuminated - Black More: ""}",,,,,,,,
"{""_id"":{""$oid"":""5e6bf554b0d40b1f9dc858bb""}",Tweet_id:1235631152011988993,"created_at:""Thu Mar 05 18:19:58 +0000 2020""","rawtext:""Hey if you want to be #trusted be #honest# https://t.co/eiaBoxSZUm""","text:""Hey if you want to be trusted be honest""}",,,,,,,,,,
"{""_id"":{""$oid"":""5e6bf554b0d40b1f9dc858ba""}",Tweet_id:1235631082537734145,"created_at:""Thu Mar 05 18:19:41 +0000 2020""","rawtext:""I was there that night..Of Course..! Another great memory in my personal history of following and watching #thecure live..not quite sure I__ going to make it to 100 times seeing them live","not that it matters.Another 3 this year I hope though taking me to almost 80 shows_#trust""","text:""I was there that night..Of Course..! Another great memory in my personal history of following and watching thecure live..not quite sure I am going to make it to 100 times seeing them live","not that it matters.Another 3 this year I hope though taking me to almost 80 showstrust""}",,,,,,,,
"{""_id"":{""$oid"":""5e6bf554b0d40b1f9dc858be""}",Tweet_id:1235631667668291586,"created_at:""Thu Mar 05 18:22:01 +0000 2020""","rawtext:""Delight yourself in the Lord", and he will give you the desires of your heart. Commit your way to the Lord; trust in him, and he will act. He will bring forth your righteousness as the light," and your justice as the noonday. #Psalm 37:4-6 #Trust #GodLovesYou""","text:""Delight yourself in the Lord", and he will give you the desires of your heart. Commit your way to the Lord; trust in him, and he will act. He will bring forth your righteousness as the light," and your justice as the noonday. Psalm 37 ""}",,,,
"{""_id"":{""$oid"":""5e6bf554b0d40b1f9dc858c2""}",Tweet_id:1235632520512671746,"created_at:""Thu Mar 05 18:25:24 +0000 2020""","rawtext:""Your Marketing personalisation strategy needs a shake-up ! -\""You can collect all the data in the world but without the ability to understand \nhttps://t.co/oj3JIGcKEH? #Personalised #Marketing #Insights #DataHarvest #Misuse #Trust #Accountability #CPM #ROI #GDPR #CDM #Leadership https://t.co/bhQB34EhQo""","text:""Your Marketing personalisation strategy needs a shake-up ! -\""You can collect all the data in the world but without the ability to understand ""}",,,,,,,,,,
"{""_id"":{""$oid"":""5e6bf554b0d40b1f9dc858c1""}",Tweet_id:1235632459288424450,"created_at:""Thu Mar 05 18:25:09 +0000 2020""","rawtext:""This is the moment most Americans feared: a time of frightening national crisis when we cannot trust the president to protect our health and welfare because he__ an utterly ignorant", incompetent, pathologically-lying, self-serving," dangerous sociopath... #coronavirus #Trust""","text:""This is the moment most Americans feared: a time of frightening national crisis when we cannot trust the president to protect our health and welfare because he is an utterly ignorant", incompetent, pathologically-lying, self-serving," dangerous sociopath.. ""}",,
"{""_id"":{""$oid"":""5e6bf554b0d40b1f9dc858c3""}",Tweet_id:1235632800474243072,"created_at:""Thu Mar 05 18:26:31 +0000 2020""","rawtext:""@cia so not much literature either. Cept ya know. So that's why I've been freely offering info. One thing you forgot you needed #trust. #respect #unity #love there's others I'm sure but ya know keep pointing fingers and not together. In my opinion""","text:""so not much literature either. Cept ya know. So that is why I have been freely offering info. One thing you forgot you needed trust. respect unity love there is others I am sure but ya know keep pointing fingers and not together. In my opinion""}",,,,,,,,,,
"{""_id"":{""$oid"":""5e6bf554b0d40b1f9dc858c6""}",Tweet_id:1235633075104579584,"created_at:""Thu Mar 05 18:27:36 +0000 2020""","rawtext:""The nightsky is alike a mighty mansion  which \ntwinkle in elegance"," and brings  peace to a soul which is performing a rampage\n.\n.\n#delhigram #delhiites #delhiphotography #delhigirl #delhilife #lovedelhi #love #kindnessmatters #humble #hope #trust #faith #delhiblogger #nazdragon""","text:""The nightsky is alike a mighty mansion which twinkle in elegance"," and brings peace to a soul which is performing a rampage . . ""}",,,,,,,,
"{""_id"":{""$oid"":""5e6bf554b0d40b1f9dc858cf""}",Tweet_id:1235634032244736000,"created_at:""Thu Mar 05 18:31:24 +0000 2020""","rawtext:""@trickfthelpx Hi    Friends"," #Follow Me Get #FollowBack __ \n\n101%\n\nWithin \""\""\""1 Minute \""\""\""\n\n#Trust Me____\n\nI Promise __\nJust Try Once ____ https://t.co/2dVm9vmV9q""","text:""Hi Friends"," Follow Me Get FollowBack 101% Within \""\""1 Minute \"" Trust Me I Promise Just Try Once""}",,,,,,,,
"{""_id"":{""$oid"":""5e6bf554b0d40b1f9dc858d2""}",Tweet_id:1235634195533164545,"created_at:""Thu Mar 05 18:32:03 +0000 2020""","rawtext:""Deploy a Trustpilot/TripAdvisor review functionality to your website using Sub@omic's exclusive @webdiffusion and @nfcShowCARDS technology. #nfc #contactless #ShowCard #cx #customerExperience #feedback #trust #review""","text:""Deploy a Trustpilot/TripAdvisor review functionality to your website using Sub's exclusive and technology. ""}",,,,,,,,,,
"{""_id"":{""$oid"":""5e6bf554b0d40b1f9dc858d5""}",Tweet_id:1235634263824969730,"created_at:""Thu Mar 05 18:32:20 +0000 2020""","rawtext:""The @FintechLadies event kicks off with speeches by expert ladies representing @swiftcommunity @star_talers @TransferWise &amp; @MastercardEU. Our panel debate explores how the #FinTech industry can engage for more #trust https://t.co/XUBmMWC75G""","text:""The event kicks off with speeches by expert ladies representing &amp; . Our panel debate explores how the FinTech industry can engage for more ""}",,,,,,,,,,
"{""_id"":{""$oid"":""5e6bf554b0d40b1f9dc858df""}",Tweet_id:1235636120538341376,"created_at:""Thu Mar 05 18:39:42 +0000 2020""","rawtext:""It's not a matter of trusting #man"," but whether or not I #trust #Jesus. \nI think I'll go with the latter. #Amen #GodoverMan #COVID19 #Houston #facts""","text:""it is not a matter of trusting man"," but whether or not I trust Jesus. I think I will go with the latter. ""}",,,,,,,,
"{""_id"":{""$oid"":""5e6bf554b0d40b1f9dc858e1""}",Tweet_id:1235636397567967232,"created_at:""Thu Mar 05 18:40:48 +0000 2020""","rawtext:""@MissyBella_ @BaeDorah Hey   Friends"," #Follow Me Get #FollowBack __ \n\n101%\n\nWithin \""\""\""1 Minute \""\""\""\n\n#Trust Me   ____\n\nI Promise   __\nJust Try Once.  ____ https://t.co/w8dGgFRh8s""","text:""Hey Friends"," Follow Me Get FollowBack 101% Within \""\""1 Minute \"" Trust Me I Promise Just Try Once.""}",,,,,,,,
"{""_id"":{""$oid"":""5e6bf554b0d40b1f9dc858e3""}",Tweet_id:1236286274123653123,"created_at:""Sat Mar 07 13:43:11 +0000 2020""","rawtext:""1Pe5 ..#Watch out 4 #Attacks from #Satan", ur G.#Enemy. He #Prowls around like a #Hungry #Roaring #Lion," #Looking for some #Victim to Tear Apart #Stand Firm when he Attacks. #Trust the #Lord &amp; #Remember that other #Christians all around the #World are going thru these #Sufferings2 https://t.co/aYYukXjAhf""","text:""1Pe5 ..Watch out 4 Attacks from Satan", ur G.Enemy. He Prowls around like a Hungry Roaring Lion," Looking for some Victim to Tear Apart Stand Firm when he Attacks. Trust the Lord &amp; Remember that other Christians all around the World are going thru these ""}",,,,,,
"{""_id"":{""$oid"":""5e6bf554b0d40b1f9dc858dd""}",Tweet_id:1235635538369146881,"created_at:""Thu Mar 05 18:37:24 +0000 2020""","rawtext:""If @CR_UK can happily rewrite part of its history"," who is to say it hasn__ rewritten other parts &amp; what does that do for trust?\n\nhttps://t.co/H22NKfCwJI\n\n#CancerResearchUK #RaceForLife #Ethics #Trust #Lies #Hypocrisy #Fraud #MichelleMitchell #Morals #Integrity https://t.co/dc3HONqCw9""","text:""If can happily rewrite part of its history"," who is to say it has not rewritten other parts &amp; what does that do for trust? ""}",,,,,,,,
"{""_id"":{""$oid"":""5e6bf554b0d40b1f9dc858e5""}",Tweet_id:1236287179485147136,"created_at:""Sat Mar 07 13:46:47 +0000 2020""","rawtext:""Telegram: https://t.co/pjwLMI97JQ\nWhatsapp: 0175190618\nWechat: MW88_My\n\n#918kiss #Mega888 #Pussy888 #XE88 #Joker123 #Live22 #ACE333 #Suncity #LuckyPalace #Playboy #SlotsGame #LiveCasino #HuntFish #Trusted #OnlineCasino #TrustedOnlineCasino #OnlineCasinoMalaysia https://t.co/E1p2hiwsTM""","text:""Telegram: Whatsapp: 0175190618 Wechat: MW88_My ""}",,,,,,,,,,
"{""_id"":{""$oid"":""5e6bf554b0d40b1f9dc858e4""}",Tweet_id:1236286602449739776,"created_at:""Sat Mar 07 13:44:29 +0000 2020""","rawtext:""Examplary case highlighting that innovation is largely determined by trust and behavior change"," rather than product readiness alone: Nearly 90% of Americans don__ trust self-driving cars https://t.co/Gdxqlj1pR2 #innovation #marketing #trust #digitaltransformation #scaleup""","text:""Examplary case highlighting that innovation is largely determined by trust and behavior change"," rather than product readiness alone: Nearly 90% of Americans do not trust self-driving cars ""}",,,,,,,,
"{""_id"":{""$oid"":""5e6bf554b0d40b1f9dc858e6""}",Tweet_id:1236287224074964992,"created_at:""Sat Mar 07 13:46:57 +0000 2020""","rawtext:""There__ a spirit of fear around the world right now. I was reminded of this scripture Psalms 91! No fear of terror", pestilence," or plague. He is my #refuge my #fortress my God in whom I #trust. #Jesus""","text:""there is a spirit of fear around the world right now. I was reminded of this scripture Psalms 91! No fear of terror", pestilence," or plague. He is my refuge my fortress my God in whom I ""}",,,,,,
"{""_id"":{""$oid"":""5e6bf554b0d40b1f9dc858ea""}",Tweet_id:1236290104177635335,"created_at:""Sat Mar 07 13:58:24 +0000 2020""","rawtext:""Today I am so thrilled to be sharing my #review as part of the #publicationdaycelebrations for #Trust by #LisaSell. Happy #publicationday Lisa _¥³ #crimemystery #AusBookBloggers #writingcommunity #bloodhoundbooks @LisaLisax31 @Bloodhoundbook https://t.co/q5yIMrKx8R""","text:""Today I am so thrilled to be sharing my review as part of the publicationdaycelebrations for Trust by LisaSell. Happy publicationday Lisa ""}",,,,,,,,,,
"{""_id"":{""$oid"":""5e6bf554b0d40b1f9dc858f0""}",Tweet_id:1236291643202048000,"created_at:""Sat Mar 07 14:04:31 +0000 2020""","rawtext:""The Top Seven Technology Trends for 2020 - by @vanrijmenam https://t.co/KNBDraI2Zt #5G #Blockchain #Tokenomics #AIEthics #Trust #Edge #H2M https://t.co/qrhAHD6TLg""","text:""The Top Seven Technology Trends for 2020 - by ""}",,,,,,,,,,
"{""_id"":{""$oid"":""5e6bf554b0d40b1f9dc858ef""}",Tweet_id:1236291389928980480,"created_at:""Sat Mar 07 14:03:31 +0000 2020""","rawtext:""Believe in God and Trust Him #believe #trust""","text:""Believe in God and Trust Him ""}",,,,,,,,,,
"{""_id"":{""$oid"":""5e6bf554b0d40b1f9dc858f1""}",Tweet_id:1236292070802960386,"created_at:""Sat Mar 07 14:06:13 +0000 2020""","rawtext:""Trust in HIS Word...\n.\n.\n.\n.\n.\n#trust #believe #HisWord #faith #promise #fulfilled #love #seekhelp #HisLove #counsellors #therapy #wisdom #helpishear #helpministry #me_counselling https://t.co/1YDQ5meFTu""","text:""Trust in HIS Word.. . . . . . ""}",,,,,,,,,,
"{""_id"":{""$oid"":""5e6bf554b0d40b1f9dc858f4""}",Tweet_id:1236292670915588099,"created_at:""Sat Mar 07 14:08:36 +0000 2020""","rawtext:""Maturity https://t.co/KbOW0RHkhk #excuses #makingchanges #maturity https://t.co/cIbbAbu0zl""","text:""Maturity ""}",,,,,,,,,,
"{""_id"":{""$oid"":""5e6bf554b0d40b1f9dc858ee""}",Tweet_id:1236291266192777221,"created_at:""Sat Mar 07 14:03:01 +0000 2020""","rawtext:""This is how much Americans trust Facebook", Google, Apple," and other big tech companies https://t.co/CS1ZzFjAh2\n\n#privacy #dataprivacy #dataprotection #trust #BigTech""","text:""This is how much Americans trust Facebook", Google, Apple," and other big tech companies ""}",,,,
"{""_id"":{""$oid"":""5e6bf554b0d40b1f9dc858f6""}",Tweet_id:1236293798663258112,"created_at:""Sat Mar 07 14:13:05 +0000 2020""","rawtext:""This is why it's so important to have faith in people.\n\nRT if you agree. Would love to read your thoughts in a comment.\n\n#faith #humanity #trust #thomassmonson #growth #believe #positive #inspiration #bright #brightvibes https://t.co/15H74MfoXg""","text:""This is why it is so important to have faith in people. RT if you agree. Would love to read your thoughts in a comment. ""}",,,,,,,,,,
"{""_id"":{""$oid"":""5e6bf554b0d40b1f9dc858f7""}",Tweet_id:1236294019254071296,"created_at:""Sat Mar 07 14:13:58 +0000 2020""","rawtext:""Happy Women's Day to all\n   the incredible women!\nShine on.....Not just Today but every day In Advance.\n\n#Dubai #cgsinfotech #Trust #Brand #websitedesign #websitehosting #SEO #Businessbrand #ReputationManagement #softwaredevelopment #SocialMediaManagement #graphicdesign https://t.co/VlNhIuxNWA""","text:""Happy Women's Day to all the incredible women! Shine on..Not just Today but every day In Advance. ""}",,,,,,,,,,
"{""_id"":{""$oid"":""5e6bf554b0d40b1f9dc858fb""}",Tweet_id:1236294789500461057,"created_at:""Sat Mar 07 14:17:01 +0000 2020""","rawtext:""God is writing my book! #trust #faith #Christianity https://t.co/o7aMjVNAVL""","text:""God is writing my book! ""}",,,,,,,,,,
"{""_id"":{""$oid"":""5e6bf554b0d40b1f9dc858f8""}",Tweet_id:1236294281532444672,"created_at:""Sat Mar 07 14:15:00 +0000 2020""","rawtext:""How to build trust in a business relationship https://t.co/oGlMaL0MrW #trust""","text:""How to build trust in a business relationship ""}",,,,,,,,,,
"{""_id"":{""$oid"":""5e6bf554b0d40b1f9dc858fa""}",Tweet_id:1236294577767813121,"created_at:""Sat Mar 07 14:16:11 +0000 2020""","rawtext:""There's an inspiration somewhere...\n\n##Trust""","text:""there is an inspiration somewhere.. Trust""}",,,,,,,,,,
"{""_id"":{""$oid"":""5e6bf554b0d40b1f9dc858f9""}",Tweet_id:1236294359664001024,"created_at:""Sat Mar 07 14:15:19 +0000 2020""","rawtext:""Every reveal: emotional. Every renovation: MAGICAL. I__e found you the #WiseChoice for home renovation projects. It__ @WeBuildMemphis. #Trust #Integrity #Honesty #WiseChoices\n\nhttps://t.co/NI35KTdUoE https://t.co/WOIahrI8p2""","text:""Every reveal: emotional. Every renovation: MAGICAL. I have found you the WiseChoice for home renovation projects. it is . ""}",,,,,,,,,,
"{""_id"":{""$oid"":""5e6bf554b0d40b1f9dc85901""}",Tweet_id:1236297430146088960,"created_at:""Sat Mar 07 14:27:31 +0000 2020""","rawtext:""These subtle communication skills will help you become a better listener", friend," and leader. #trust #inspiration  https://t.co/adeQaekA3S https://t.co/q8n2UcyI5j""","text:""These subtle communication skills will help you become a better listener", friend," and leader. ""}",,,,,,
"{""_id"":{""$oid"":""5e6bf554b0d40b1f9dc85900""}",Tweet_id:1236296955539656704,"created_at:""Sat Mar 07 14:25:38 +0000 2020""","rawtext:""Congratulations to @YorkUSOCI faculty @carywoo for launching his project on #COVID19 and #trust! @YUResearch @YorkULAPS""","text:""Congratulations to faculty for launching his project on COVID19 and ""}",,,,,,,,,,
"{""_id"":{""$oid"":""5e6bf554b0d40b1f9dc85904""}",Tweet_id:1236297871877496832,"created_at:""Sat Mar 07 14:29:16 +0000 2020""","rawtext:""Yes life is uncertain &amp;amp; this does not mean we should do nothing. We need both a spirit of adventure and trust ! #God is control ! #Live #love #trust #God #faith #DontLetFearControlYou #WeekendWisdom #SaturdayMotivation https://t.co/HPxNDCdjkC""","text:""Yes life is uncertain &amp;amp; this does not mean we should do nothing. We need both a spirit of adventure and trust ! God is control ! ""}",,,,,,,,,,
"{""_id"":{""$oid"":""5e6bf554b0d40b1f9dc85903""}",Tweet_id:1236297811123007488,"created_at:""Sat Mar 07 14:29:02 +0000 2020""","rawtext:""Yes life is uncertain &amp; this does not mean we should do nothing. We need both a spirit of adventure and trust ! #God is control ! #Live #love #trust #God #faith #DontLetFearControlYou #WeekendWisdom #SaturdayMotivation https://t.co/OJ4qIcpKgn""","text:""Yes life is uncertain &amp; this does not mean we should do nothing. We need both a spirit of adventure and trust ! God is control ! ""}",,,,,,,,,,
"{""_id"":{""$oid"":""5e6bf554b0d40b1f9dc85902""}",Tweet_id:1236297505005924352,"created_at:""Sat Mar 07 14:27:49 +0000 2020""","rawtext:""#Trust yourself - your guidance is always with you __ https://t.co/zeh0c9hF12""","text:""Trust yourself - your guidance is always with you""}",,,,,,,,,,
"{""_id"":{""$oid"":""5e6bf554b0d40b1f9dc8590d""}",Tweet_id:1236298978666266625,"created_at:""Sat Mar 07 14:33:40 +0000 2020""","rawtext:""May this Holi bring joy and success in your life.\n\n#ICBI #Holi #HappyHoli #FestivalsOfIndia #Connect #Trust #Grow #BusinessChamber #Entrepreneur #Business #Success https://t.co/Z0njSQSQtF""","text:""May this Holi bring joy and success in your life. ""}",,,,,,,,,,
"{""_id"":{""$oid"":""5e6bf554b0d40b1f9dc8590b""}",Tweet_id:1236298854225625088,"created_at:""Sat Mar 07 14:33:10 +0000 2020""","rawtext:""Earn free Points and Badges","\nnext-gen Social network is here...\n\nCreate your free Account today - https://t.co/O7CLbS1rg7 \n#free #socialnetwork #trust #authentic #see #nextgen https://t.co/SgO8qJ91Yb""","text:""Earn free Points and Badges"," next-gen Social network is here.. Create your free Account today - ""}",,,,,,,,
"{""_id"":{""$oid"":""5e6bf554b0d40b1f9dc8590f""}",Tweet_id:1236299212540637189,"created_at:""Sat Mar 07 14:34:36 +0000 2020""","rawtext:""#RT #FearNot #CoronavirusUSA Keep this in mind; Panicking will keep you ", me  from living life and this can collapse our economy! #Trust #God and #live life ! Wash ur hands ," take vitamins! #Truth #Simple""","text:""RT FearNot CoronavirusUSA Keep this in mind; Panicking will keep you ", me from living life and this can collapse our economy! Trust God and live life ! Wash ur hands ," take vitamins! ""}",,,,,,
"{""_id"":{""$oid"":""5e6bf554b0d40b1f9dc85910""}",Tweet_id:1236299231939317760,"created_at:""Sat Mar 07 14:34:40 +0000 2020""","rawtext:""Trust God"," not people.\n#Trust\n#TheWord\n#JesusSaves\n#TheMessageDaily""","text:""Trust God"," not people. ""}",,,,,,,,
"{""_id"":{""$oid"":""5e6bf554b0d40b1f9dc85914""}",Tweet_id:1236300052039110656,"created_at:""Sat Mar 07 14:37:56 +0000 2020""","rawtext:""Join #Trustwallet and #earn 100 #free #trust #token! \n\n#Bitcoin #Btc #eth #trx #xrp #ripple #crypto #cryptocurrency\n#COVID_19 #cryptogiveaway\n#Cryptomonnaies #cryptomonnaie\n#finance #invest \nhttps://t.co/rbuj8oydLG""","text:""Join Trustwallet and earn 100 ""}",,,,,,,,,,
"{""_id"":{""$oid"":""5e6bf554b0d40b1f9dc85916""}",Tweet_id:1236300395963506688,"created_at:""Sat Mar 07 14:39:18 +0000 2020""","rawtext:""Get up and GET AFTER IT! Focus on what you can control and GO GET IT DONE. #Trust&amp;Sacrifice""","text:""Get up and GET AFTER IT! Focus on what you can control and GO GET IT DONE. ""}",,,,,,,,,,
"{""_id"":{""$oid"":""5e6bf554b0d40b1f9dc8591b""}",Tweet_id:1236301671271194624,"created_at:""Sat Mar 07 14:44:22 +0000 2020""","rawtext:""#KatiePatterson exhibition @NatGalleriesSco __uture Library__FuturelibraryNO is a particularly poignant piece that speaks of #Trust in #future generations"," of #Hope #community #Sharing - a project so much bigger than the sum of its parts... #Anthropocene https://t.co/RMBuK3H841""","text:""KatiePatterson exhibition __uture Library_ is a particularly poignant piece that speaks of Trust in future generations"," of Hope community Sharing - a project so much bigger than the sum of its parts.. ""}",,,,,,,,
"{""_id"":{""$oid"":""5e6bf554b0d40b1f9dc8591d""}",Tweet_id:1236301718368989184,"created_at:""Sat Mar 07 14:44:33 +0000 2020""","rawtext:""@dabrinathebruja He might change ur life #trust""","text:""He might change ur life ""}",,,,,,,,,,
"{""_id"":{""$oid"":""5e6bf554b0d40b1f9dc85920""}",Tweet_id:1236302365667602432,"created_at:""Sat Mar 07 14:47:08 +0000 2020""","rawtext:""What I meant was trade agreements should address all affected workers such as those in informal work (#gigeconomy) .  Many of the chapters could be rethought to build #trust""","text:""What I meant was trade agreements should address all affected workers such as those in informal work (gigeconomy) . Many of the chapters could be rethought to build ""}",,,,,,,,,,
"{""_id"":{""$oid"":""5e6bf554b0d40b1f9dc85921""}",Tweet_id:1236302388035825665,"created_at:""Sat Mar 07 14:47:13 +0000 2020""","rawtext:""Got #Trust Issues? #SocialMedia #Marketing #News https://t.co/BkJizzpK17 Stories via our partner @MITSloan""","text:""Got Trust Issues? SocialMedia Marketing News Stories via our partner""}",,,,,,,,,,
"{""_id"":{""$oid"":""5e6bf554b0d40b1f9dc85922""}",Tweet_id:1236302412924825608,"created_at:""Sat Mar 07 14:47:19 +0000 2020""","rawtext:""This is how much Americans #trust Facebook", Google, Apple," and other big tech companies https://t.co/bb6O2YopPo via @CaseyNewton""","text:""This is how much Americans trust Facebook", Google, Apple," and other big tech companies via""}",,,,
"{""_id"":{""$oid"":""5e6bf554b0d40b1f9dc85924""}",Tweet_id:1236303501229273094,"created_at:""Sat Mar 07 14:51:38 +0000 2020""","rawtext:""#friends__ meet up with Dobson and Jarman xx when you know you got each others backs despite not seeing each other as much as you would like xx #thereforeachother no BS just real xx #respect and #trust is everything xx stop and reflect and always be there for those you care about""","text:""friends meet up with Dobson and Jarman xx when you know you got each others backs despite not seeing each other as much as you would like xx thereforeachother no BS just real xx respect and trust is everything xx stop and reflect and always be there for those you care about""}",,,,,,,,,,
"{""_id"":{""$oid"":""5e6bf554b0d40b1f9dc85926""}",Tweet_id:1236304160993284096,"created_at:""Sat Mar 07 14:54:16 +0000 2020""","rawtext:""Words to live by __ __ #faith #hope #trust https://t.co/30ladJl090""","text:""Words to live by ""}",,,,,,,,,,
"{""_id"":{""$oid"":""5e6bf554b0d40b1f9dc85929""}",Tweet_id:1236335805477441536,"created_at:""Sat Mar 07 17:00:00 +0000 2020""","rawtext:""For the fourth year in a row President #Trump has proposed cutting all federal funding for #publicservicemedia. What would US citizens lose if #publicmedia disappears? \n\n#trust #news #PSM #PSB\n\nhttps://t.co/HKT9G1NuOI""","text:""For the fourth year in a row President Trump has proposed cutting all federal funding for publicservicemedia. What would US citizens lose if publicmedia disappears? ""}",,,,,,,,,,
"{""_id"":{""$oid"":""5e6bf554b0d40b1f9dc85928""}",Tweet_id:1236335612594012160,"created_at:""Sat Mar 07 16:59:14 +0000 2020""","rawtext:""We tend to implicitly #trust our minds and shouldn't. They are a great deceiver. \n\n.\n\n#PayAttention \n#mindfulness \n#awareness #perception\n#FridayThoughts \n#ThinkBIGSundayWithMarsha https://t.co/WNxqtcGtun""","text:""We tend to implicitly trust our minds and should not. They are a great deceiver. . ""}",,,,,,,,,,
"{""_id"":{""$oid"":""5e6bf554b0d40b1f9dc8592b""}",Tweet_id:1236336089033396224,"created_at:""Sat Mar 07 17:01:08 +0000 2020""","rawtext:""Only include__\nWa:088222316793\n__Bandung Area\n\n#sexydancer\n#openbobandung\n#availbandung\n#availbobandung\n#bobandung\n#bobdg_\n#realangel\n#realbobandung\n#trusted_\n#angelbandung_\n#angeltrusted\n#availcodbandung_\n#infobobdg https://t.co/9UyIy4e0JH""","text:""Only include W Bandung Area ""}",,,,,,,,,,
"{""_id"":{""$oid"":""5e6bf554b0d40b1f9dc8592a""}",Tweet_id:1236335979545473024,"created_at:""Sat Mar 07 17:00:42 +0000 2020""","rawtext:""Want to join our dedicated team? We are looking for an Experienced Fundraiser to submit applications for  #Trust &amp; #Foundation", developing #Legacy #Campaigns," find out more ____\nhttps://t.co/mfd8kbayew\n#Jobs #Hiring #Hampshire #Opportunity #OpenSight #JobOpportunity #Charity https://t.co/TrAJg9UWGD""","text:""Want to join our dedicated team? We are looking for an Experienced Fundraiser to submit applications for Trust &amp; Foundation", developing Legacy Campaigns," find out more ""}",,,,,,
"{""_id"":{""$oid"":""5e6bf554b0d40b1f9dc8592e""}",Tweet_id:1236337452308144133,"created_at:""Sat Mar 07 17:06:33 +0000 2020""","rawtext:""AVAIL VCS #TRUSTED\nTARIF"," DM? \n\nWA/ 083164163138 \nLine/ @ASYATOGE\n\n#openvcs\n#availvcs\n#vcsline\n#vcsbugil\n#vcsavail\n#vcsreal\n#vcscroot\n#vcsjilbab \n#vcssangek \n#vcstrusted #REALVCS\n#vcsline \n#vcskuy #RealAngel\n#RealAngel #vcs #vcsreal\n#HotelDelLuna \n#vcsbugill \n#vcshot #open\n#real https://t.co/rstn75HWl0""","text:""AVAIL VCS TRUSTED TARIF"," DM? WA/ 083164163138 Line/ ""}",,,,,,,,
"{""_id"":{""$oid"":""5e6bf554b0d40b1f9dc85939""}",Tweet_id:1236338001774546946,"created_at:""Sat Mar 07 17:08:44 +0000 2020""","rawtext:""Spank me it's the only way I learn \n #trust #babe https://t.co/tnHLlPBZVt""","text:""Spank me it is the only way I learn ""}",,,,,,,,,,
"{""_id"":{""$oid"":""5e6bf554b0d40b1f9dc8593a""}",Tweet_id:1236338025975574528,"created_at:""Sat Mar 07 17:08:50 +0000 2020""","rawtext:""@Oma_Twits @imsrfraz_ Listen   Friends"," \n#Follow Me Get #FollowBack __ \n101%\n\nWithin   \""\"" 1 Minute \""\""\n\n#Trust Me ____\n\nI Promise __\nJust Try Once ____ https://t.co/76nFpeD9uB""","text:""Listen Friends"," Follow Me Get FollowBack 101% Within \""\"" 1 Minute \""\"" Trust Me I Promise Just Try Once""}",,,,,,,,
"{""_id"":{""$oid"":""5e6bf554b0d40b1f9dc85942""}",Tweet_id:1236338325671182337,"created_at:""Sat Mar 07 17:10:01 +0000 2020""","rawtext:""Yu ready 3slot say\n085723833159\n#realangelbndung\n\n#availbandung \n#includebandung \n#Excludebandung \n#CODNODP \n#BandungBasah \n#bandungbo \n#OPENBOBandung \n#RECOMMENDED4BO \n#trusted \n#REAL4BO \n#RealAccount \n#RecomendedBO https://t.co/kWfH1VMOXn""","text:""Yu ready 3slot say 085723833159 ""}",,,,,,,,,,
"{""_id"":{""$oid"":""5e6bf554b0d40b1f9dc85945""}",Tweet_id:1236338406457778178,"created_at:""Sat Mar 07 17:10:20 +0000 2020""","rawtext:""\""Ultimately", a company__ standing in an increasingly data-sensitive society depends on trust,"\"" said @Coupa CEO @rbernshteyn @google #security #trust @barronsonline  https://t.co/OaAXQGg97x https://t.co/w40UY5rjkw""","text:""\""Ultimately", a company__ standing in an increasingly data-sensitive society depends on trust,"\"" said CEO ""}",,,,,,
"{""_id"":{""$oid"":""5e6bf554b0d40b1f9dc85949""}",Tweet_id:1236338832783654913,"created_at:""Sat Mar 07 17:12:02 +0000 2020""","rawtext:""A new survey from @clutch_co reveals that businesses buyers rely on small groups of people and a mix of resources during the #B2B buying process. \n\nB2B companies can #influencebusinessbuyers through instilling #trust.  \n\nFind out more below. \n\nhttps://t.co/27rk2KJUfB https://t.co/63rucpSBBA""","text:""A new survey from reveals that businesses buyers rely on small groups of people and a mix of resources during the B2B buying process. B2B companies can influencebusinessbuyers through instilling trust. Find out more below.""}",,,,,,,,,,
"{""_id"":{""$oid"":""5e6bf554b0d40b1f9dc85954""}",Tweet_id:1236340523532578816,"created_at:""Sat Mar 07 17:18:45 +0000 2020""","rawtext:""On March 14th", HOPE team has planned the Rainwater harvesting event sponsored by Intel  in Chadumanahalli village," Kolar.\nHope to see you all on the event day.\n#hope #trust #ngo #hopeTrustNgo #helpingOutPublicEffectively #charity #socialService #rainWaterHarvesting #kolar https://t.co/Lob62n20nS""","text:""On March 14th", HOPE team has planned the Rainwater harvesting event sponsored by Intel in Chadumanahalli village," Kolar. Hope to see you all on the event day. ""}",,,,,,
"{""_id"":{""$oid"":""5e6bf554b0d40b1f9dc85956""}",Tweet_id:1236340640742551563,"created_at:""Sat Mar 07 17:19:13 +0000 2020""","rawtext:""Super excited to join such a legendary staff and to be back in the great state of New Jersey!! #TRUST #CHOP #PRIDE #VirFidelis""","text:""Super excited to join such a legendary staff and to be back in the great state of New Jersey!! ""}",,,,,,,,,,
"{""_id"":{""$oid"":""5e6bf555b0d40b1f9dc8595a""}",Tweet_id:1236340994871877632,"created_at:""Sat Mar 07 17:20:37 +0000 2020""","rawtext:""UNION BANK AND TRUST COMPANY"," Pennsylvania. Look at this https://t.co/fnrHcp5UvD #TRUST #Pennsylvania #BANK #UNION #COMPANY""","text:""UNION BANK AND TRUST COMPANY"," Pennsylvania. Look at this ""}",,,,,,,,
"{""_id"":{""$oid"":""5e6bf555b0d40b1f9dc85959""}",Tweet_id:1236340940211707904,"created_at:""Sat Mar 07 17:20:24 +0000 2020""","rawtext:""Another Successful investment withdrawal __\nWe are taking this to the next level ______\n..\n.\n.\n#Investment #usa #uk #phillipines #SouthAfrica #Norway #kuwait #bitcoin #Binary #forex #liverpool #lovequotes #payday #picoftheday #profit #millionaire #mindset #trust #money #real #dog https://t.co/w2UEwZNXof""","text:""Another Successful investment withdrawal We are taking this to the next level .. . . ""}",,,,,,,,,,
"{""_id"":{""$oid"":""5e6bf554b0d40b1f9dc85957""}",Tweet_id:1236340650758438915,"created_at:""Sat Mar 07 17:19:15 +0000 2020""","rawtext:""The wwphx phatgolf rickwareracing #52 is ready for qualifying. I__ ready to get the day going__. #windoworldphx #trust #bestinprice #quality @ Phoenix Raceway https://t.co/7g5U12BC6Z""","text:""The wwphx phatgolf rickwareracing 52 is ready for qualifying. I am ready to get the day going. windoworldphx trust bestinprice quality @ Phoenix Raceway""}",,,,,,,,,,
"{""_id"":{""$oid"":""5e6bf555b0d40b1f9dc8595f""}",Tweet_id:1236341670649532416,"created_at:""Sat Mar 07 17:23:19 +0000 2020""","rawtext:""Please #WHO keep the #AmericanPeople in the know. It's clear we cannot #trust the @POTUS or our @WhiteHouse""","text:""Please WHO keep the AmericanPeople in the know. it is clear we cannot trust the or our""}",,,,,,,,,,
"{""_id"":{""$oid"":""5e6bf555b0d40b1f9dc85964""}",Tweet_id:1236342511834202114,"created_at:""Sat Mar 07 17:26:39 +0000 2020""","rawtext:""So happy and proud to be working with one of the best to ever put on an @SJRFB uniform @Coach_Foss To watch his success at @SJRHighSchool and @Princeton has been nothing short of amazing. @tomfossati @VarsityAces #F.A.M.I.L.Y. #TRUST #CHOP #PRIDE https://t.co/ASY11m7UFd""","text:""So happy and proud to be working with one of the best to ever put on an uniform To watch his success at and has been nothing short of amazing. ""}",,,,,,,,,,
"{""_id"":{""$oid"":""5e6bf555b0d40b1f9dc85967""}",Tweet_id:1236343402641448962,"created_at:""Sat Mar 07 17:30:11 +0000 2020""","rawtext:""Life requires heroic courage to #trust in the love of f#God no matter what happens to us. - @melindaknight #quote""","text:""Life requires heroic courage to trust in the love of fGod no matter what happens to us. - ""}",,,,,,,,,,
"{""_id"":{""$oid"":""5e6bf555b0d40b1f9dc85968""}",Tweet_id:1236343550029246464,"created_at:""Sat Mar 07 17:30:47 +0000 2020""","rawtext:""We have control over how we regulate our emotions and manage our thoughts to respond differently to a situation. #RealControl #Growth #Emotions #Thoughts #Healing #Maturity #Therapy https://t.co/YL29tnK2Xt""","text:""We have control over how we regulate our emotions and manage our thoughts to respond differently to a situation. ""}",,,,,,,,,,
"{""_id"":{""$oid"":""5e6bf555b0d40b1f9dc8596b""}",Tweet_id:1236344149659586560,"created_at:""Sat Mar 07 17:33:10 +0000 2020""","rawtext:""Turning hopelessness into hope starts with accepting that we can feel hopeless. https://t.co/LQM6gdfxb8\n\n#hope #hopeless #transformation #change #personaldevelopment #personalgrowth #darkness #trust https://t.co/sI9x0PMj4f""","text:""Turning hopelessness into hope starts with accepting that we can feel hopeless. ""}",,,,,,,,,,
"{""_id"":{""$oid"":""5e6bf555b0d40b1f9dc8596d""}",Tweet_id:1236344365460656129,"created_at:""Sat Mar 07 17:34:01 +0000 2020""","rawtext:""Set your mind on the Word of God. #thegideons #verseoftheday #trust #blessed https://t.co/5Vlt7KPRBc""","text:""Set your mind on the Word of God. ""}",,,,,,,,,,
"{""_id"":{""$oid"":""5e6bf555b0d40b1f9dc85970""}",Tweet_id:1236344853337784320,"created_at:""Sat Mar 07 17:35:57 +0000 2020""","rawtext:""@sethmccall_ HI    Friends"," \n#Follow Me Get #FollowBack __ \n101%\n\nWithin   \""\"" 1 Minute \""\""\n\n#Trust Me ____\n\nI Promise __\nJust Try Once ______ https://t.co/Ek2G5hrgWZ""","text:""HI Friends"," Follow Me Get FollowBack 101% Within \""\"" 1 Minute \""\"" Trust Me I Promise Just Try Once""}",,,,,,,,
"{""_id"":{""$oid"":""5e6bf555b0d40b1f9dc85975""}",Tweet_id:1236345237615845378,"created_at:""Sat Mar 07 17:37:29 +0000 2020""","rawtext:""I totaly depend on you God! my #trust is in you #Jesus-Christ""","text:""I totaly depend on you God! my trust is in you ""}",,,,,,,,,,
"{""_id"":{""$oid"":""5e6bf555b0d40b1f9dc85979""}",Tweet_id:1236346668418764800,"created_at:""Sat Mar 07 17:43:10 +0000 2020""","rawtext:""\""When I am afraid"," I put my #trust in you.\"" -Psalm 56:3 (NIV)\nWe invite you to read more from Psalm 56: https://t.co/UQ4WyWXwp1\n#BibleGateway #psalms #BibleVerse https://t.co/OgGnerlFck""","text:""\""When I am afraid"," I put my trust in you.\"" -Psalm 56 (NIV) We invite you to read more from Psalm 56: ""}",,,,,,,,
"{""_id"":{""$oid"":""5e6bf555b0d40b1f9dc8597b""}",Tweet_id:1236347005678452738,"created_at:""Sat Mar 07 17:44:31 +0000 2020""","rawtext:""Want to expand trust &amp; estate fiduciary tax services? Help beneficiaries understand their tax planning options...  #IRA #trust #estate \nPostmortem Tax Planning for IRA Distributions After the SECURE Act https://t.co/iqrECH4hqE""","text:""Want to expand trust &amp; estate fiduciary tax services? Help beneficiaries understand their tax planning options.. IRA trust estate Postmortem Tax Planning for IRA Distributions After the SECURE Act""}",,,,,,,,,,
"{""_id"":{""$oid"":""5e6bf555b0d40b1f9dc8597c""}",Tweet_id:1236347249141178368,"created_at:""Sat Mar 07 17:45:29 +0000 2020""","rawtext:""In Defence of Maturity-based Approaches for #Cyber Security &gt; https://t.co/qy2gYTEZiw \n\n@Transform_Sec \n\n#cybersecurity #security #infosec #CISO #CIO #CTO #CEO #business #leaders #leadership #management #maturity #FIC2020 https://t.co/F21pW3KZ6t""","text:""In Defence of Maturity-based Approaches for Cyber Security &gt; ""}",,,,,,,,,,
"{""_id"":{""$oid"":""5e6bf555b0d40b1f9dc85984""}",Tweet_id:1236348961935548418,"created_at:""Sat Mar 07 17:52:17 +0000 2020""","rawtext:""*Soon as my niece Learned How to Speak*\n\n-Imani: Shaka..!!!\n\n*Playful voice*\n-Me: Whaaat..? What Do You Want Mani..?!?\n\n-Imani: ____\n\n*Playful voice*\n-Me: What IS it?!?\n\n-Imani: ____\n\n*Playful voice*\n-Me: TELL Me WHAT You WANT Mani..!\n\n-Imani: ___¤£__\n#Adulthood #Maturity #Reality""","text:""*Soon as my niece Learned How to Speak* -Imani: Shaka..!! *Playful voice* -Me: Whaat..? What Do You Want Mani..?!? -Imani: *Playful voice* -Me: What IS it?!? -Imani: *Playful voice* -Me: TELL Me WHAT You WANT Mani..! -Imani: ""}",,,,,,,,,,
"{""_id"":{""$oid"":""5e6bf555b0d40b1f9dc85988""}",Tweet_id:1236349877702946816,"created_at:""Sat Mar 07 17:55:55 +0000 2020""","rawtext:""Avail bo cod (NO DP) isi SLOT nya yu Include or exclude"," info rr Dm/https://t.co/ByqIgNixQJ\n#openbobandung\n#availbandung\n#availbobandung\n#bobandung\n#bobdg \n#realangel\n#realbobandung\n#trusted \n#angelbandung \n#angeltrusted\n#availcodbandung \n#infobobdg\n#bisyarbandung \n#BandungBasa https://t.co/0F5nuM5OyF""","text:""Avail bo cod (NO DP) isi SLOT nya yu Include or exclude"," info rr Dm/ ""}",,,,,,,,
"{""_id"":{""$oid"":""5e6bf555b0d40b1f9dc85992""}",Tweet_id:1236351664711483393,"created_at:""Sat Mar 07 18:03:01 +0000 2020""","rawtext:""The @Verge Tech Survey 2020: How people feel about Apple", Google," Facebook and more. https://t.co/HkBI3mk22L #Tech #Trust #DataPrivacy""","text:""The Tech Survey 2020: How people feel about Apple", Google," Facebook and more. ""}",,,,,,
"{""_id"":{""$oid"":""5e6bf555b0d40b1f9dc85993""}",Tweet_id:1236351912552742914,"created_at:""Sat Mar 07 18:04:00 +0000 2020""","rawtext:""Why Bitcoin is Eating the Software World \nhttps://t.co/zaBxyIm3DW #bitcoin #software #trust #mobielonly""","text:""Why Bitcoin is Eating the Software World ""}",,,,,,,,,,
"{""_id"":{""$oid"":""5e6bf555b0d40b1f9dc85990""}",Tweet_id:1236351202545348608,"created_at:""Sat Mar 07 18:01:11 +0000 2020""","rawtext:""#Leaders need to be #accountable to their people", colleagues," bosses &amp; clients. That will build respect &amp; #TRUST! https://t.co/LHwG9mamjC""","text:""Leaders need to be accountable to their people", colleagues," bosses &amp; clients. That will build respect &amp; ""}",,,,,,
"{""_id"":{""$oid"":""5e6bf555b0d40b1f9dc85996""}",Tweet_id:1236353100832575488,"created_at:""Sat Mar 07 18:08:44 +0000 2020""","rawtext:""Unreal. Read/Listen to this post. Should our machines sound THIS human? https://t.co/LrFR2ao9Gw #Duplex #google #AI #machinlearning #ethics #trust; cc @Arturledo @HeinzVHoenen @vinod1975 @Paula_Piccard @sanjay_abraham @mjoehlerich @CooperPickett @arukundo @YuHelenYu https://t.co/LRm71lUipN""","text:""Unreal. Read/Listen to this post. Should our machines sound THIS human? Duplex google AI machinlearning ethics trust; cc""}",,,,,,,,,,
"{""_id"":{""$oid"":""5e6bf555b0d40b1f9dc85997""}",Tweet_id:1236353708276908032,"created_at:""Sat Mar 07 18:11:09 +0000 2020""","rawtext:""One of my most #trusted #ptc #paidtoclick website to earn #money #online #moneyonline #skrill #bitcoin and the one of my most trusted spots I advertise on #gptplanet Click here join: https://t.co/NxzJluRHKS Stay in  contact for help.""","text:""One of my most trusted ptc paidtoclick website to earn money online moneyonline skrill bitcoin and the one of my most trusted spots I advertise on gptplanet Click here join: Stay in contact for help.""}",,,,,,,,,,
"{""_id"":{""$oid"":""5e6bf555b0d40b1f9dc85998""}",Tweet_id:1236354739786391552,"created_at:""Sat Mar 07 18:15:14 +0000 2020""","rawtext:""Have you ever assumed the worst in someone"," only to discover you were dead-wrong about them?\n\nRead this &gt;&gt; https://t.co/W6XCHaPg1t\n\n#dude #thedude #biglebowski #honest #honesty #trust #truth #conflict #humannature https://t.co/B8gPBspnTj""","text:""Have you ever assumed the worst in someone"," only to discover you were dead-wrong about them? Read this &gt;&gt; ""}",,,,,,,,
"{""_id"":{""$oid"":""5e6bf555b0d40b1f9dc8598f""}",Tweet_id:1236351130956898304,"created_at:""Sat Mar 07 18:00:54 +0000 2020""","rawtext:""Would you like to know how to actively build trust in your relationship? Here are 9 questions to ask: https://t.co/MyuiAE9d6k #trust #buildtrust #love #date #dating #datingtips #relationships #datingadvice #relationships advice @bustledotcom""","text:""Would you like to know how to actively build trust in your relationship? Here are 9 questions to ask: trust buildtrust love date dating datingtips relationships datingadvice relationships advice""}",,,,,,,,,,
"{""_id"":{""$oid"":""5e6bf555b0d40b1f9dc8599b""}",Tweet_id:1236355528022011907,"created_at:""Sat Mar 07 18:18:22 +0000 2020""","rawtext:""When we have #President #JEB #Bush"," I am 100% certain the #AmericanDream will come roaring back.\n\n#JEBBush #Leadership #Proven #Trusted #Visionary #UnitedWeStand #HealAmerica #USA ____________""","text:""When we have President JEB Bush"," I am 100% certain the AmericanDream will come roaring back. ""}",,,,,,,,
"{""_id"":{""$oid"":""5e6bf555b0d40b1f9dc8599e""}",Tweet_id:1236355761271422978,"created_at:""Sat Mar 07 18:19:18 +0000 2020""","rawtext:""Hear his voice today :____SARAH REEVES - ANXIOUS___ on https://t.co/8ko3XzkrrO @sarahreeves #Anxiety #Trust #Jesus #Christ #GodIsGood #GodCares #God #Truth #ChristianMusic #Music #Song #SongOfTheDay\n\nhttps://t.co/rBu7ySFVRq""","text:""Hear his voice today : SARAH REEVES - ANXIOUS on ""}",,,,,,,,,,
"{""_id"":{""$oid"":""5e6bf555b0d40b1f9dc859a0""}",Tweet_id:1236355849695580160,"created_at:""Sat Mar 07 18:19:39 +0000 2020""","rawtext:""#Private banks are more vulnerable than Govt banks\n\nA fraudulent politician can easily gobble the assets of a private bank\n\n#Global #Trust #Bank had its downfall due to the above effect\n\nGovt banks will have the confidence of public\n\nHere a chain of safety is created miraculously""","text:""Private banks are more vulnerable than Govt banks A fraudulent politician can easily gobble the assets of a private bank Global Trust Bank had its downfall due to the above effect Govt banks will have the confidence of public Here a chain of safety is created miraculously""}",,,,,,,,,,
"{""_id"":{""$oid"":""5e6bf555b0d40b1f9dc859a5""}",Tweet_id:1236356216852549633,"created_at:""Sat Mar 07 18:21:07 +0000 2020""","rawtext:""Say it! Over and Over! I trust that the Universe has my back!\n\nhttps://t.co/s0xmdcoEgX\n\n#Trust #Universe https://t.co/hYGwvtpmJy""","text:""Say it! Over and Over! I trust that the Universe has my back! ""}",,,,,,,,,,
"{""_id"":{""$oid"":""5e6bf555b0d40b1f9dc859ac""}",Tweet_id:1236358289039831040,"created_at:""Sat Mar 07 18:29:21 +0000 2020""","rawtext:""#Trust is built to #Break\n\n#JustLikeThat""","text:""Trust is built to ""}",,,,,,,,,,
"{""_id"":{""$oid"":""5e6bf555b0d40b1f9dc859ad""}",Tweet_id:1236358424138600448,"created_at:""Sat Mar 07 18:29:53 +0000 2020""","rawtext:""I hope my kids have #dignity and #couragetoquestion https://t.co/gzZ5MWb5uX #character #children #community #education #family #fatherhood #identity #integrity #maturity #personalgrowth #respect #selfesteem #selfrespect #values""","text:""I hope my kids have dignity and ""}",,,,,,,,,,
"{""_id"":{""$oid"":""5e6bf555b0d40b1f9dc859ae""}",Tweet_id:1236358886904520708,"created_at:""Sat Mar 07 18:31:43 +0000 2020""","rawtext:""@WalshFreedom #Truth is the foundation of #trust. Thus"," #DonaldTrump is NOT to be trusted. EVER. https://t.co/nVFs3b0ojW""","text:""Truth is the foundation of trust. Thus"," DonaldTrump is NOT to be trusted. EVER.""}",,,,,,,,
"{""_id"":{""$oid"":""5e6bf555b0d40b1f9dc859b1""}",Tweet_id:1236360773842038785,"created_at:""Sat Mar 07 18:39:13 +0000 2020""","rawtext:""Patience means that you already trust that it will happen. \n\n#trust __""","text:""Patience means that you already trust that it will happen. ""}",,,,,,,,,,
"{""_id"":{""$oid"":""5e6bf555b0d40b1f9dc859b8""}",Tweet_id:1236362947292737536,"created_at:""Sat Mar 07 18:47:51 +0000 2020""","rawtext:""#FridaysForFuture\nBuilding culture in every interaction - build each other up so we can get better together!\n\nTrue collaboration requires #Trust",  honesty &amp; commitment to," what can be a challenging yet rewarding process. Nurture the process by inspiring &amp; igniting passion for it! https://t.co/YkGoLbmVbB""","text:""FridaysForFuture Building culture in every interaction - build each other up so we can get better together! True collaboration requires Trust", honesty &amp; commitment to," what can be a challenging yet rewarding process. Nurture the process by inspiring &amp; igniting passion for it!""}",,,,,,
"{""_id"":{""$oid"":""5e6bf555b0d40b1f9dc859b9""}",Tweet_id:1236363057560989702,"created_at:""Sat Mar 07 18:48:18 +0000 2020""","rawtext:""#Cointiply\n\nUse promo code IMPROBABLE to get 90 free Coins. \nFirst 6000 users only!\n\nhttps://t.co/G1o2dC20Ic\n\nDon't forget to download the Cointiply Android App! https://t.co/IVwaZfYfH6\n\n#BTC #FREE #CLAIM #TRUSTED""","text:""Cointiply Use promo code IMPROBABLE to get 90 free Coins. First 600 users only! do not forget to download the Cointiply Android App! ""}",,,,,,,,,,
"{""_id"":{""$oid"":""5e6bf555b0d40b1f9dc859c0""}",Tweet_id:1236365466173493248,"created_at:""Sat Mar 07 18:57:52 +0000 2020""","rawtext:""The #International #Association for #Trusted #Blockchain #Applications (INATBA)", a distributed ledger #technology #initiative established by the #European #Commission (#EC) last year,"\n\nhttps://t.co/e5LxIEPVJB\n\n#Rakamoto #SaturdayThoughts #Blockchain #Crypto #Bitcoin #Digital""","text:""The International Association for Trusted Blockchain Applications (INATBA)", a distributed ledger technology initiative established by the European Commission (EC) last year," ""}",,,,,,
"{""_id"":{""$oid"":""5e6bf555b0d40b1f9dc859c6""}",Tweet_id:1236366954107150336,"created_at:""Sat Mar 07 19:03:47 +0000 2020""","rawtext:""#WordBT #WhyJesus #Trust #Faith #Way #Truth #life\n#PlanOfSalvation #God #Jesus #Christ\nhttps://t.co/zJALTf35LC &lt; Article\nThis article gives many reasons that we all need Jesus.\nFor answers to hundreds of Bible questions"," click:\nhttps://t.co/jPqWVp2SGn""","text:""WordBT WhyJesus Trust Faith Way Truth life PlanOfSalvation God Jesus Christ &lt; Article This article gives many reasons that we all need Jesus. For answers to hundreds of Bible questions"," click:""}",,,,,,,,
"{""_id"":{""$oid"":""5e6bf555b0d40b1f9dc859c7""}",Tweet_id:1236366972922793990,"created_at:""Sat Mar 07 19:03:51 +0000 2020""","rawtext:""#WordBT #WhyJesus #Trust #Faith #Way #Truth #life\n#PlanOfSalvation #God #Jesus #Christ\nhttps://t.co/zJALTf35LC\nA few other things: good mental health (Philippians 4:6-9);\ncontentment (Philippians 4:11-12); and VICTORY over death \n(1 Cor 15:55):\nhttps://t.co/VHb5JSlbgZ""","text:""WordBT WhyJesus Trust Faith Way Truth life PlanOfSalvation God Jesus Christ A few other things: good mental health (Philippians 4 contentment (Philippians 4 and VICTORY over death (1 Cor 15""}",,,,,,,,,,
"{""_id"":{""$oid"":""5e6bf555b0d40b1f9dc859c9""}",Tweet_id:1236367069995831299,"created_at:""Sat Mar 07 19:04:14 +0000 2020""","rawtext:""\""Across all the threat streams we examined", early detection, public and international #trust and information sharing," and harnessing innovation in the private sector were vital to effective risk reduction._\""""","text:""\""Across all the threat streams we examined", early detection, public and international trust and information sharing," and harnessing innovation in the private sector were vital to effective risk reduction. \""""}",,,,
"{""_id"":{""$oid"":""5e6bf555b0d40b1f9dc859ca""}",Tweet_id:1236367085216948232,"created_at:""Sat Mar 07 19:04:18 +0000 2020""","rawtext:""#WordBT #WhyJesus #Trust #Faith #Way #Truth #life\n#PlanOfSalvation #God #Jesus #Christ\nhttps://t.co/zJALTf35LC\nSo like Paul we can say: __ have been crucified with Christ;\nit is no longer I who live"," but Christ lives in me;...\n (Galatians 2:20).""","text:""WordBT WhyJesus Trust Faith Way Truth life PlanOfSalvation God Jesus Christ So like Paul we can say: __ have been crucified with Christ; it is no longer I who live"," but Christ lives in me;.. (Galatians 2""}",,,,,,,,
"{""_id"":{""$oid"":""5e6bf555b0d40b1f9dc859cd""}",Tweet_id:1236367229916262404,"created_at:""Sat Mar 07 19:04:52 +0000 2020""","rawtext:""WordBT #WhyJesus #Trust #Faith #Way #Truth #life\n#PlanOfSalvation #God #Jesus #Christ\n(link: https://t.co/zJALTf35LC)\nJesus washes our sins away with His blood (Acts 22:16; Revelation 1:5);\nHe redeems us from sin and its consequences (1 Peter 1:18-19).""","text:""WordBT WhyJesus Trust Faith Way Truth life PlanOfSalvation God Jesus Christ (link: Jesus washes our sins away with His blood (Acts 22 Revelation 1 He redeems us from sin and its consequences (1 Peter 1""}",,,,,,,,,,
"{""_id"":{""$oid"":""5e6bf555b0d40b1f9dc859ce""}",Tweet_id:1236367277399957505,"created_at:""Sat Mar 07 19:05:04 +0000 2020""","rawtext:""#WordBT #WhyJesus #Trust #Faith #Way #Truth #life\n#PlanOfSalvation #God #Jesus #Christ\nhttps://t.co/zJALTf35LC &lt; Article\n&gt;Why do we all need JESUS = the bright","\nthe morning star __ (Rev 22:16)? \nSee article to answer question with #Bible references.\nScroll down to preview.""","text:""WordBT WhyJesus Trust Faith Way Truth life PlanOfSalvation God Jesus Christ &lt; Article &gt;Why do we all need JESUS = the bright"," the morning star (Rev 22 See article to answer question with Bible references. Scroll down to preview.""}",,,,,,,,
"{""_id"":{""$oid"":""5e6bf555b0d40b1f9dc859d3""}",Tweet_id:1236369180191936512,"created_at:""Sat Mar 07 19:12:37 +0000 2020""","rawtext:""Recruiting on LinkedIn: a step-by-step guide #PeopleAnalytics #Culture #Pulsitude #Trust #Learning #HR #Feedback #Synchievement https://t.co/dfEifEG6ss via @Rohma_Abbas""","text:""Recruiting on LinkedIn: a step-by-step guide PeopleAnalytics Culture Pulsitude Trust Learning HR Feedback Synchievement via""}",,,,,,,,,,
"{""_id"":{""$oid"":""5e6bf555b0d40b1f9dc859d4""}",Tweet_id:1236369305593204736,"created_at:""Sat Mar 07 19:13:07 +0000 2020""","rawtext:""Why is your manager the only person who can access your goals???\nWe should be sharing them with everyone we trust to help us achieve them!\n@mitchzenger @synctrics https://t.co/41BpQtpHwb\n #Synchronize #Feedback #Strengths #FutureOfWork #Goals #HackingHR #Trust #PeopleAnalytics https://t.co/yOPvqnduOP""","text:""Why is your manager the only person who can access your goals?? We should be sharing them with everyone we trust to help us achieve them! ""}",,,,,,,,,,
"{""_id"":{""$oid"":""5e6bf555b0d40b1f9dc859d2""}",Tweet_id:1236369163217539072,"created_at:""Sat Mar 07 19:12:33 +0000 2020""","rawtext:""4 Learning and Development Metrics That Measure the Success of Your L&amp;D Program | HR Technologist #HR #Goalvana #HRTech #Personability #OKR #FutureOfWork #Recognition #Trust https://t.co/kB5DQ4ETZV via @martechadvisor""","text:""4 Learning and Development Metrics That Measure the Success of Your L&amp;D Program | HR Technologist HR Goalvana HRTech Personability OKR FutureOfWork Recognition Trust via""}",,,,,,,,,,
"{""_id"":{""$oid"":""5e6bf555b0d40b1f9dc859db""}",Tweet_id:1236370949613785090,"created_at:""Sat Mar 07 19:19:39 +0000 2020""","rawtext:""Take your breath away _____ #trust #PetsAreLove #dogsarelove #Amazing #SaturdayNightTakeaway""","text:""Take your breath away ""}",,,,,,,,,,
"{""_id"":{""$oid"":""5e6bf555b0d40b1f9dc859dc""}",Tweet_id:1236371158896959494,"created_at:""Sat Mar 07 19:20:29 +0000 2020""","rawtext:""@LouMycroft @JChillingworth @ahadawi1 Ooh"," sounds good. Our small observation team want to use Thinking Environment in meetings so are starting small and aiming for the bigger team too. Would be so good to use in conjunction with @DrDonny_tweets #trust work.""","text:""Ooh"," sounds good. Our small observation team want to use Thinking Environment in meetings so are starting small and aiming for the bigger team too. Would be so good to use in conjunction with trust work.""}",,,,,,,,
"{""_id"":{""$oid"":""5e6bf555b0d40b1f9dc859dd""}",Tweet_id:1236372058302558214,"created_at:""Sat Mar 07 19:24:04 +0000 2020""","rawtext:""#Consistency creates certainty", predictability," and dependability. Those traits inspire #trust. ~ The Multplier Samuel Onyango""","text:""Consistency creates certainty", predictability," and dependability. Those traits inspire trust. ~ The Multplier Samuel Onyango""}",,,,,,
"{""_id"":{""$oid"":""5e6bf555b0d40b1f9dc859de""}",Tweet_id:1236372319653765121,"created_at:""Sat Mar 07 19:25:06 +0000 2020""","rawtext:""\""Trust doesn__ come naturally__t has to be earned. And if you__e in a #leadership position"," earning the #trust of those around you is one of the most important keys to your #success.\""\n@LollyDaskal""","text:""\""Trust does not come naturally__t has to be earned. And if you are in a leadership position"," earning the trust of those around you is one of the most important keys to your ""}",,,,,,,,
"{""_id"":{""$oid"":""5e6bf555b0d40b1f9dc859df""}",Tweet_id:1236372535677083648,"created_at:""Sat Mar 07 19:25:57 +0000 2020""","rawtext:""7 Signs It__ Time To Get Focused On Zero Trust by @LouisColumbus via @Forbes @ipfconline1 #Trust #AI #ML #Governance #Cybersecurity cc @BillMew @DrJDrooghaag @NevilleGaunt @HaroldSinnott @FrRonconi @FmFrancoise \nhttps://t.co/ceWLywIyKJ""","text:""7 Signs it is Time To Get Focused On Zero Trust by via Trust AI ML Governance Cybersecurity cc""}",,,,,,,,,,
"{""_id"":{""$oid"":""5e6bf555b0d40b1f9dc859e3""}",Tweet_id:1236372984958455808,"created_at:""Sat Mar 07 19:27:44 +0000 2020""","rawtext:""@NYGovCuomo Informed NY and America don't #TRUST you and your #LuNancy""","text:""Informed NY and America do not TRUST you and your ""}",,,,,,,,,,
"{""_id"":{""$oid"":""5e6bf555b0d40b1f9dc859e5""}",Tweet_id:1236373180534501376,"created_at:""Sat Mar 07 19:28:31 +0000 2020""","rawtext:""They Don__ #Trust You! https://t.co/8lhm163vGa #b2b""","text:""They do not Trust You! ""}",,,,,,,,,,
"{""_id"":{""$oid"":""5e6bf555b0d40b1f9dc859e4""}",Tweet_id:1236373166857093122,"created_at:""Sat Mar 07 19:28:28 +0000 2020""","rawtext:""@JoyceMeyer #ForReal. This is so #True I just have to continue to #Trust God. Amen""","text:""ForReal. This is so True I just have to continue to Trust God. Amen""}",,,,,,,,,,
"{""_id"":{""$oid"":""5e6bf555b0d40b1f9dc859d9""}",Tweet_id:1236370520347676672,"created_at:""Sat Mar 07 19:17:57 +0000 2020""","rawtext:""Selma is indeed a great leader. She was my manager for many years and she #empowered me to perform my best. She has my #admiration and #trust @NCIAgency .""","text:""Selma is indeed a great leader. She was my manager for many years and she empowered me to perform my best. She has my admiration and trust .""}",,,,,,,,,,
"{""_id"":{""$oid"":""5e6bf555b0d40b1f9dc859e6""}",Tweet_id:1236373988881752065,"created_at:""Sat Mar 07 19:31:44 +0000 2020""","rawtext:""I want your time\nNot your password..\n#Trust __""","text:""I want your time Not your password.. ""}",,,,,,,,,,
"{""_id"":{""$oid"":""5e6bf555b0d40b1f9dc859e8""}",Tweet_id:1236375763995279362,"created_at:""Sat Mar 07 19:38:47 +0000 2020""","rawtext:""2001Anthrax\n2002 West Nile\n2003 SARS\n2005 Bird Flu\n2006 Ecoli\n2008 Financial Collapse\n2009 Swine Flu\n2012 Mayan calendar\n2013 WW3\n2014 Ebola\n2015 ISIS\n2016 Zika\n2018 Nipah\n2020 Corona\n#Truth is #FEAR will kill you\nTurn off TV and social media\n #Pray", #Laugh," #Trust #God""","text:""2001Anthrax 2002 West Nile 2003 SARS 2005 Bird Flu 2006 Ecoli 2008 Financial Collapse 2009 Swine Flu 2012 Mayan calendar 2013 WW3 2014 Ebola 2015 ISIS 2016 Zika 2018 Nipah 2020 Corona Truth is FEAR will kill you Turn off TV and social media ""}",,,,,,,,
"{""_id"":{""$oid"":""5e6bf555b0d40b1f9dc859e9""}",Tweet_id:1236376052827488257,"created_at:""Sat Mar 07 19:39:56 +0000 2020""","rawtext:""A p2p platform for exchanging cryptocurrencies from small to large volumes with the highest possible deal protection. https://t.co/EJ3vjb0K5H\n\n#Bitcoin  #cryptocurrency #exchange #whalesheaven #Trade  #blockchains #investing #trust  #p2p #BTC https://t.co/zE9sfmKPM2""","text:""A p2p platform for exchanging cryptocurrencies from small to large volumes with the highest possible deal protection. ""}",,,,,,,,,,
"{""_id"":{""$oid"":""5e6bf555b0d40b1f9dc859ea""}",Tweet_id:1236376178061127680,"created_at:""Sat Mar 07 19:40:26 +0000 2020""","rawtext:""When people use \""business email","\"" like \""info@[company-name].com\"" _ but the #website itself is defunct or parked", the #company fictitious _ am I supposed to #trust your validity? You bought a #domain name," setup domain-based email. Presentation is not content. #perception #reality""","text:""When people use \""business email","\"" like \""info@[company-name].com\"" _ but the website itself is defunct or parked", the company fictitious _ am I supposed to trust your validity? You bought a domain name," setup domain-based email. Presentation is not content. ""}",,,,
"{""_id"":{""$oid"":""5e6bf555b0d40b1f9dc859ec""}",Tweet_id:1236377045782761479,"created_at:""Sat Mar 07 19:43:53 +0000 2020""","rawtext:""Open include exclude ya chatt wa 083170486421\n#readybojogja #TrustedAngeL #TRUSTEDBISYAR #TrustedBooking #trusted #TrustedAngels #bispakhot #pijathotel #includeroom #excluderoom #cewekbookingan #cewekbispak #cewekbisyar #bisyar #CODNODP #pijatvitalitas #pijatpanggilanjogja https://t.co/54K78x4AFc""","text:""Open include exclude ya chatt wa 083170486421 ""}",,,,,,,,,,
"{""_id"":{""$oid"":""5e6bf555b0d40b1f9dc859ee""}",Tweet_id:1236377423811313667,"created_at:""Sat Mar 07 19:45:23 +0000 2020""","rawtext:""Report: Amazon moms push for backup day care benefits\n                     | HR Dive #Pulsitude #Development #Personability #DisruptHR #FutureOfWork #Jobs #Trust #OKR https://t.co/jJTR7iYl9p via @hrdive""","text:""Report: Amazon moms push for backup day care benefits | HR Dive Pulsitude Development Personability DisruptHR FutureOfWork Jobs Trust OKR via""}",,,,,,,,,,
"{""_id"":{""$oid"":""5e6bf555b0d40b1f9dc859ef""}",Tweet_id:1236377918286290944,"created_at:""Sat Mar 07 19:47:21 +0000 2020""","rawtext:""At the back of every worthwhile activity"," there is always an idea.\n\n__ What makes a big idea?\n\nSee how #IBM in #Europe is committed to driving progress for all.\n#Trust #PurposefulBusiness #IBM #IBMEurope\n#video: @IBMEurope\n\n#defstar5 #smm #makeyourownlane\nhttps://t.co/iUbI4GRCEQ""","text:""At the back of every worthwhile activity"," there is always an idea. What makes a big idea? See how IBM in Europe is committed to driving progress for all. ""}",,,,,,,,
"{""_id"":{""$oid"":""5e6bf555b0d40b1f9dc859f6""}",Tweet_id:1236378551110123520,"created_at:""Sat Mar 07 19:49:52 +0000 2020""","rawtext:""\""I am Generation Equality : Realizing Women's Rights\""\n#Endolite #endoliteindia #womensday2020 #womenempowerment #womenshistorymonth #generation #newgeneration #equality #equalityforall #patience #trust #strongwomen #fighter #livefreely #instagood #instadaily #instawomen https://t.co/FfEMeiOXhU""","text:""\""I am Generation Equality : Realizing Women's Rights\"" ""}",,,,,,,,,,
"{""_id"":{""$oid"":""5e6bf555b0d40b1f9dc859f7""}",Tweet_id:1236378594613616640,"created_at:""Sat Mar 07 19:50:02 +0000 2020""","rawtext:""Research shows there's a trickle-up effect when it comes to trust. #trust #trustinorganizations #companyculture https://t.co/pWFpXpfOOq""","text:""Research shows there is a trickle-up effect when it comes to trust. ""}",,,,,,,,,,
"{""_id"":{""$oid"":""5e6bf555b0d40b1f9dc859f8""}",Tweet_id:1236378621998182400,"created_at:""Sat Mar 07 19:50:08 +0000 2020""","rawtext:""Check-in: are you following the intentions you set at the beginning of the year? Have you kept up with your resolutions? What signs have you received"," affirming your process? (or not!) #nocoincidences #asktheuniverse #itsasign #askforasign #personalsymbolism #empower #trust https://t.co/L9cDcCiRMm""","text:""Check-in: are you following the intentions you set at the beginning of the year? Have you kept up with your resolutions? What signs have you received"," affirming your process? (or not!) ""}",,,,,,,,
"{""_id"":{""$oid"":""5e6bf555b0d40b1f9dc859fa""}",Tweet_id:1236378933869727744,"created_at:""Sat Mar 07 19:51:23 +0000 2020""","rawtext:""How important is #trust in sales and what can you do to keep it once you have it? #sales #closer #success #podcast #Howtosellshow #Sacramento  \nhttps://t.co/9XWYTCddkT""","text:""How important is trust in sales and what can you do to keep it once you have it? ""}",,,,,,,,,,
"{""_id"":{""$oid"":""5e6bf555b0d40b1f9dc859fc""}",Tweet_id:1236379788648079360,"created_at:""Sat Mar 07 19:54:47 +0000 2020""","rawtext:""\""All you need is #faith", #trust," and a little #fairydust\"" ~Peter Pan __\n\n#KiddieOlogie #fairy #tree  #niagaraparks\n https://t.co/PvNVDUjCby https://t.co/gj6xhb26Ce""","text:""\""All you need is faith", trust," and a little fairydust\"" ~Peter Pan ""}",,,,,,
"{""_id"":{""$oid"":""5e6bf555b0d40b1f9dc859fd""}",Tweet_id:1236379854725091331,"created_at:""Sat Mar 07 19:55:02 +0000 2020""","rawtext:""Trust in His purposes", His plans and His power," not your own.\n\n#quote #trust #plans #SaturdaySunshine https://t.co/nVgPrCjOTV""","text:""Trust in His purposes", His plans and His power," not your own. ""}",,,,,,
"{""_id"":{""$oid"":""5e6bf555b0d40b1f9dc85a01""}",Tweet_id:1236380358603669505,"created_at:""Sat Mar 07 19:57:02 +0000 2020""","rawtext:""If you've ever wondered how to gain #trust in online #marketing this episode with @whyinstitute and @autobizchris the former Director of Education at @ActiveCampaign "," is a must.\n\nhttps://t.co/ZH0d57egj6 https://t.co/n2zS2IsiFk""","text:""If you have ever wondered how to gain trust in online marketing this episode with and the former Director of Education at "," is a must.""}",,,,,,,,
"{""_id"":{""$oid"":""5e6bf555b0d40b1f9dc85a09""}",Tweet_id:1236382614329741313,"created_at:""Sat Mar 07 20:06:00 +0000 2020""","rawtext:""In all your ways acknowledge him"," and he will make straight your paths.\n#Proverbs 3:6 #JesusLovesYou #Trust""","text:""In all your ways acknowledge him"," and he will make straight your paths. Proverbs 3 ""}",,,,,,,,
"{""_id"":{""$oid"":""5e6bf555b0d40b1f9dc85a0c""}",Tweet_id:1236382923517018114,"created_at:""Sat Mar 07 20:07:14 +0000 2020""","rawtext:""Strong #Business #Ethics Lead to Honest #Partnerships by Catherine Brinkman - #SalesPOP! https://t.co/mZgz93fZAH #integrity #trust #businessethics""","text:""Strong Business Ethics Lead to Honest Partnerships by Catherine Brinkman - ""}",,,,,,,,,,
"{""_id"":{""$oid"":""5e6bf555b0d40b1f9dc85a10""}",Tweet_id:1236385013165199360,"created_at:""Sat Mar 07 20:15:32 +0000 2020""","rawtext:""Now"," Mitt Romney will support the subpoena for Hunter Biden.\n\nWHY?\n\nHow deep is Mitt involved with #Burisma?\n\nWill Senators cover for him if necessary?\n\nI just do NOT #Trust ANYONE now except @realDonaldTrump &amp; @VP!""","text:""Now"," Mitt Romney will support the subpoena for Hunter Biden. WHY? How deep is Mitt involved with Burisma? Will Senators cover for him if necessary? I just do NOT Trust ANYONE now except &amp; !""}",,,,,,,,
"{""_id"":{""$oid"":""5e6bf555b0d40b1f9dc85a13""}",Tweet_id:1236385653748895745,"created_at:""Sat Mar 07 20:18:05 +0000 2020""","rawtext:""Stand fast in the faith", and love one another, all of you," and be not offended at my sufferings. ~Last words of St. Perpetua #faith #hope #trust #pray #prayer #love #believe #deaconallent https://t.co/RrKyrkzhfD https://t.co/JzgJ2HYi1f""","text:""Stand fast in the faith", and love one another, all of you," and be not offended at my sufferings. ~Last words of St. Perpetua ""}",,,,
"{""_id"":{""$oid"":""5e6bf555b0d40b1f9dc85a14""}",Tweet_id:1236385975879729152,"created_at:""Sat Mar 07 20:19:22 +0000 2020""","rawtext:""Maturity leads to accountability", ownership," responsibility and respect.... GROWTH! #relationships #growth #learn #accountable #trust #respect #maturity https://t.co/XwTZCNNUB7""","text:""Maturity leads to accountability", ownership," responsibility and respect.. GROWTH! ""}",,,,,,
"{""_id"":{""$oid"":""5e6bf555b0d40b1f9dc85a1a""}",Tweet_id:1236387137592774656,"created_at:""Sat Mar 07 20:23:59 +0000 2020""","rawtext:""OOOOH!  Truth Shots Fired by @jeffsessions. #Trust https://t.co/E9JQdTbKWk""","text:""OOH! Truth Shots Fired by . ""}",,,,,,,,,,
"{""_id"":{""$oid"":""5e6bf555b0d40b1f9dc85a1f""}",Tweet_id:1236388509021175808,"created_at:""Sat Mar 07 20:29:26 +0000 2020""","rawtext:""I #refuse to have a relationship with my ex he embarrassed himself and was #violent towards #people myself included he disrespected me on a #sacred day live on t.v. Which not only violated all #trust it crosses boundaries that you can__ uncross and put my #life health &amp; #safety""","text:""I refuse to have a relationship with my ex he embarrassed himself and was violent towards people myself included he disrespected me on a sacred day live on t.v. Which not only violated all trust it crosses boundaries that you can not uncross and put my life health &amp; ""}",,,,,,,,,,
"{""_id"":{""$oid"":""5e6bf555b0d40b1f9dc85a21""}",Tweet_id:1236389201324589057,"created_at:""Sat Mar 07 20:32:11 +0000 2020""","rawtext:""open real #Trusted\nDm\n#vcsbugil #vcscrot #vcscroot #vcsberbayar #vcsreal #vcswhatsapp #vcsyuk #vcswhatapps #vcstrusted #vcshot #vcsbugill #vcssangek #vcsindonesia #vcsReady #vcs #openvcs #Openvcsreal #openvcsline #availvcs #REALVCS #readyVCS #camseks #trustedvcs""","text:""open real Trusted Dm ""}",,,,,,,,,,
"{""_id"":{""$oid"":""5e6bf555b0d40b1f9dc85a27""}",Tweet_id:1236390543518773249,"created_at:""Sat Mar 07 20:37:31 +0000 2020""","rawtext:""Today I will do whatever you want \n #trust #breakfast https://t.co/4uZG2DZsGi""","text:""Today I will do whatever you want ""}",,,,,,,,,,
"{""_id"":{""$oid"":""5e6bf555b0d40b1f9dc85a28""}",Tweet_id:1236390569942843392,"created_at:""Sat Mar 07 20:37:37 +0000 2020""","rawtext:""How to establish #trust online and how is it different from the offline trust?\n\nHow do #socialmedia platforms impact trust"," trigger collective action and influence individual behaviour? \n\n#DigitalMedia #HumanWellbeing""","text:""How to establish trust online and how is it different from the offline trust? How do socialmedia platforms impact trust"," trigger collective action and influence individual behaviour? ""}",,,,,,,,
"{""_id"":{""$oid"":""5e6bf555b0d40b1f9dc85a29""}",Tweet_id:1236390665782689792,"created_at:""Sat Mar 07 20:38:00 +0000 2020""","rawtext:""Do not be anxious about anything", but in everything by prayer and supplication with thanksgiving let your requests be made known to God. And the peace of God, which surpasses all understanding," will guard your hearts and your minds in Christ Jesus. #Phil 4:6-7 #Trust #God""","text:""Do not be anxious about anything", but in everything by prayer and supplication with thanksgiving let your requests be made known to God. And the peace of God, which surpasses all understanding," will guard your hearts and your minds in Christ Jesus. Phil 4 ""}",,,,
"{""_id"":{""$oid"":""5e6bf555b0d40b1f9dc85a2f""}",Tweet_id:1236391445973487616,"created_at:""Sat Mar 07 20:41:06 +0000 2020""","rawtext:""\""The only thing that matters and can be measured is #Trust and #Desire that the brand creates for itself over time","\"" opines @sachinbhosle13", Research Director," TRA. \n#BuyingPropensity #MDB2020 #TRA #QuestforTruth \n\nhttps://t.co/oSqroAcOAG""","text:""\""The only thing that matters and can be measured is Trust and Desire that the brand creates for itself over time","\"" opines ", Research Director," TRA. ""}",,,,
"{""_id"":{""$oid"":""5e6bf555b0d40b1f9dc85a36""}",Tweet_id:1236392928500690944,"created_at:""Sat Mar 07 20:46:59 +0000 2020""","rawtext:""Let's drink some beer and watch football"," and then I suck passionately \n #btsworlddomination #trust https://t.co/7eDTDCdvBc""","text:""let us drink some beer and watch football"," and then I suck passionately ""}",,,,,,,,
"{""_id"":{""$oid"":""5e6bf555b0d40b1f9dc85a38""}",Tweet_id:1236393244243746821,"created_at:""Sat Mar 07 20:48:15 +0000 2020""","rawtext:""Selling ALL KINDS of RARE FORTNITE SKINS!!!\nDM ME with your offer and I'll Let you know the price!!\n\n#Fortnite #fortnitecodes #Trusted https://t.co/Jhw1HmisCA""","text:""Selling ALL KINDS of RARE FORTNITE SKINS!! DM ME with your offer and I will Let you know the price!! ""}",,,,,,,,,,
"{""_id"":{""$oid"":""5e6bf555b0d40b1f9dc85a34""}",Tweet_id:1236392191444090880,"created_at:""Sat Mar 07 20:44:04 +0000 2020""","rawtext:""TRUST/STEPPA vinyl out April 18th!__ \n#Vinyl #Trust #Steppa #LongWalkToFreedom #Gargamel #BujuBanton #Dancehall #Reggae #TooTuffUK https://t.co/jEHfCFsYxC""","text:""TRUST/STEPPA vinyl out April 18th! ""}",,,,,,,,,,
"{""_id"":{""$oid"":""5e6bf555b0d40b1f9dc85a39""}",Tweet_id:1236393256658833408,"created_at:""Sat Mar 07 20:48:18 +0000 2020""","rawtext:""Selling a Xbox and a PS4 Account with GLACIER on it!!\nFor Price and more info DM ME!!!\n\n#RainbowSixSiege #Glacier #Account #Trusted #Buy https://t.co/vA0DHNovXL""","text:""Selling a Xbox and a PS4 Account with GLACIER on it!! For Price and more info DM ME!! ""}",,,,,,,,,,
"{""_id"":{""$oid"":""5e6bf555b0d40b1f9dc85a3b""}",Tweet_id:1236393966448381955,"created_at:""Sat Mar 07 20:51:07 +0000 2020""","rawtext:""Recently got Two Year 1 Rainbow Six Codes for GLACIER SKINS!\nWorks on PC"," Xbox and PS4!!\nCheapest possible prize!!\n\nDM ME for more Info!!\n\n#RainbowSixSiege #Glacier #Trusted #Cheap""","text:""Recently got Two Year 1 Rainbow Six Codes for GLACIER SKINS! Works on PC"," Xbox and PS4!! Cheapest possible prize!! DM ME for more Info!! ""}",,,,,,,,
"{""_id"":{""$oid"":""5e6bf555b0d40b1f9dc85a41""}",Tweet_id:1236396356383752193,"created_at:""Sat Mar 07 21:00:37 +0000 2020""","rawtext:""Leaders and managers who make mistakes such as these must take immediate steps to control the damage and begin regaining the trust and respect of their colleagues. Here's five things you need to do: https://t.co/PuLseGxFhO #leadership #career #trust https://t.co/9I0W55pOaP""","text:""Leaders and managers who make mistakes such as these must take immediate steps to control the damage and begin regaining the trust and respect of their colleagues. Here's five things you need to do: ""}",,,,,,,,,,
"{""_id"":{""$oid"":""5e6bf555b0d40b1f9dc85a42""}",Tweet_id:1236396386083647493,"created_at:""Sat Mar 07 21:00:44 +0000 2020""","rawtext:""Your problem   is unlikely to be unique. Ask for help at ExpertCircles #trusted #brand""","text:""Your problem is unlikely to be unique. Ask for help at ExpertCircles ""}",,,,,,,,,,
"{""_id"":{""$oid"":""5e6bf555b0d40b1f9dc85a44""}",Tweet_id:1236396505034043394,"created_at:""Sat Mar 07 21:01:12 +0000 2020""","rawtext:""Start your weekend with @Megadeth's hard-hitting live version of #Trust from @HowardStern's 1998 birthday show. #SaturdaySoundtrack https://t.co/ctkkaalZXJ""","text:""Start your weekend with 's hard-hitting live version of Trust from 's 1998 birthday show. ""}",,,,,,,,,,
"{""_id"":{""$oid"":""5e6bf555b0d40b1f9dc85a46""}",Tweet_id:1236396568149995521,"created_at:""Sat Mar 07 21:01:27 +0000 2020""","rawtext:""#TRUST WALLET AIRDROP\nWrapped presentFree 100 TWT ($10)\n\n#Airdrop Link:\nhttps://t.co/ww5puO4B4Z\n\n1. Install Trust Wallet Here\n\n2. Create Wallet \n\n3. Done\n\nNote : if you already installed trust wallet"," just update apps and click my link _\n\n@cctip_io 57888 VYA 10""","text:""TRUST WALLET AIRDROP Wrapped presentFree 100 TWT ($10) Airdrop Link: 1. Install Trust Wallet Here 2. Create Wallet 3. Done Note : if you already installed trust wallet"," just update apps and click my link 5788 VYA 10""}",,,,,,,,
"{""_id"":{""$oid"":""5e6bf555b0d40b1f9dc85a49""}",Tweet_id:1236397008631390208,"created_at:""Sat Mar 07 21:03:12 +0000 2020""","rawtext:""It is the relationship that defines #friendship"," not labels. \n\n.\n\n#friends #love #caring \n#Thankful #trust #quote\n#SaturdayThoughts \n#ThinkBIGSundayWithMarsha https://t.co/CWuJ8qg15g""","text:""It is the relationship that defines friendship"," not labels. . ""}",,,,,,,,
"{""_id"":{""$oid"":""5e6bf555b0d40b1f9dc85a4a""}",Tweet_id:1236397303033999363,"created_at:""Sat Mar 07 21:04:22 +0000 2020""","rawtext:""#Trust with @KingNoire \n@kellzphotography https://t.co/CqptTX8AuO""","text:""Trust with""}",,,,,,,,,,
"{""_id"":{""$oid"":""5e6bf555b0d40b1f9dc85a4b""}",Tweet_id:1236397327017029632,"created_at:""Sat Mar 07 21:04:28 +0000 2020""","rawtext:""Excellent commentary with great lessons for governments and #healthsystems on containment #COVID19 #Trust is a key issue at play""","text:""Excellent commentary with great lessons for governments and healthsystems on containment COVID19 Trust is a key issue at play""}",,,,,,,,,,
"{""_id"":{""$oid"":""5e6bf555b0d40b1f9dc85a51""}",Tweet_id:1236397589139988486,"created_at:""Sat Mar 07 21:05:31 +0000 2020""","rawtext:""@baguetterl @RollDizz @ayjacksrl @hockserRL If you think he is __ssential_ to eUnited", you dont have much of an understanding of Rocket League. I wouldnt be shocked if he was kicked during the off-season," if he even plays well enough to retain their spot. #insider #rcrl #trusted""","text:""If you think he is __ssential_ to eUnited", you do not have much of an understanding of Rocket League. I would not be shocked if he was kicked during the off-season," if he even plays well enough to retain their spot. ""}",,,,,,