"{""_id"":{""$oid"":""5e6bf4edb0d40b1f9dc854cd""}",Tweet_id:1234666615834234880,"created_at:""Tue Mar 03 02:27:14 +0000 2020""","rawtext:""Anybody remember the good old days of @MrBeastYT ???? These were GOLDEN!! #missthegoodolddays #funny #thegoodyoutube #imisswhenpeoplemadegreatoriginalvideos #sad https://t.co/biy1aEO7DO""","text:""Anybody remember the good old days of ? These were GOLDEN!! ""}",,,,,,,,
"{""_id"":{""$oid"":""5e6bf4edb0d40b1f9dc854ca""}",Tweet_id:1234666072722141184,"created_at:""Tue Mar 03 02:25:05 +0000 2020""","rawtext:""Come Join you amazing people!!! #rainbow6siege #amazing #YouTube\n\nhttps://t.co/lKbF9JwPuw https://t.co/1Ucl7nRwJX""","text:""Come Join you amazing people!! ""}",,,,,,,,
"{""_id"":{""$oid"":""5e6bf4edb0d40b1f9dc854ce""}",Tweet_id:1234666660553904128,"created_at:""Tue Mar 03 02:27:25 +0000 2020""","rawtext:""@JoeBiden doesn't know where he is or what he is saying. #Sad""","text:""does not know where he is or what he is saying. ""}",,,,,,,,
"{""_id"":{""$oid"":""5e6bf4edb0d40b1f9dc854cc""}",Tweet_id:1234666221745795073,"created_at:""Tue Mar 03 02:25:40 +0000 2020""","rawtext:""It can__ be a coincidence that the take down of Chris Matthews comes immediately after he attacked Sanders. \n\nThis is absurd. Matthews was very flawed (he grew up with my mother &amp; her cousins in Somerton", PA &amp; I knew him a little)," but there is no evidence he was an abuser. #Sad""","text:""It can not be a coincidence that the take down of Chris Matthews comes immediately after he attacked Sanders. This is absurd. Matthews was very flawed (he grew up with my mother &amp; her cousins in Somerton", PA &amp; I knew him a little)," but there is no evidence he was an abuser. ""}",,,,
"{""_id"":{""$oid"":""5e6bf4edb0d40b1f9dc854d1""}",Tweet_id:1234666783946108928,"created_at:""Tue Mar 03 02:27:54 +0000 2020""","rawtext:""Why write a lot? - I want to give you!  #Plymouth  \n #amazing https://t.co/QwfBKszeBw""","text:""Why write a lot? - I want to give you! ""}",,,,,,,,
"{""_id"":{""$oid"":""5e6bf4edb0d40b1f9dc854d2""}",Tweet_id:1234666893501272065,"created_at:""Tue Mar 03 02:28:21 +0000 2020""","rawtext:""Beautiful #artglass necklace"," in #amazing shades of aqua #blue and sandy beige. Aurora borealis #rhinestones with creamy ivory art glass gives you a double stranded oceanic wonder with all of the shades of the #Caribbean Sea.\n\nhttps://t.co/hycBSnJPVR\n\n#vintage #gifts #MondayMood https://t.co/Polk3pqHvN""","text:""Beautiful artglass necklace"," in amazing shades of aqua blue and sandy beige. Aurora borealis rhinestones with creamy ivory art glass gives you a double stranded oceanic wonder with all of the shades of the Caribbean Sea. ""}",,,,,,
"{""_id"":{""$oid"":""5e6bf4edb0d40b1f9dc854d4""}",Tweet_id:1234667237761355779,"created_at:""Tue Mar 03 02:29:43 +0000 2020""","rawtext:""I agree so #sad""","text:""I agree so ""}",,,,,,,,
"{""_id"":{""$oid"":""5e6bf4edb0d40b1f9dc854d5""}",Tweet_id:1234667289380704257,"created_at:""Tue Mar 03 02:29:55 +0000 2020""","rawtext:""That time when @POTUS @realDonaldTrump @WhiteHouse tried to sell another lie to the American people and he got stopped and fact-checked in real time. Would be funny if it wasn__ so #Scary &amp; #Sad @GOP #MAGA #KAG""","text:""That time when tried to sell another lie to the American people and he got stopped and fact-checked in real time. Would be funny if it was not so Scary &amp; ""}",,,,,,,,
"{""_id"":{""$oid"":""5e6bf4edb0d40b1f9dc854d7""}",Tweet_id:1234667394770993154,"created_at:""Tue Mar 03 02:30:20 +0000 2020""","rawtext:""@MadhavSheth1 #Amazing Selfy photo's""","text:""Amazing Selfy photo's""}",,,,,,,,
"{""_id"":{""$oid"":""5e6bf4edb0d40b1f9dc854d6""}",Tweet_id:1234667352207183878,"created_at:""Tue Mar 03 02:30:10 +0000 2020""","rawtext:""@karibeautyxo @boxycharm Exactly my thoughts. I was using only liquid lips &amp; a liner makes all the difference. I__ much rather get a lip liner over the 446689766 eyeliners that @boxycharm sends me. Some were even duplicated in the same month over both boxes. #Boxycharm #Boxychat #Boxy #Boxycharmers #Sad""","text:""Exactly my thoughts. I was using only liquid lips &amp; a liner makes all the difference. I would much rather get a lip liner over the 446689766 eyeliners that sends me. Some were even duplicated in the same month over both boxes. ""}",,,,,,,,
"{""_id"":{""$oid"":""5e6bf4edb0d40b1f9dc854d8""}",Tweet_id:1234667583166500864,"created_at:""Tue Mar 03 02:31:05 +0000 2020""","rawtext:""Great day\n#amazing""","text:""Great day ""}",,,,,,,,
"{""_id"":{""$oid"":""5e6bf4edb0d40b1f9dc854da""}",Tweet_id:1234667666805100550,"created_at:""Tue Mar 03 02:31:25 +0000 2020""","rawtext:""@KrispKiwi I will not read a thread that advocates death of the most vulnerable among us. #sad #wastedtime""","text:""I will not read a thread that advocates death of the most vulnerable among us. ""}",,,,,,,,
"{""_id"":{""$oid"":""5e6bf4edb0d40b1f9dc854db""}",Tweet_id:1234667803061321728,"created_at:""Tue Mar 03 02:31:57 +0000 2020""","rawtext:""@HarleyDavid66 @trustnoaloof @JordanSchachtel @esaagar #WaterIsLife but liberals aren__ the ones who__e been crying", that would be the #ManBaby in the WH who was handed everything, including millions in violation of gaming laws," from his daddy and feels he should be able to disappear anyone/thing that doesn__ pleasure him.#sad__""","text:""WaterIsLife but liberals are not the ones who have been crying", that would be the ManBaby in the WH who was handed everything, including millions in violation of gaming laws," from his daddy and feels he should be able to disappear anyone/thing that does not pleasure him.sad""}",,
"{""_id"":{""$oid"":""5e6bf4edb0d40b1f9dc854de""}",Tweet_id:1234667929167220737,"created_at:""Tue Mar 03 02:32:27 +0000 2020""","rawtext:""They actually pull it off! Knicks hold on vs Rockets. #amazing""","text:""They actually pull it off! Knicks hold on vs Rockets. ""}",,,,,,,,
"{""_id"":{""$oid"":""5e6bf4edb0d40b1f9dc854df""}",Tweet_id:1234668168825561090,"created_at:""Tue Mar 03 02:33:25 +0000 2020""","rawtext:""@ewarren You should drop out"," please. Give a progressive a shot. #Sad""","text:""You should drop out"," please. Give a progressive a shot. ""}",,,,,,
"{""_id"":{""$oid"":""5e6bf4edb0d40b1f9dc854e0""}",Tweet_id:1234668293203476480,"created_at:""Tue Mar 03 02:33:54 +0000 2020""","rawtext:""#amazing talent so cool!!""","text:""amazing talent so cool!!""}",,,,,,,,
"{""_id"":{""$oid"":""5e6bf4edb0d40b1f9dc854e1""}",Tweet_id:1234668315924193280,"created_at:""Tue Mar 03 02:34:00 +0000 2020""","rawtext:""Check out Amazing Skull Carved on Deer Antler Bali Indonesia\n#ebay #carving #moonface #sunmoon #art #handcarved #bali #indonesia #amazing #bone #deerantler #deer #macho #skull\n\nhttps://t.co/zTbwzVMFBa via @eBay""","text:""Check out Amazing Skull Carved on Deer Antler Bali Indonesia ebay carving moonface sunmoon art handcarved bali indonesia amazing bone deerantler deer macho skull via""}",,,,,,,,
"{""_id"":{""$oid"":""5e6bf4edb0d40b1f9dc854dd""}",Tweet_id:1234667825970593800,"created_at:""Tue Mar 03 02:32:03 +0000 2020""","rawtext:""How Norman Baker drove around in circles thinking about all the memories @MrsCarterLit @mrsdutro #dutrolit10 #speakingofcourage #sad https://t.co/hUZVGGLQS8""","text:""How Norman Baker drove around in circles thinking about all the memories ""}",,,,,,,,
"{""_id"":{""$oid"":""5e6bf4edb0d40b1f9dc854e5""}",Tweet_id:1234668867034611718,"created_at:""Tue Mar 03 02:36:11 +0000 2020""","rawtext:""Miss @DeeWilliamsXXX in #hot Action ______ #amazing #bigboobs #bbc #hotgirl https://t.co/qxm7Ma48gs""","text:""Miss in hot Action ""}",,,,,,,,
"{""_id"":{""$oid"":""5e6bf4edb0d40b1f9dc854e7""}",Tweet_id:1234669116792832001,"created_at:""Tue Mar 03 02:37:11 +0000 2020""","rawtext:""WOW"," imagine being #POTUS and being this #insecure #sad #Pathetic and without any real achievements to praise.""","text:""WOW"," imagine being POTUS and being this insecure sad Pathetic and without any real achievements to praise.""}",,,,,,
"{""_id"":{""$oid"":""5e6bf4edb0d40b1f9dc854e6""}",Tweet_id:1234669045053415424,"created_at:""Tue Mar 03 02:36:54 +0000 2020""","rawtext:""What?? Ocean Acres students raised $27","278.00 for the Kids Heart Challenge!!!! Way to go!  #amazing #generous GO DOLPHINS! https://t.co/CRVdExKnSV""","text:""What?? Ocean Acres students raised $27","278.00 for the Kids Heart Challenge!! Way to go! amazing generous GO DOLPHINS!""}",,,,,,
"{""_id"":{""$oid"":""5e6bf4edb0d40b1f9dc854ea""}",Tweet_id:1234669592296841216,"created_at:""Tue Mar 03 02:39:04 +0000 2020""","rawtext:""Cute Style Photo Frame #amazing #instamood https://t.co/QaOKC9PWir https://t.co/ra9ioqbmbh""","text:""Cute Style Photo Frame ""}",,,,,,,,
"{""_id"":{""$oid"":""5e6bf4edb0d40b1f9dc854e9""}",Tweet_id:1234669519043383299,"created_at:""Tue Mar 03 02:38:47 +0000 2020""","rawtext:""If you #love #hot and #spicy foods.  #Grow the Scorpion Pepper for something truly #amazing this year in the #garden.\n\nhttps://t.co/jM0H7jRIvl https://t.co/WNPqBNT19o""","text:""If you love hot and spicy foods. Grow the Scorpion Pepper for something truly amazing this year in the ""}",,,,,,,,
"{""_id"":{""$oid"":""5e6bf4edb0d40b1f9dc854ee""}",Tweet_id:1234670451487494145,"created_at:""Tue Mar 03 02:42:29 +0000 2020""","rawtext:""6 days ago was the last time my girl used this app #feelin like a little bitch #sad af doe""","text:""6 days ago was the last time my girl used this app feelin like a little bitch sad af doe""}",,,,,,,,
"{""_id"":{""$oid"":""5e6bf4edb0d40b1f9dc854ec""}",Tweet_id:1234669868319772673,"created_at:""Tue Mar 03 02:40:10 +0000 2020""","rawtext:""BUZZZWORD is 1.5 CRORES by #LegalExtortion #FakeCases What a BIG Industry #498A law running #Amazing\nWaitNWatch this black law will hit this law maker one Day \n1.5 Crore \nShukr hai Taj Mahal nahi manga \nHa Ha Ha @iamarunjain @DovariNaresh @ashya_yadav @Ranjit8902371 @wisehussein""","text:""BUZZWORD is 1.5 CRORES by LegalExtortion FakeCases What a BIG Industry 498A law running Amazing WaitNWatch this black law will hit this law maker one Day 1.5 Crore Shukr hai Taj Mahal nahi manga Ha Ha Ha""}",,,,,,,,
"{""_id"":{""$oid"":""5e6bf4edb0d40b1f9dc854ef""}",Tweet_id:1234670812138856449,"created_at:""Tue Mar 03 02:43:55 +0000 2020""","rawtext:""@mkrwrt you used to be my favourite OBP god but now you__e hitting .300 #sad""","text:""you used to be my favourite OBP god but now you are hitting .300 ""}",,,,,,,,
"{""_id"":{""$oid"":""5e6bf4edb0d40b1f9dc854f0""}",Tweet_id:1234671678497509376,"created_at:""Tue Mar 03 02:47:21 +0000 2020""","rawtext:""Damnn i really thought these boots would be worth it haha #sad""","text:""Damnn i really thought these boots would be worth it haha ""}",,,,,,,,
"{""_id"":{""$oid"":""5e6bf4edb0d40b1f9dc854f1""}",Tweet_id:1234671761771249666,"created_at:""Tue Mar 03 02:47:41 +0000 2020""","rawtext:""#amazing #instamood Women's Elegant Warm Cardigan https://t.co/O3YUr4En6y https://t.co/qyqRuJMDna""","text:""amazing instamood Women's Elegant Warm Cardigan""}",,,,,,,,
"{""_id"":{""$oid"":""5e6bf4edb0d40b1f9dc854eb""}",Tweet_id:1234669670453526528,"created_at:""Tue Mar 03 02:39:23 +0000 2020""","rawtext:""@TrumpWarRoom @9975Ts @realDonaldTrump Stop shadow banning me @twitter when it comes to Trump blue check marks &amp; let me asked best President why his beloved Fox news showed mini Mike instead of him tonight. #SAD #KAG2020""","text:""Stop shadow banning me when it comes to Trump blue check marks &amp; let me asked best President why his beloved Fox news showed mini Mike instead of him tonight. ""}",,,,,,,,
"{""_id"":{""$oid"":""5e6bf4edb0d40b1f9dc854f3""}",Tweet_id:1234671942319271938,"created_at:""Tue Mar 03 02:48:24 +0000 2020""","rawtext:""Check out our latest paper where we use #lidar to assess the ecosystem vulnerability of #intertidal #rockyshores #amazing #doit @CariocaMayer @DrKDafforn @Griffin_KJ @DrWillGlamore""","text:""Check out our latest paper where we use lidar to assess the ecosystem vulnerability of ""}",,,,,,,,
"{""_id"":{""$oid"":""5e6bf4edb0d40b1f9dc854f2""}",Tweet_id:1234671788296032259,"created_at:""Tue Mar 03 02:47:48 +0000 2020""","rawtext:""We're proud to introduce our debut single 'Miracle",' now available worldwide on Spotify, Apple Music," and all other digital retailers. We hope you enjoy!\nhttps://t.co/4PLW6SEtsK #NewMusic #NewMusicFriday #IndieMusic #IndiePop #Sad #indieartist #singersongwriter #spotify #musician""","text:""we are proud to introduce our debut single 'Miracle",' now available worldwide on Spotify, Apple Music," and all other digital retailers. We hope you enjoy! ""}",,
"{""_id"":{""$oid"":""5e6bf4edb0d40b1f9dc854f4""}",Tweet_id:1234671958878371841,"created_at:""Tue Mar 03 02:48:28 +0000 2020""","rawtext:""You are AMAZING! We make cards! #cards #amazing #artist #handmadecards #wholesalecards https://t.co/6jpy8CYL5i""","text:""You are AMAZING! We make cards! ""}",,,,,,,,
"{""_id"":{""$oid"":""5e6bf4edb0d40b1f9dc854f7""}",Tweet_id:1234672381718720517,"created_at:""Tue Mar 03 02:50:09 +0000 2020""","rawtext:""@BachelorABC @chrisbharrison all this #HateSpeech #hate is so very #sad.""","text:""all this HateSpeech hate is so very ""}",,,,,,,,
"{""_id"":{""$oid"":""5e6bf4edb0d40b1f9dc854fa""}",Tweet_id:1234672640033345536,"created_at:""Tue Mar 03 02:51:11 +0000 2020""","rawtext:""Check out our latest paper where we assess the ecosystem vulnerability of #intertidal rocky shores towards  #sealevelrise using #lidar #IUCN #amazing #doit @DrKDafforn @CariocaMayer @Griffin_KJ @DrWillGlamore""","text:""Check out our latest paper where we assess the ecosystem vulnerability of intertidal rocky shores towards sealevelrise using ""}",,,,,,,,
"{""_id"":{""$oid"":""5e6bf4edb0d40b1f9dc854fb""}",Tweet_id:1234672689870073856,"created_at:""Tue Mar 03 02:51:23 +0000 2020""","rawtext:""#sad and #embarrassing hope they all lose their seats and have to grovel to @FoxNews for jobs after November""","text:""sad and embarrassing hope they all lose their seats and have to grovel to for jobs after November""}",,,,,,,,
"{""_id"":{""$oid"":""5e6bf4edb0d40b1f9dc854f8""}",Tweet_id:1234672426027368448,"created_at:""Tue Mar 03 02:50:20 +0000 2020""","rawtext:""End of an era and I am sad. What__ @hardball without @HardballChris ? We need his voice now more than ever with Trump in office #sad""","text:""End of an era and I am sad. what is without ? We need his voice now more than ever with Trump in office ""}",,,,,,,,
"{""_id"":{""$oid"":""5e6bf4edb0d40b1f9dc854f9""}",Tweet_id:1234672571439702017,"created_at:""Tue Mar 03 02:50:54 +0000 2020""","rawtext:""@USDISABLEDVET68 @Buckaroo_0_2 @margie_strike @missagay @Missin_Florida @Steven_WResists @Dabnet2Dabnet @CTyroneD @ArresthimSoon @SuzyForAmerica @OReasonStands @TemeculaRises @ResisterChic @Kaiya1212 @WomanRises @ann_neona @BCOOL333 @crzyfkinworld @bamableu @RitaMacMom @TheTamarDick @Nicoxw1 @one4REALchange @girlpower2222 @RhymesRadical @SadieTNResist @DebbieGypsySoul @HappyHound1 @lanerodrigs1979 @GravitySerious @bloodylefty5 @franfern1631 @magpiebutts @2the_hill @JTraversDevine @LuciaRendn4 @theMikaylaluke @TopDogBea_ @Chica_LeoLatina @1SKERKRO @CamiLee13 @Joie_de_Vivre__ @SDDNP @BobA1959 @JosiDemocrat @IslandGirlPRV @savage_purpose It sucks that to trump and his cronies", the priority of the lives of the citizens of a city or state," depend on their stated love for trump. #SAD""","text:""It sucks that to trump and his cronies", the priority of the lives of the citizens of a city or state," depend on their stated love for trump. ""}",,,,
"{""_id"":{""$oid"":""5e6bf4edb0d40b1f9dc854fd""}",Tweet_id:1234673202439188482,"created_at:""Tue Mar 03 02:53:25 +0000 2020""","rawtext:""#sad but true story""","text:""sad but true story""}",,,,,,,,
"{""_id"":{""$oid"":""5e6bf4edb0d40b1f9dc85500""}",Tweet_id:1234673636629348352,"created_at:""Tue Mar 03 02:55:08 +0000 2020""","rawtext:""Retweet if you want to fuck me in a tight ass  #Toulouse  \n #amazing https://t.co/WtvC8ipLJQ""","text:""Retweet if you want to fuck me in a tight ass ""}",,,,,,,,
"{""_id"":{""$oid"":""5e6bf4edb0d40b1f9dc85502""}",Tweet_id:1234673745995808769,"created_at:""Tue Mar 03 02:55:34 +0000 2020""","rawtext:""Follow your dreams __\n\n#roadtrip #chile #photographylovers #amazing #photo #instagram #beautiful https://t.co/3SbbpzLBBY""","text:""Follow your dreams ""}",,,,,,,,
"{""_id"":{""$oid"":""5e6bf4edb0d40b1f9dc85503""}",Tweet_id:1234673777201401861,"created_at:""Tue Mar 03 02:55:42 +0000 2020""","rawtext:""Saturday Night Live called black conservatives who prayed for President Trump in the White House \""house negros\"" and the New York City audience roared with laughter. https://t.co/iQHrc2e7KV #Sad #BlackLivesMatter #BlackHistory""","text:""Saturday Night Live called black conservatives who prayed for President Trump in the White House \""house negros\"" and the New York City audience roared with laughter. ""}",,,,,,,,
"{""_id"":{""$oid"":""5e6bf4edb0d40b1f9dc85504""}",Tweet_id:1234673844553580546,"created_at:""Tue Mar 03 02:55:58 +0000 2020""","rawtext:""Please ____ make  a law against this for the better future of all our women girls. \n#NirbhayaKoDhokha #Sad""","text:""Please make a law against this for the better future of all our women girls. ""}",,,,,,,,
"{""_id"":{""$oid"":""5e6bf4edb0d40b1f9dc85505""}",Tweet_id:1234674089941291011,"created_at:""Tue Mar 03 02:56:56 +0000 2020""","rawtext:""Wow #Scarlet #Macaw Release by the ocean #Amazing and #Beautiful via @KumarLodhi1 @CONTEMPRA_INN__""","text:""Wow Scarlet Macaw Release by the ocean Amazing and Beautiful via""}",,,,,,,,
"{""_id"":{""$oid"":""5e6bf4edb0d40b1f9dc85506""}",Tweet_id:1234674137919918080,"created_at:""Tue Mar 03 02:57:08 +0000 2020""","rawtext:""Why am I posting Nobody are reading these #Sad #Tweeting https://t.co/hRU1doS0XI""","text:""Why am I posting Nobody are reading these ""}",,,,,,,,
"{""_id"":{""$oid"":""5e6bf4edb0d40b1f9dc85507""}",Tweet_id:1234674198133403649,"created_at:""Tue Mar 03 02:57:22 +0000 2020""","rawtext:""@Star2fireDenise @RevKevDeYoung The #SAD standard American diet full of #ProcessedFoods #Sugar #SeedOils #Grains helps to cause infertility. One of many articles on the topic but #LowCarb #LCHF #KETO #MeatHeals #Fasting is part of the solution https://t.co/rqWxH8BnS1""","text:""The SAD standard American diet full of ProcessedFoods Sugar SeedOils Grains helps to because infertility. One of many articles on the topic but LowCarb LCHF KETO MeatHeals Fasting is part of the solution""}",,,,,,,,
"{""_id"":{""$oid"":""5e6bf4edb0d40b1f9dc85509""}",Tweet_id:1234674425397575684,"created_at:""Tue Mar 03 02:58:16 +0000 2020""","rawtext:""@chuckdis25 @Star2fireDenise @RevKevDeYoung The Lord never wanted Americans to eat the #Carbage that makes up the #ProcessedFood #SAD standard American diet""","text:""The Lord never wanted Americans to eat the Carbage that makes up the ProcessedFood SAD standard American diet""}",,,,,,,,
"{""_id"":{""$oid"":""5e6bf4edb0d40b1f9dc85508""}",Tweet_id:1234674208656916486,"created_at:""Tue Mar 03 02:57:25 +0000 2020""","rawtext:""#Amazing Our troops sing __estless Love_ together! \nPray ____ for our brave men and women who serve our country"," they are the true heroes\n#MilitaryMonday USA ____ \n\n https://t.co/m10hD4LUxT""","text:""Amazing Our troops sing __estless Love_ together! Pray for our brave men and women who serve our country"," they are the true heroes MilitaryMonday USA""}",,,,,,
"{""_id"":{""$oid"":""5e6bf4edb0d40b1f9dc8550b""}",Tweet_id:1234674581090078720,"created_at:""Tue Mar 03 02:58:53 +0000 2020""","rawtext:""@charliekirk11 Trump is an idiot", bigot and a fool - who 'woke up on 3rd base &amp; thinks he's hit a triple' as they say.\n\nThat is why the great majority of Americans dislike/hate him. The world hates him too. You, young man," are an enabling sycophant trying to capitalize on his position.\n\n#sad https://t.co/Jzo68MU9Ug""","text:""Trump is an idiot", bigot and a fool - who 'woke up on 3rd base &amp; thinks he is hit a triple' as they say. That is why the great majority of Americans dislike/hate him. The world hates him too. You, young man," are an enabling sycophant trying to capitalize on his position. ""}",,
"{""_id"":{""$oid"":""5e6bf4edb0d40b1f9dc8550c""}",Tweet_id:1234674618792730626,"created_at:""Tue Mar 03 02:59:02 +0000 2020""","rawtext:""when there's garlic bread"," but you're already full ;c #garlicbread #emotional #sad https://t.co/Oyy3ty2dse""","text:""when there is garlic bread"," but you are already full ;c ""}",,,,,,
"{""_id"":{""$oid"":""5e6bf4edb0d40b1f9dc8550d""}",Tweet_id:1234674863127715841,"created_at:""Tue Mar 03 03:00:01 +0000 2020""","rawtext:""Sovetskaya Rossiya is definitely one of my new favorite ships"," and her outfit is bloody hot!\n\nCredit: Eternity \n\nSource: https://t.co/pQZAj5BrxD\n\n#AzurLane #fanart #Soviet #Russia #Rossiya #Sovetskaya #beautiful #amazing #adorable #cute #kawaii #art #artwork #artist #prison #cuff https://t.co/Uhq76Bc2H3""","text:""Sovetskaya Rossiya is definitely one of my new favorite ships"," and her outfit is bloody hot! Credit: Eternity Source: ""}",,,,,,
"{""_id"":{""$oid"":""5e6bf4edb0d40b1f9dc8550e""}",Tweet_id:1234674868341264384,"created_at:""Tue Mar 03 03:00:02 +0000 2020""","rawtext:""https://t.co/q1i642UVYA Asking yourself why your #depression still hasn't gone away even with all your treatments? You may have treatment resistant depression. #orlando #florida #depressed #sad #overwhelm #hopeless""","text:""Asking yourself why your depression still has not gone away even with all your treatments? You may have treatment resistant depression. ""}",,,,,,,,
"{""_id"":{""$oid"":""5e6bf4edb0d40b1f9dc8550a""}",Tweet_id:1234674574492495873,"created_at:""Tue Mar 03 02:58:52 +0000 2020""","rawtext:""The yelps of a malignant narcissist whose internal polling tells him his ONLY path to re-election &amp; staying out of Prison is if Bernie wins Dem Nomination. \n\n#PatheticallyObvious\n#Sad""","text:""The yelps of a malignant narcissist whose internal polling tells him his ONLY path to re-election &amp; staying out of Prison is if Bernie wins Dem Nomination. ""}",,,,,,,,
"{""_id"":{""$oid"":""5e6bf4edb0d40b1f9dc85511""}",Tweet_id:1234675080979857411,"created_at:""Tue Mar 03 03:00:53 +0000 2020""","rawtext:""Today has been an #amazing day.""","text:""Today has been an amazing day.""}",,,,,,,,
"{""_id"":{""$oid"":""5e6bf4edb0d40b1f9dc85513""}",Tweet_id:1234675126278340609,"created_at:""Tue Mar 03 03:01:03 +0000 2020""","rawtext:""Learn more at: \nhttps://t.co/DRnPkzXL0Z\n\n#baccaratonline #gamblinggames #baccarat #lasvegas #gambling #gamblinglife #gamblingtips #casinonight #casinogames #follow #repost #pokergames #pokerpro #amazing #amazing #lifestyle #mondayfunday #mondaynight #mondaymadness #mondayoff https://t.co/qZbVydFIRX""","text:""Learn more at: ""}",,,,,,,,
"{""_id"":{""$oid"":""5e6bf4edb0d40b1f9dc85514""}",Tweet_id:1234675218976657409,"created_at:""Tue Mar 03 03:01:26 +0000 2020""","rawtext:""This is a wonderful planet and I live here!\nSo do you .\nEnjoy it"," and keep writing about it__ beauty... I need your magical stories.\n.#WritingCommnunity #BookWorm #planet #Earth #WishYouWentHere #sad #bringbrookehome https://t.co/puybskEVLG""","text:""This is a wonderful planet and I live here! So do you . Enjoy it"," and keep writing about it is beauty.. I need your magical stories. .WritingCommnunity ""}",,,,,,
"{""_id"":{""$oid"":""5e6bf4edb0d40b1f9dc85516""}",Tweet_id:1234675696800153601,"created_at:""Tue Mar 03 03:03:19 +0000 2020""","rawtext:""#TheBachlor #BachelorNation @ABCNetwork @ABC @BachelorABC #WKEF local in @dayton247now @cityofdayton @Ohio #ShameOnYou There shld #NEVERbeHaters #NeverHate i was shocked&amp; Appalled by what was sent to those girls&amp;ALL ppl who experience hate #Sad #HoldURHeadUp #DontHideBehindKeys""","text:""TheBachlor BachelorNation WKEF local in ShameOnYou There shld NEVERbeHaters NeverHate i was shocked&amp; Appalled by what was sent to those girls&amp;ALL ppl who experience hate ""}",,,,,,,,
"{""_id"":{""$oid"":""5e6bf4edb0d40b1f9dc85517""}",Tweet_id:1234676224988835841,"created_at:""Tue Mar 03 03:05:25 +0000 2020""","rawtext:""Forest of dead (burnt) trees in the snow (Belgium) [1455x2048] -  #amazing  https://t.co/8i9N681I2Y""","text:""Forest of dead (burnt) trees in the snow (Belgium) [1455x2048] - ""}",,,,,,,,
"{""_id"":{""$oid"":""5e6bf4edb0d40b1f9dc8551b""}",Tweet_id:1234677022787436547,"created_at:""Tue Mar 03 03:08:36 +0000 2020""","rawtext:""@johnlegend You have just won again. Thunderstorm is Blessed with a beautiful voice! #amazing""","text:""You have just won again. Thunderstorm is Blessed with a beautiful voice! ""}",,,,,,,,
"{""_id"":{""$oid"":""5e6bf4edb0d40b1f9dc8551a""}",Tweet_id:1234676769732485120,"created_at:""Tue Mar 03 03:07:35 +0000 2020""","rawtext:""Extinction is #sad.""","text:""Extinction is ""}",,,,,,,,
"{""_id"":{""$oid"":""5e6bf4edb0d40b1f9dc85521""}",Tweet_id:1234677618634412035,"created_at:""Tue Mar 03 03:10:58 +0000 2020""","rawtext:""@joebiden being a #WallSt man backed by corporate money seems to be running on @BernieSanders platform right now! #Amazing\n\nThis primary is turning into a #RealJoke  #lastword #maddow #msnbc""","text:""being a WallSt man backed by corporate money seems to be running on platform right now! Amazing This primary is turning into a ""}",,,,,,,,
"{""_id"":{""$oid"":""5e6bf4edb0d40b1f9dc85522""}",Tweet_id:1234677642772664323,"created_at:""Tue Mar 03 03:11:03 +0000 2020""","rawtext:""@BonkPolitics @mikebreslin815 @SteveGuest Nobody here said \""everything in Nordic countries is peachy\"" either", boomer. You love putting words in people's mouths," huh? #sad\n\nAre you saying that the US isn't smart or capable enough to enact the same policies the Nordic countries have? You have quite a low opinion of us.""","text:""Nobody here said \""everything in Nordic countries is peachy\"" either", boomer. You love putting words in people's mouths," huh? sad Are you saying that the US is not smart or capable enough to enact the same policies the Nordic countries have? You have quite a low opinion of us.""}",,,,
"{""_id"":{""$oid"":""5e6bf4edb0d40b1f9dc85524""}",Tweet_id:1234677766995374081,"created_at:""Tue Mar 03 03:11:33 +0000 2020""","rawtext:""@kevinmornings @Justin_Willman KROQ used to make fun of MUGs' interviewing fumbles", now they have him on air this am (Jensen sick?). I used to love this show," but having shunned the talented funny @RalphGarman while embracing the butt of jokes Mugs is a bridge too far. #fail #Sad""","text:""KROQ used to make fun of MUGs' interviewing fumbles", now they have him on air this am (Jensen sick?). I used to love this show," but having shunned the talented funny while embracing the butt of jokes Mugs is a bridge too far. ""}",,,,
"{""_id"":{""$oid"":""5e6bf4edb0d40b1f9dc85526""}",Tweet_id:1234677856698912770,"created_at:""Tue Mar 03 03:11:54 +0000 2020""","rawtext:""@mikebreslin815 @BonkPolitics Who mentioned either of them? Notice how you go straight to extreme examples? That's the sign of someone who doesn't know what he's talking about. #sad""","text:""Who mentioned either of them? Notice how you go straight to extreme examples? that is the sign of someone who does not know what he is talking about. ""}",,,,,,,,
"{""_id"":{""$oid"":""5e6bf4edb0d40b1f9dc85529""}",Tweet_id:1234677995257753603,"created_at:""Tue Mar 03 03:12:27 +0000 2020""","rawtext:""Scattered Starlight - Silver https://t.co/jsinL8eyrn Amazing bracelet! Selling out like hot cakes only $5 #bracelet #HotDeals #Amazon #amazing #CastCompliment #BargainHunt #on #onlineshopping #shopping #bargainhunting #gifts #birthdaygirl #awesome""","text:""Scattered Starlight - Silver Amazing bracelet! Selling out like hot cakes only $5 ""}",,,,,,,,
"{""_id"":{""$oid"":""5e6bf4edb0d40b1f9dc85528""}",Tweet_id:1234677870586298368,"created_at:""Tue Mar 03 03:11:58 +0000 2020""","rawtext:""@EAKoyle @Acyn Right?\n\n#Sad https://t.co/qyrSkHDZoA""","text:""Right? ""}",,,,,,,,
"{""_id"":{""$oid"":""5e6bf4edb0d40b1f9dc8552c""}",Tweet_id:1234678747313258497,"created_at:""Tue Mar 03 03:15:27 +0000 2020""","rawtext:""#amazing #instamood Super Heroes Designed Cuff Links https://t.co/dScSOSr1Kq https://t.co/AzmDEQuK0Q""","text:""amazing instamood Super Heroes Designed Cuff Links""}",,,,,,,,
"{""_id"":{""$oid"":""5e6bf4edb0d40b1f9dc8552e""}",Tweet_id:1234679144526467077,"created_at:""Tue Mar 03 03:17:01 +0000 2020""","rawtext:""@thomaschattwill Your comments say much more about who you are than they do about VP Pence and his team.  #Sad""","text:""Your comments say much more about who you are than they do about VP Pence and his team. ""}",,,,,,,,
"{""_id"":{""$oid"":""5e6bf4edb0d40b1f9dc8552f""}",Tweet_id:1234679205465481217,"created_at:""Tue Mar 03 03:17:16 +0000 2020""","rawtext:""Instead of showing them our bad days"," why don't we show them our days we can set the world on fire? #bipolardisorder #SAD #GAD""","text:""Instead of showing them our bad days"," why do not we show them our days we can set the world on fire? ""}",,,,,,
"{""_id"":{""$oid"":""5e6bf4edb0d40b1f9dc85531""}",Tweet_id:1234679657837948933,"created_at:""Tue Mar 03 03:19:04 +0000 2020""","rawtext:""Metal Monday CCLXXXV - Guided by the Chants From The Other Side by SAD/DOMOS (A killer combo from two different lands!) https://t.co/wJCBulMZjW #metal #blackmetal #sad #domos #oakpantheon #decarabia https://t.co/w5VDS4ACu0""","text:""Metal Monday CCLXXV - Guided by the Chants From The Other Side by SAD/DOMOS (A killer combo from two different lands!) ""}",,,,,,,,
"{""_id"":{""$oid"":""5e6bf4edb0d40b1f9dc85530""}",Tweet_id:1234679590389338112,"created_at:""Tue Mar 03 03:18:48 +0000 2020""","rawtext:""@TheOfficerTatum @MargeryRich Because they like to feel like a victim...#SAD!!""","text:""Because they like to feel like a victim..SAD!!""}",,,,,,,,
"{""_id"":{""$oid"":""5e6bf4edb0d40b1f9dc85533""}",Tweet_id:1234679907579387905,"created_at:""Tue Mar 03 03:20:03 +0000 2020""","rawtext:""On the #move Five #amazing things to do in little #Columbia. Meet #Sofia on #YouTube: https://t.co/0fyWb8NmYq. Get to know her inspring #travelstory. #FridayFeelings #TravelGuide #TravelColumbia #Bogota https://t.co/HP7PZ3PdP3 https://t.co/tWv5ZaWDtY""","text:""On the move Five amazing things to do in little Columbia. Meet Sofia on YouTube: Get to know her inspring ""}",,,,,,,,
"{""_id"":{""$oid"":""5e6bf4edb0d40b1f9dc85532""}",Tweet_id:1234679784224907265,"created_at:""Tue Mar 03 03:19:34 +0000 2020""","rawtext:""omg i started stanning two days after they posted those feeling #emotional #sad #depressed https://t.co/p4Xu0w2Gxr""","text:""omg i started stanning two days after they posted those feeling ""}",,,,,,,,
"{""_id"":{""$oid"":""5e6bf4edb0d40b1f9dc85535""}",Tweet_id:1234680191437291521,"created_at:""Tue Mar 03 03:21:11 +0000 2020""","rawtext:""So excited!!! Finishing on the track the first time I ever ran~ the national guard playing for me (and everyone) it was the best ever! I know there are MANY more people running now- but @RunLincoln will come through and it will be #Amazing!!!""","text:""So excited!! Finishing on the track the first time I ever ran~ the national guard playing for me (and everyone) it was the best ever! I know there are MANY more people running now- but will come through and it will be ""}",,,,,,,,
"{""_id"":{""$oid"":""5e6bf4edb0d40b1f9dc85534""}",Tweet_id:1234679995663970305,"created_at:""Tue Mar 03 03:20:24 +0000 2020""","rawtext:""@BonkPolitics @mikebreslin815 @SteveGuest Nah...that's just me getting under your skin"," which is quite clearly working. \""STOP BEING SUCH A DICK!! WAHHH!!\""\n\n\""Go away\"" is the response you get when someone isn't intellectually up to the task. #sad""","text:""Nah..that is just me getting under your skin"," which is quite clearly working. \""STOP BEING SUCH A DICK!! WAHH!!\"" \""Go away\"" is the response you get when someone is not intellectually up to the task. ""}",,,,,,
"{""_id"":{""$oid"":""5e6bf4edb0d40b1f9dc85537""}",Tweet_id:1234680430873341952,"created_at:""Tue Mar 03 03:22:08 +0000 2020""","rawtext:""@thehill #sorry Democrats can__ handle your political party#sad""","text:""sorry Democrats can not handle your political partysad""}",,,,,,,,
"{""_id"":{""$oid"":""5e6bf4edb0d40b1f9dc85538""}",Tweet_id:1234680436292349953,"created_at:""Tue Mar 03 03:22:09 +0000 2020""","rawtext:""Had another awesome audition today. Thank you to my awesome agents at Commercial Talent Agency! #actor #singer #amazing https://t.co/g0X1I6Sw87""","text:""Had another awesome audition today. Thank you to my awesome agents at Commercial Talent Agency! ""}",,,,,,,,
"{""_id"":{""$oid"":""5e6bf4edb0d40b1f9dc8553c""}",Tweet_id:1234681084102660097,"created_at:""Tue Mar 03 03:24:44 +0000 2020""","rawtext:""@msnbc it looks like @HardballChris got #metoo 'ed.  #Sad.""","text:""it looks like got metoo 'ed. ""}",,,,,,,,
"{""_id"":{""$oid"":""5e6bf4edb0d40b1f9dc8553b""}",Tweet_id:1234680686209953797,"created_at:""Tue Mar 03 03:23:09 +0000 2020""","rawtext:""One of my dreams come true! Shaking hands and speaking with one of my idols and not to mention one of the greatest minds of our times Dr. Temple Grandin. Thank you @OHIOStuAffairs for putting on this inspiring event. #amazing #itsokaytobedifferent https://t.co/0Y3zM6GmkT""","text:""One of my dreams come true! Shaking hands and speaking with one of my idols and not to mention one of the greatest minds of our times Dr. Temple Grandin. Thank you for putting on this inspiring event. ""}",,,,,,,,
"{""_id"":{""$oid"":""5e6bf4edb0d40b1f9dc8553d""}",Tweet_id:1234681124837711872,"created_at:""Tue Mar 03 03:24:54 +0000 2020""","rawtext:""@lift_everyday_ #Amazing Bod #StayFit #StayFocused #Discipline #SuperFit #HardWork #Slimfit #SuperLean #Glutes #Hamstrings #SuperQuads keep up the great work""","text:""Amazing Bod StayFit StayFocused Discipline SuperFit HardWork Slimfit SuperLean Glutes Hamstrings SuperQuads keep up the great work""}",,,,,,,,
"{""_id"":{""$oid"":""5e6bf4edb0d40b1f9dc85540""}",Tweet_id:1234681342790553600,"created_at:""Tue Mar 03 03:25:46 +0000 2020""","rawtext:""@YogitaG02 #amazing ....... Look...____""","text:""amazing . Look..""}",,,,,,,,
"{""_id"":{""$oid"":""5e6bf4edb0d40b1f9dc8553f""}",Tweet_id:1234681338239696897,"created_at:""Tue Mar 03 03:25:44 +0000 2020""","rawtext:""Whoever said you cant love others without loving yourself must've not been depressed enough"," i hate myself with a passion but i can definitely love others even though ill never believe they actually love me back. #depression #Sad #goodnight #love""","text:""Whoever said you can not love others without loving yourself must have not been depressed enough"," i hate myself with a passion but i can definitely love others even though I will never believe they actually love me back. ""}",,,,,,
"{""_id"":{""$oid"":""5e6bf4edb0d40b1f9dc85544""}",Tweet_id:1234682514184134656,"created_at:""Tue Mar 03 03:30:25 +0000 2020""","rawtext:""@RBReich @ACG_ATX And you would be correct sir! #sad""","text:""And you would be correct sir! ""}",,,,,,,,
"{""_id"":{""$oid"":""5e6bf4edb0d40b1f9dc85545""}",Tweet_id:1234682559822303240,"created_at:""Tue Mar 03 03:30:36 +0000 2020""","rawtext:""#amazing #instamood Women's Patchwork Design Casual Jacket https://t.co/m0oCbyKJZj https://t.co/Q1ZmTbzrS2""","text:""amazing instamood Women's Patchwork Design Casual Jacket""}",,,,,,,,
"{""_id"":{""$oid"":""5e6bf4edb0d40b1f9dc85546""}",Tweet_id:1234682664507985920,"created_at:""Tue Mar 03 03:31:01 +0000 2020""","rawtext:""Went to see my father for thw first time today since he passed in 2018. Ended up cleaning my grandparents headstone off as well. Was nice to talk to him about the stress ive been going thru.. its still hard to not have hear his jolly laugh.. #Sad #memories #depression https://t.co/EXKHqIVhMz""","text:""Went to see my father for thw first time today since he passed in 2018. Ended up cleaning my grandparents headstone off as well. Was nice to talk to him about the stress I have been going thru.. its still hard to not have hear his jolly laugh.. ""}",,,,,,,,
"{""_id"":{""$oid"":""5e6bf4edb0d40b1f9dc85547""}",Tweet_id:1234682966476910592,"created_at:""Tue Mar 03 03:32:13 +0000 2020""","rawtext:""Nice picture \nLittle Baby Nuha.\n#Abdulhaque\n#Youtuber\n#Socialmedia\n#Digitalmarketing\n#FurkanAndÄ±c #cute #jamiedornan #beautiful #handsome #gorgeous #amazing #cutie https://t.co/2ziu6GugwY""","text:""Nice picture Little Baby Nuha. ""}",,,,,,,,
"{""_id"":{""$oid"":""5e6bf4edb0d40b1f9dc85548""}",Tweet_id:1234683046814601224,"created_at:""Tue Mar 03 03:32:32 +0000 2020""","rawtext:""Damn. #TheBachelor just got super real. #sad __""","text:""Damn. TheBachelor just got super real. ""}",,,,,,,,
"{""_id"":{""$oid"":""5e6bf4edb0d40b1f9dc85549""}",Tweet_id:1235703533468516359,"created_at:""Thu Mar 05 23:07:35 +0000 2020""","rawtext:""@BetoORourke You're a wind bag", fake," POS that NOW says something nice about EW...  Go change a tire or some other FAKE public event to try to be woke.  smh #sad #despicable""","text:""you are a wind bag", fake," POS that NOW says something nice about EW.. Go change a tire or some other FAKE public event to try to be woke. smh ""}",,,,
"{""_id"":{""$oid"":""5e6bf4edb0d40b1f9dc8554a""}",Tweet_id:1235703581912846336,"created_at:""Thu Mar 05 23:07:46 +0000 2020""","rawtext:""It's official @LankumDublin  win the @choiceprize \n#welldeserved #amazing.""","text:""it is official win the ""}",,,,,,,,
"{""_id"":{""$oid"":""5e6bf4edb0d40b1f9dc85543""}",Tweet_id:1234682419896209408,"created_at:""Tue Mar 03 03:30:02 +0000 2020""","rawtext:""@AgentNdn @InvisibleBan @olcarcajou @desalinationnow @makokaazo @TriteTrite Of course you are", I proved you're a Racist,  even got you to admit to being a Racist, so there's nothing left," and you obviously have no intention of Educating yourself. #SAD""","text:""Of course you are", I proved you are a Racist, even got you to admit to being a Racist, so there is nothing left," and you obviously have no intention of Educating yourself. ""}"
"{""_id"":{""$oid"":""5e6bf4edb0d40b1f9dc8554b""}",Tweet_id:1235703670462914561,"created_at:""Thu Mar 05 23:08:07 +0000 2020""","rawtext:""/nowhere in World the children die with any reason .. #Sad""","text:""/nowhere in World the children die with any reason .. ""}",,,,,,,,
"{""_id"":{""$oid"":""5e6bf4edb0d40b1f9dc8554e""}",Tweet_id:1235704044255092738,"created_at:""Thu Mar 05 23:09:37 +0000 2020""","rawtext:""Remember that you are #amazing #wholesomememes https://t.co/QqKxdQ3mEs""","text:""Remember that you are ""}",,,,,,,,
"{""_id"":{""$oid"":""5e6bf4edb0d40b1f9dc8554d""}",Tweet_id:1235703817360101376,"created_at:""Thu Mar 05 23:08:42 +0000 2020""","rawtext:""Photos: The Cabin In The Mountains Of Georgia. Nickawasi Cabin. Finally Made It"," Mates. Such A Breathtakingly Beautiful Place Indeed. Love It. #Beautiful #Amazing #Awesome #Lovely #Sweet #Wonderful #BirthdayTrip (Edited By #Instagram) https://t.co/7znRRoznm7""","text:""Photos: The Cabin In The Mountains Of Georgia. Nickawasi Cabin. Finally Made It"," Mates. Such A Breathtakingly Beautiful Place Indeed. Love It. Beautiful Amazing Awesome Lovely Sweet Wonderful BirthdayTrip (Edited By ""}",,,,,,
"{""_id"":{""$oid"":""5e6bf4edb0d40b1f9dc85551""}",Tweet_id:1235704219362938880,"created_at:""Thu Mar 05 23:10:18 +0000 2020""","rawtext:""The reason I havent #tweeted much lately is because the 2 hr #SiestaKey special took #alotoutofme the other night and #woremedown and I dont #wannagetcoronavirus and this scene between Madisson and #boomerboyfriend still makes me #sad https://t.co/gGjj7Vvaht""","text:""The reason I have not tweeted much lately is because the 2 hr SiestaKey special took alotoutofme the other night and woremedown and I do not wannagetcoronavirus and this scene between Madisson and boomerboyfriend still makes me ""}",,,,,,,,
"{""_id"":{""$oid"":""5e6bf4edb0d40b1f9dc8554c""}",Tweet_id:1235703813287350274,"created_at:""Thu Mar 05 23:08:42 +0000 2020""","rawtext:""How are you feeling today?\nWe hope you__e not #sad. If you are - and you need to talk about it", here are some #alternatives to __ery sad_. They aren't perfect synonyms," but you get the idea...\nUseful phrases: https://t.co/L32olq7pkO \n#learnenglish #feelings #speakenglish #sadness https://t.co/sXIjbeozko""","text:""How are you feeling today? We hope you are not sad. If you are - and you need to talk about it", here are some alternatives to __ery sad_. They are not perfect synonyms," but you get the idea.. Useful phrases: ""}",,,,
"{""_id"":{""$oid"":""5e6bf4edb0d40b1f9dc85552""}",Tweet_id:1235704308185935872,"created_at:""Thu Mar 05 23:10:40 +0000 2020""","rawtext:""Wow __ Never thought I__ even make it on a chart and never thought I__ be above 200 but this is #Amazing Thank you for all that have listened and supported. We are still on a short break and will be back very soon. #podnation #podcast #podchaser #podfamily #dmspod #coronavirus https://t.co/aIBNAe9tgz""","text:""Wow Never thought I would even make it on a chart and never thought I would be above 200 but this is Amazing Thank you for all that have listened and supported. We are still on a short break and will be back very soon. ""}",,,,,,,,
"{""_id"":{""$oid"":""5e6bf4edb0d40b1f9dc85555""}",Tweet_id:1235704543637364736,"created_at:""Thu Mar 05 23:11:36 +0000 2020""","rawtext:""Rupart- lies after lies is all you have? #sad""","text:""Rupart- lies after lies is all you have? ""}",,,,,,,,
"{""_id"":{""$oid"":""5e6bf4edb0d40b1f9dc85556""}",Tweet_id:1235704694099623938,"created_at:""Thu Mar 05 23:12:12 +0000 2020""","rawtext:""This is #amazing! Can__ wait to see what @rachael_dececco does!""","text:""This is amazing! can not wait to see what does!""}",,,,,,,,
"{""_id"":{""$oid"":""5e6bf4edb0d40b1f9dc85558""}",Tweet_id:1235713510752931842,"created_at:""Thu Mar 05 23:47:14 +0000 2020""","rawtext:""SO NOWWWWW i went on big hit shop and ordered it and paid the shipping fee and i feel #sad. oh well... it'll be wonderful when i get the email that it's arriving""","text:""SO NOW i went on big hit shop and ordered it and paid the shipping fee and i feel sad. oh well.. it will be wonderful when i get the email that it is arriving""}",,,,,,,,
"{""_id"":{""$oid"":""5e6bf4edb0d40b1f9dc85559""}",Tweet_id:1235713681209454593,"created_at:""Thu Mar 05 23:47:54 +0000 2020""","rawtext:""Very enjoyable romantic sex in missionary position #horny #amazing""","text:""Very enjoyable romantic sex in missionary position ""}",,,,,,,,
"{""_id"":{""$oid"":""5e6bf4edb0d40b1f9dc85554""}",Tweet_id:1235704492580048896,"created_at:""Thu Mar 05 23:11:23 +0000 2020""","rawtext:""#BIDEN\n\n\""Send social workers into homes to help parents on how to raise their children. It's not that they don't want to help. They just don't know what to do.\""\n\nTo all Democrat supporters -- remember this #Biden moment when voting on Nov. 3rd.\n\nSERIOUSLY? #SAD""","text:""BIDEN \""Send social workers into homes to help parents on how to raise their children. it is not that they do not want to help. They just do not know what to do.\"" To all Democrat supporters -- remember this Biden moment when voting on november 3rd. SERIOUSLY? ""}",,,,,,,,
"{""_id"":{""$oid"":""5e6bf4edb0d40b1f9dc8555a""}",Tweet_id:1235713956112666624,"created_at:""Thu Mar 05 23:49:00 +0000 2020""","rawtext:""This made our conference room look awesome.  where several coworkers sit and this power center is really usefull. The USB ports are also a welcome addition.  #tp #charger #amazing   https://t.co/lkth2cL04p https://t.co/MQzlzK3AZR""","text:""This made our conference room look awesome. where several coworkers sit and this power center is really usefull. The USB ports are also a welcome addition. ""}",,,,,,,,
"{""_id"":{""$oid"":""5e6bf4edb0d40b1f9dc8555b""}",Tweet_id:1235713985053446144,"created_at:""Thu Mar 05 23:49:07 +0000 2020""","rawtext:""Loving my #AmazonMusic #playlist ! Every week a new one pops up- half the songs I haven__ even downloaded... they just know I like__m"," and that__ alright by me. #Amazing Making me feel like  #cool #summertime https://t.co/cn833L7mpX""","text:""Loving my AmazonMusic playlist ! Every week a new one pops up- half the songs I have not even downloaded.. they just know I like__m"," and that is alright by me. Amazing Making me feel like ""}",,,,,,
"{""_id"":{""$oid"":""5e6bf4edb0d40b1f9dc8555e""}",Tweet_id:1235715169377857536,"created_at:""Thu Mar 05 23:53:49 +0000 2020""","rawtext:""Tennis Bears sweep Parish!!! #Amazing @Ursulintennis @UrsulineSports @ursulinedallas https://t.co/fnuI4v5eMC""","text:""Tennis Bears sweep Parish!! ""}",,,,,,,,
"{""_id"":{""$oid"":""5e6bf4edb0d40b1f9dc8555c""}",Tweet_id:1235714572029505536,"created_at:""Thu Mar 05 23:51:27 +0000 2020""","rawtext:""Can__ get enough of our absolutely brilliant faculty?? We know we can__ so here__ our opportunity"," and yours (!!) to learn from our best!! ____ #welove our #professors #thebest #Amazing""","text:""can not get enough of our absolutely brilliant faculty?? We know we can not so here__ our opportunity"," and yours (!!) to learn from our best!! welove our ""}",,,,,,
"{""_id"":{""$oid"":""5e6bf4edb0d40b1f9dc8555d""}",Tweet_id:1235714926171258880,"created_at:""Thu Mar 05 23:52:51 +0000 2020""","rawtext:""@essenviews All he's doing is covering his gelatinous"," orange butt.  #Worthless #sad #LOSER #TrumpisaMoron #LiarinChief #WorstPresidentEver #Coronavirus https://t.co/B9VylgDugu""","text:""All he is doing is covering his gelatinous"," orange butt. ""}",,,,,,
"{""_id"":{""$oid"":""5e6bf4edb0d40b1f9dc85561""}",Tweet_id:1235715308867825666,"created_at:""Thu Mar 05 23:54:22 +0000 2020""","rawtext:""I don__ know about you but I could sure use to hear some good news or have something to look forward to. #sad""","text:""I do not know about you but I could sure use to hear some good news or have something to look forward to. ""}",,,,,,,,
"{""_id"":{""$oid"":""5e6bf4edb0d40b1f9dc8555f""}",Tweet_id:1235715223903809536,"created_at:""Thu Mar 05 23:54:02 +0000 2020""","rawtext:""@realDonaldTrump All he's doing is trying to cover his worthless", gelatinous," orange butt.  #Worthless #sad #LOSER #TrumpisaMoron #LiarinChief #WorstPresidentEver #Coronavirus --- https://t.co/RP1vGFVD2z https://t.co/NFpXaOof0i""","text:""All he is doing is trying to cover his worthless", gelatinous," orange butt. Worthless sad LOSER TrumpisaMoron LiarinChief WorstPresidentEver Coronavirus -""}",,,,
"{""_id"":{""$oid"":""5e6bf4edb0d40b1f9dc85563""}",Tweet_id:1235715321463476224,"created_at:""Thu Mar 05 23:54:25 +0000 2020""","rawtext:""People are dead &amp; rather than being a positive", calming presence, you feel it is necessary to insult Obama.  This is one of the many reasons why the majority of Americans HATE you.  Trumpers," how does your 401K look now?  Good enough to put up with Angry Orange? #Foolish #Sad""","text:""People are dead &amp; rather than being a positive", calming presence, you feel it is necessary to insult Obama. This is one of the many reasons why the majority of Americans HATE you. Trumpers," how does your 401K look now? Good enough to put up with Angry Orange? ""}",,
"{""_id"":{""$oid"":""5e6bf4edb0d40b1f9dc85565""}",Tweet_id:1235715537252036610,"created_at:""Thu Mar 05 23:55:17 +0000 2020""","rawtext:""@Mike_Pence @realDonaldTrump Then tell him to stop going on TV with misleading info? #sad""","text:""Then tell him to stop going on TV with misleading info? ""}",,,,,,,,
"{""_id"":{""$oid"":""5e6bf4edb0d40b1f9dc85567""}",Tweet_id:1235715663936860165,"created_at:""Thu Mar 05 23:55:47 +0000 2020""","rawtext:""@realDonaldTrump #LiarininChief #TrumpisaFool #TrumpisaMoron #PresidentStupid #sad #WorstPresidentEver #VoteHimOut that will #MAGA and #SaveAmerica https://t.co/XKT8PbPLWH""","text:""LiarininChief TrumpisaFool TrumpisaMoron PresidentStupid sad WorstPresidentEver VoteHimOut that will MAGA and ""}",,,,,,,,
"{""_id"":{""$oid"":""5e6bf4edb0d40b1f9dc85566""}",Tweet_id:1235715543472246785,"created_at:""Thu Mar 05 23:55:18 +0000 2020""","rawtext:""Snow &amp; Monty Datta - Say Goodbye #sad #sadsongs https://t.co/JoLiYMUZjo""","text:""Snow &amp; Monty Datta - Say Goodbye ""}",,,,,,,,
"{""_id"":{""$oid"":""5e6bf4edb0d40b1f9dc85568""}",Tweet_id:1235715691212419077,"created_at:""Thu Mar 05 23:55:53 +0000 2020""","rawtext:""@Hair4Trump I just cannot imagine how @SenSchumer would leave behind such a poison hate-filled legacy for future generations to chew over. #Sad""","text:""I just cannot imagine how would leave behind such a poison hate-filled legacy for future generations to chew over. ""}",,,,,,,,
"{""_id"":{""$oid"":""5e6bf4edb0d40b1f9dc8556e""}",Tweet_id:1235716071476408320,"created_at:""Thu Mar 05 23:57:24 +0000 2020""","rawtext:""Except lol we probably won__ see him ______ @NiallOfficial #sad""","text:""Except lol we probably will not see him ""}",,,,,,,,
"{""_id"":{""$oid"":""5e6bf4edb0d40b1f9dc8556c""}",Tweet_id:1235716061057748993,"created_at:""Thu Mar 05 23:57:22 +0000 2020""","rawtext:""Photo: The Start Of My Journey Today. This Morning Before I Headed On The Road To The Cabin In The Mountains Of Georgia. #Excited #Awesome #Amazing #Wonderful #Sweet #Lovely #Wicked (Edited By #Instagram) https://t.co/KbOmge1XfL""","text:""Photo: The Start Of My Journey Today. This Morning Before I Headed On The Road To The Cabin In The Mountains Of Georgia. Excited Awesome Amazing Wonderful Sweet Lovely Wicked (Edited By ""}",,,,,,,,
"{""_id"":{""$oid"":""5e6bf4edb0d40b1f9dc8556b""}",Tweet_id:1235715995437862917,"created_at:""Thu Mar 05 23:57:06 +0000 2020""","rawtext:""@Politidope What a dope you are"," mattie. #sad""","text:""What a dope you are"," mattie. ""}",,,,,,
"{""_id"":{""$oid"":""5e6bf4edb0d40b1f9dc8556f""}",Tweet_id:1235716081320423424,"created_at:""Thu Mar 05 23:57:26 +0000 2020""","rawtext:""I have only a few highlights in my life. When I don__ have any highlights... I get really #sad. Now the whole week(end) is ruined... all because of tonight.""","text:""I have only a few highlights in my life. When I do not have any highlights.. I get really sad. Now the whole week(end) is ruined.. all because of tonight.""}",,,,,,,,
"{""_id"":{""$oid"":""5e6bf4edb0d40b1f9dc85570""}",Tweet_id:1235716136861220864,"created_at:""Thu Mar 05 23:57:40 +0000 2020""","rawtext:""Outstanding talent ________________________\n\n#talent #Paytm #colours #art #amazing #best #painting #painters https://t.co/wBhZXcPZSB""","text:""Outstanding talent ""}",,,,,,,,
"{""_id"":{""$oid"":""5e6bf4edb0d40b1f9dc85571""}",Tweet_id:1235716334975152128,"created_at:""Thu Mar 05 23:58:27 +0000 2020""","rawtext:""Hogwash. As I think you'll discover over at #amazing #childrenspicturebook site @AlbertTortoise featuring the lovable #adventures of #AlbertTheTortoise - the real life", modern day," mini-dinosaur living life on the veg.\n\n#picturebooks #kidlit #writer #amwriting https://t.co/i7zpUPWoSr""","text:""Hogwash. As I think you will discover over at amazing childrenspicturebook site featuring the lovable adventures of AlbertTheTortoise - the real life", modern day," mini-dinosaur living life on the veg. ""}",,,,
"{""_id"":{""$oid"":""5e6bf4edb0d40b1f9dc85575""}",Tweet_id:1235716440314896385,"created_at:""Thu Mar 05 23:58:52 +0000 2020""","rawtext:""My husband and I both proudly voted for you in Washington State  ____  #Sad \n#ThankYouElizabeth""","text:""My husband and I both proudly voted for you in Washington State ""}",,,,,,,,
"{""_id"":{""$oid"":""5e6bf4edb0d40b1f9dc85574""}",Tweet_id:1235716423055560705,"created_at:""Thu Mar 05 23:58:48 +0000 2020""","rawtext:""Lets get it! Rate my track/video worldstar #worldstar #worldstarhiphop #rap #hiphop #artist #artistsoninstagram #music #entertainment #underground #undergroundrap #undergroundhiphop #bars #sad #nyrapper #mc https://t.co/OubJ4oZY91""","text:""let us get it! Rate my track/video worldstar ""}",,,,,,,,
"{""_id"":{""$oid"":""5e6bf4edb0d40b1f9dc85572""}",Tweet_id:1235716363156586497,"created_at:""Thu Mar 05 23:58:34 +0000 2020""","rawtext:""You have way more important things to do"," you moron #sad #ImpeachedForLife""","text:""You have way more important things to do"," you moron ""}",,,,,,
"{""_id"":{""$oid"":""5e6bf4edb0d40b1f9dc85578""}",Tweet_id:1235716618472153088,"created_at:""Thu Mar 05 23:59:35 +0000 2020""","rawtext:""@Toots2020 @TheGrannyBrand You seem to care a whole lot. #sad""","text:""You seem to care a whole lot. ""}",,,,,,,,
"{""_id"":{""$oid"":""5e6bf4edb0d40b1f9dc8557a""}",Tweet_id:1235720307496718336,"created_at:""Fri Mar 06 00:14:14 +0000 2020""","rawtext:""Hmmm...#nbcdays in last place in all categories and still dropping. #sad @greg_meng maybe it__ time for a writer change.""","text:""Hmm..nbcdays in last place in all categories and still dropping. sad maybe it is time for a writer change.""}",,,,,,,,
"{""_id"":{""$oid"":""5e6bf4edb0d40b1f9dc8557c""}",Tweet_id:1235720642584023047,"created_at:""Fri Mar 06 00:15:34 +0000 2020""","rawtext:""Just cuz its thursday here is me ______ plz dont judge #sexy #dirty #bad #cute #naughty #me #lovely #thursday #wonderful #amazing #yasss https://t.co/QTmFLeOGdr""","text:""Just cuz its thursday here is me plz do not judge ""}",,,,,,,,
"{""_id"":{""$oid"":""5e6bf4edb0d40b1f9dc8557e""}",Tweet_id:1235720844564824066,"created_at:""Fri Mar 06 00:16:22 +0000 2020""","rawtext:""This is #amazing in so many ways. Both for #crypto and for @vergecurrency "," as we already know how much South #Korea loves $XVG. The #vergefam in Korea is real. https://t.co/FkrWkoVQ2w""","text:""This is amazing in so many ways. Both for crypto and for "," as we already know how much South Korea loves $XVG. The vergefam in Korea is real.""}",,,,,,
"{""_id"":{""$oid"":""5e6bf4edb0d40b1f9dc8557b""}",Tweet_id:1235720591921025030,"created_at:""Fri Mar 06 00:15:22 +0000 2020""","rawtext:""@PatriotPeach @TheKurtamous @RandPaul At this point Voting won't change anything"," the FBI won't enforce laws our Judiciary is a joke. We're running out of options to save America. #Sad""","text:""At this point Voting will not change anything"," the FBI will not enforce laws our Judiciary is a joke. we are running out of options to save America. ""}",,,,,,
"{""_id"":{""$oid"":""5e6bf4edb0d40b1f9dc8557f""}",Tweet_id:1235720945693675521,"created_at:""Fri Mar 06 00:16:46 +0000 2020""","rawtext:""I had an idea for a kids snack.\n\nI think it came out pretty good. \n\n#sogood #delicious #tasty #tastie #goodfood #good #amazing #kidsmeals #homemade #lunchsnacks #pizzabits #realhomemade #pizza https://t.co/ZXqdkLK6ze""","text:""I had an idea for a kids snack. I think it came out pretty good. ""}",,,,,,,,
"{""_id"":{""$oid"":""5e6bf4edb0d40b1f9dc8557d""}",Tweet_id:1235720700415090688,"created_at:""Fri Mar 06 00:15:48 +0000 2020""","rawtext:""@gen_jackkeane Now you can join the ranks of Rush Limbaugh #sad""","text:""Now you can join the ranks of Rush Limbaugh ""}",,,,,,,,
"{""_id"":{""$oid"":""5e6bf4edb0d40b1f9dc85580""}",Tweet_id:1235721088358744064,"created_at:""Fri Mar 06 00:17:20 +0000 2020""","rawtext:""I know you shouldn__ let your work effect you", but this little girl honestly made me sad today! I honestly feel depressed tonight," and all my energy is zapped! #TeacherLife #TeacherProblems #Sad __""","text:""I know you should not let your work effect you", but this little girl honestly made me sad today! I honestly feel depressed tonight," and all my energy is zapped! ""}",,,,
"{""_id"":{""$oid"":""5e6bf4edb0d40b1f9dc85582""}",Tweet_id:1235723912396275714,"created_at:""Fri Mar 06 00:28:34 +0000 2020""","rawtext:""Today will never come https://t.co/a8QwRL7UPJ a https://t.co/NDHOOEphbb a friend.Encourage someone.Take time to care.\n #amazing https://t.co/uM4UNMrBvu""","text:""Today will never come a a friend.Encourage someone.Take time to care. ""}",,,,,,,,
"{""_id"":{""$oid"":""5e6bf4edb0d40b1f9dc85581""}",Tweet_id:1235723818141917184,"created_at:""Fri Mar 06 00:28:11 +0000 2020""","rawtext:""@RealMattCouch Don__ even know who this sorry excuse of a woman is! This does not represent what real women__ rights are about"," but then I come from a different and more enlightened era. I__ embarrassed and ashamed for her. #classless #embarrassment #sad""","text:""do not even know who this sorry excuse of a woman is! This does not represent what real women__ rights are about"," but then I come from a different and more enlightened era. I am embarrassed and ashamed for her. ""}",,,,,,
"{""_id"":{""$oid"":""5e6bf4edb0d40b1f9dc85584""}",Tweet_id:1235724031762083841,"created_at:""Fri Mar 06 00:29:02 +0000 2020""","rawtext:""Folks", HOW MANY TIMES has Yours Truly told you #BigBrother #Surveillance is totally OUT OF CONTROL? How do you just dig into someone's private life, without a warrant," INDEFINITELY? #SAD""","text:""Folks", HOW MANY TIMES has Yours Truly told you BigBrother Surveillance is totally OUT OF CONTROL? How do you just dig into someone's private life, without a warrant," INDEFINITELY? ""}",,
"{""_id"":{""$oid"":""5e6bf4edb0d40b1f9dc85587""}",Tweet_id:1235724739491983361,"created_at:""Fri Mar 06 00:31:51 +0000 2020""","rawtext:""@Munin_2000 @The_Light7 @rhonda_harbison @joncoopertweets Jesus! If you're going to try and make a point learn how to spell or get spell check on your phone!! #Sad""","text:""Jesus! If you are going to try and make a point learn how to spell or get spell check on your phone!! ""}",,,,,,,,
"{""_id"":{""$oid"":""5e6bf4edb0d40b1f9dc85585""}",Tweet_id:1235724640124715009,"created_at:""Fri Mar 06 00:31:27 +0000 2020""","rawtext:""@JLola9 @evekendall76 @smpmoore @BettyMcCollum04 @AIPAC It is ALSO amazing to watch Christian's quickly point out that the KKK are not *real Christians* while you are only TOO happy to believe that ISIS or the Taliban goat f*ckers", ARE representative of Islam as a whole. The f*cking hypocrisy would be laughable," if it wasn't so #Sad.""","text:""It is ALSO amazing to watch Christian's quickly point out that the K are not *real Christians* while you are only TOO happy to believe that ISIS or the Taliban goat f*ckers", ARE representative of Islam as a whole. The f*cking hypocrisy would be laughable," if it was not so ""}",,,,
"{""_id"":{""$oid"":""5e6bf4edb0d40b1f9dc85588""}",Tweet_id:1235724865262383104,"created_at:""Fri Mar 06 00:32:21 +0000 2020""","rawtext:""@realDonaldTrump Like it's been said before"," it's #sad that the occupant of the WH has the mentality of a 12 yr old. #FakePresident #VoteBlue2020 #VoteBlueToEndThisNightmare""","text:""Like it is been said before"," it is sad that the occupant of the WH has the mentality of a 12 yr old. ""}",,,,,,
"{""_id"":{""$oid"":""5e6bf4edb0d40b1f9dc85589""}",Tweet_id:1235724905594974208,"created_at:""Fri Mar 06 00:32:30 +0000 2020""","rawtext:""We have to wait till June 2020 for #Trump's #taxreturns BECAUSE @ManhattanDA who had all the chips"," opted for \""A DEAL\"" with #Trump's attorneys instead of ENFORCING THE SUBPOENA which would have compelled #SCOTUS to make a decision THIS YEAR. #SAD\n\nhttps://t.co/lQ7GjCHTAa""","text:""We have to wait till June 2020 for Trump's taxreturns BECAUSE who had all the chips"," opted for \""A DEAL\"" with Trump's attorneys instead of ENFORCING THE SUBPOENA which would have compelled SCOTUS to make a decision THIS YEAR. ""}",,,,,,
"{""_id"":{""$oid"":""5e6bf4edb0d40b1f9dc8558a""}",Tweet_id:1235724902029611010,"created_at:""Fri Mar 06 00:32:29 +0000 2020""","rawtext:""Our #awesome #volunteer Sangam &amp; the rest of our #RoadSafety #team are going out several times a week to increase #safety in the #HastingsSunrise #neighbourhood for all road users. Her #amazing shot of our speed radar setup is our #February #PhotooftheMonth Award! #Congrats G!__ https://t.co/gBaChJ8K1n""","text:""Our awesome volunteer Sangam &amp; the rest of our RoadSafety team are going out several times a week to increase safety in the HastingsSunrise neighbourhood for all road users. Her amazing shot of our speed radar setup is our February PhotooftheMonth Award! Congrats G!""}",,,,,,,,
"{""_id"":{""$oid"":""5e6bf4edb0d40b1f9dc8558c""}",Tweet_id:1235724945763729409,"created_at:""Fri Mar 06 00:32:40 +0000 2020""","rawtext:""#BREAKING:So #SupremeCourt which could settle ALL legal questions surrounding #Trump THIS YEAR sparing us a constitutional crisis","will hear Trump's #taxreturns case today and likely kick the can DOWN THE ROAD.#SAD\n\n#TheResistance #FridayThoughts #FBRParty\nhttps://t.co/CbCxK2tVwh""","text:""BREAKING SupremeCourt which could settle ALL legal questions surrounding Trump THIS YEAR sparing us a constitutional crisis","will hear Trump's taxreturns case today and likely kick the can DOWN THE ROAD.SAD ""}",,,,,,
"{""_id"":{""$oid"":""5e6bf4edb0d40b1f9dc8558d""}",Tweet_id:1235724956203233280,"created_at:""Fri Mar 06 00:32:42 +0000 2020""","rawtext:""\""Omg like"," who wants to go watch puppys fight\"" #emo #sad https://t.co/hRzQBJrgvj""","text:""\""Omg like"," who wants to go watch puppys fight\"" ""}",,,,,,
"{""_id"":{""$oid"":""5e6bf4edb0d40b1f9dc85592""}",Tweet_id:1235725978028122112,"created_at:""Fri Mar 06 00:36:46 +0000 2020""","rawtext:""Oh @NicoleArbour you will never learn will you. Feels like we're going back to when you fat shamed people #sad #notcomedy #opinion""","text:""Oh you will never learn will you. Feels like we are going back to when you fat shamed people ""}",,,,,,,,
"{""_id"":{""$oid"":""5e6bf4edb0d40b1f9dc85594""}",Tweet_id:1235726122257649665,"created_at:""Fri Mar 06 00:37:20 +0000 2020""","rawtext:""@WarriorZoltar Don__ worry... BARBARA only has 14 followers. She must live a sad life so has to ridicule others. She projects just like Drumpf hitler. #Sad""","text:""do not worry.. BARBARA only has 14 followers. She must live a sad life so has to ridicule others. She projects just like Drumpf hitler. ""}",,,,,,,,
"{""_id"":{""$oid"":""5e6bf4edb0d40b1f9dc85595""}",Tweet_id:1235726323127066625,"created_at:""Fri Mar 06 00:38:08 +0000 2020""","rawtext:""Very proud and privileged to have been at my first #BirminghamEast NPU awards evening.. the inspirational and courageous work by officers"," staff and community alike #amazing ... more photos to follow tomorrow ______""","text:""Very proud and privileged to have been at my first BirminghamEast NPU awards evening.. the inspirational and courageous work by officers"," staff and community alike amazing . more photos to follow tomorrow""}",,,,,,
"{""_id"":{""$oid"":""5e6bf4edb0d40b1f9dc85597""}",Tweet_id:1235726722282041345,"created_at:""Fri Mar 06 00:39:43 +0000 2020""","rawtext:""@BernieSanders @ewarren  It seems like you are going to do what you did in 2016 &amp; Rip Apart the Democratic Party. You keep referring to yourself in the second person. Do you know what the means Mr. Sanders. You Mr. Sanders are going to fracture an already fractured party! #Sad""","text:""It seems like you are going to do what you did in 2016 &amp; Rip Apart the Democratic Party. You keep referring to yourself in the second person. Do you know what the means Mr. Sanders. You Mr. Sanders are going to fracture an already fractured party! ""}",,,,,,,,
"{""_id"":{""$oid"":""5e6bf4edb0d40b1f9dc8559a""}",Tweet_id:1235726927752769536,"created_at:""Fri Mar 06 00:40:32 +0000 2020""","rawtext:""#BREAKING:Turns out the same day #Barr became AG",he INSTALLED HIS DAUGHTER at #Mnuchin's Treasury where she among other things,"HELPS HIDE #Trump's #taxreturns and now HELPS PUBLISH financial records of the #Bidens.#SAD\n\n#TheResistance #CNN #MSNBC #Yahoo #mondaythoughts #FBRParty https://t.co/slhdfY2MDs""","text:""BREAKING out the same day Barr became AG",he INSTALLED HIS DAUGHTER at Mnuchin's Treasury where she among other things,"HELPS HIDE Trump's taxreturns and now HELPS PUBLISH financial records of the Bidens.SAD ""}",,,,
"{""_id"":{""$oid"":""5e6bf4edb0d40b1f9dc8559b""}",Tweet_id:1235727053389000705,"created_at:""Fri Mar 06 00:41:02 +0000 2020""","rawtext:""Meanwhile #Trump IS ALLOWED TO ABUSE the federal court system to STALL on his #taxreturns", Congressional subpoenas," lawsuits against him......#SAD!!""","text:""Meanwhile Trump IS ALLOWED TO ABUSE the federal court system to STALL on his taxreturns", Congressional subpoenas," lawsuits against him..SAD!!""}",,,,
"{""_id"":{""$oid"":""5e6bf4edb0d40b1f9dc8559c""}",Tweet_id:1235727064671694851,"created_at:""Fri Mar 06 00:41:05 +0000 2020""","rawtext:""#BREAKING:In a STINGING dissenting opinion","#SupremeCourt Justice #Sotomayor CALLED OUT her 5 Conservative colleagues for essentially HELPING #Trump's #DOJ to LEAPFROG cases to #SCOTUS without good reason.#SAD\n\n#TheResistance #SaturdayThoughts #FBRParty\nhttps://t.co/cYceKfVAm4""","text:""BREAKING a STINGING dissenting opinion","SupremeCourt Justice Sotomayor CALLED OUT her 5 Conservative colleagues for essentially HELPING Trump's DOJ to LEAPFROG cases to SCOTUS without good reason.SAD ""}",,,,,,
"{""_id"":{""$oid"":""5e6bf4edb0d40b1f9dc8559e""}",Tweet_id:1235727151774789634,"created_at:""Fri Mar 06 00:41:26 +0000 2020""","rawtext:""@USArmy @senatemajldr SERIOUSLY folks", isn't it PATENTLY UNFAIR that #MitchMcConnell's campaign has FULL ACCESS to Dem #AmyMcGrath's military record," but a FOIA into #McConnell's record WILL NOT EVEN SAY whether there was a court martial or not? #SAD!!\n\nhttps://t.co/qTnF3OiqAJ""","text:""SERIOUSLY folks", is not it PATENTLY UNFAIR that MitchMcConnell's campaign has FULL ACCESS to Dem AmyMcGrath's military record," but a FOIA into McConnell's record WILL NOT EVEN SAY whether there was a court martial or not? ""}",,,,
"{""_id"":{""$oid"":""5e6bf4edb0d40b1f9dc855a2""}",Tweet_id:1235727360533635074,"created_at:""Fri Mar 06 00:42:16 +0000 2020""","rawtext:""The more I hear from billieeilish"," the more I love! She has the most #ethereal voice I've ever heard! #billieeilish #amazing #badassgirl https://t.co/CGsI4LNyvm""","text:""The more I hear from billieeilish"," the more I love! She has the most ethereal voice I have ever heard! ""}",,,,,,
"{""_id"":{""$oid"":""5e6bf4edb0d40b1f9dc855a8""}",Tweet_id:1235728230268563456,"created_at:""Fri Mar 06 00:45:43 +0000 2020""","rawtext:""#amazing #sports Mini Aluminum Outdoor Buckles Set https://t.co/Q1JiQJ0EOx https://t.co/owMgXrNkHG""","text:""amazing sports Mini Aluminum Outdoor Buckles Set""}",,,,,,,,
"{""_id"":{""$oid"":""5e6bf4edb0d40b1f9dc855a9""}",Tweet_id:1235728242981642240,"created_at:""Fri Mar 06 00:45:46 +0000 2020""","rawtext:""The song was better than what I thought it would have been. @AlecBenjamin #amazing""","text:""The song was better than what I thought it would have been. ""}",,,,,,,,
"{""_id"":{""$oid"":""5e6bf4edb0d40b1f9dc855ad""}",Tweet_id:1235728455163146242,"created_at:""Fri Mar 06 00:46:37 +0000 2020""","rawtext:""@thecjpearson and what were Trump's affairs for? #sad #hypocrite""","text:""and what were Trump's affairs for? ""}",,,,,,,,
"{""_id"":{""$oid"":""5e6bf4edb0d40b1f9dc855af""}",Tweet_id:1235728503447961600,"created_at:""Fri Mar 06 00:46:48 +0000 2020""","rawtext:""My friend Skynet awoke and analyzed my imaginary penguin's nanotechnology furbie. It became a hermit. Gobsmacked! #amazing""","text:""My friend Skynet awoke and analyzed my imaginary penguin's nanotechnology furbie. It became a hermit. Gobsmacked! ""}",,,,,,,,
"{""_id"":{""$oid"":""5e6bf4edb0d40b1f9dc855b6""}",Tweet_id:1235730319367696388,"created_at:""Fri Mar 06 00:54:01 +0000 2020""","rawtext:""I see these #amazing women with incredibly fit bodies. It's #fantastic! Many are retired"," work part time or have trainers planning their workouts &amp; meals. Any mamma's out there that are working #moms who have a fabulous workout program &amp; menu plan that's not too time consuming? https://t.co/yMevKwJHbb""","text:""I see these amazing women with incredibly fit bodies. it is fantastic! Many are retired"," work part time or have trainers planning their workouts &amp; meals. Any mamma's out there that are working moms who have a fabulous workout program &amp; menu plan that is not too time consuming?""}",,,,,,
"{""_id"":{""$oid"":""5e6bf4edb0d40b1f9dc855bb""}",Tweet_id:1235731196547452928,"created_at:""Fri Mar 06 00:57:30 +0000 2020""","rawtext:""Brainless 27% #sad""","text:""Brainless 27% ""}",,,,,,,,
"{""_id"":{""$oid"":""5e6bf4edb0d40b1f9dc855b9""}",Tweet_id:1235731098522595328,"created_at:""Fri Mar 06 00:57:07 +0000 2020""","rawtext:""@SenatorCollins Yer on your way out Senator"," 4 points down now and sinking. You had no problem when Trump was denigrating Sotomayor and RBG. #sad #bluewave2020""","text:""Yer on your way out Senator"," 4 points down now and sinking. You had no problem when Trump was denigrating Sotomayor and RBG. ""}",,,,,,
"{""_id"":{""$oid"":""5e6bf4edb0d40b1f9dc855ba""}",Tweet_id:1235731168395313153,"created_at:""Fri Mar 06 00:57:23 +0000 2020""","rawtext:""@PatsyJohnson111 @Munin_2000 @rhonda_harbison @joncoopertweets That's low hanging fruit", patsy. Some people in passion," misspell.  \n\nThis is exactly how many ppl feel throughout the country. Ppl cant survive 8 more years of the lesser of 2 evils. \n\nPpl want a champion for their economic needs. Biden wont even stand for a livable wage. #sad""","text:""that is low hanging fruit", patsy. Some people in passion," misspell. This is exactly how many ppl feel throughout the country. Ppl can not survive 8 more years of the lesser of 2 evils. Ppl want a champion for their economic needs. Biden will not even stand for a livable wage. ""}",,,,
"{""_id"":{""$oid"":""5e6bf4edb0d40b1f9dc855bc""}",Tweet_id:1235731291686998017,"created_at:""Fri Mar 06 00:57:53 +0000 2020""","rawtext:""#life #getoutside #amazing Cartoon Character Shaped Night Light https://t.co/FTDlcndQKR https://t.co/7WYHtY1CeM""","text:""life getoutside amazing Cartoon Character Shaped Night Light""}",,,,,,,,
"{""_id"":{""$oid"":""5e6bf4edb0d40b1f9dc855bf""}",Tweet_id:1235746122640941056,"created_at:""Fri Mar 06 01:56:49 +0000 2020""","rawtext:""This is truly pathetic on both sides. What are they 12? #sad""","text:""This is truly pathetic on both sides. What are they 12? ""}",,,,,,,,
"{""_id"":{""$oid"":""5e6bf4edb0d40b1f9dc855bd""}",Tweet_id:1235731564551524352,"created_at:""Fri Mar 06 00:58:58 +0000 2020""","rawtext:""@sammysausage31 @SW_Railway I__e never seen her without a smile __ Today was a particularly tough morning for her #Amazing""","text:""I have never seen her without a smile Today was a particularly tough morning for her ""}",,,,,,,,
"{""_id"":{""$oid"":""5e6bf4edb0d40b1f9dc855c1""}",Tweet_id:1235746291487031297,"created_at:""Fri Mar 06 01:57:29 +0000 2020""","rawtext:""Happy wednesday loves ____ #sexy #hot #yum #naughty #dirty #bad #wednesday #booty #body #boob #humpday #lovely #amazing #fun https://t.co/OB2x0YPrYT""","text:""Happy wednesday loves ""}",,,,,,,,
"{""_id"":{""$oid"":""5e6bf4edb0d40b1f9dc855c0""}",Tweet_id:1235746169126436866,"created_at:""Fri Mar 06 01:57:00 +0000 2020""","rawtext:""@DailyCaller @BusyPhilipps Sounds like a deal made with the Devil.\n First born/not born in her case.\n#Sad""","text:""Sounds like a deal made with the Devil. First born/not born in her case. ""}",,,,,,,,
"{""_id"":{""$oid"":""5e6bf4edb0d40b1f9dc855c3""}",Tweet_id:1235746363306061824,"created_at:""Fri Mar 06 01:57:46 +0000 2020""","rawtext:""I love my job. @MelissaOrdway is pretty damn #amazing! I__ a #fan""","text:""I love my job. is pretty damn amazing! I am a ""}",,,,,,,,
"{""_id"":{""$oid"":""5e6bf4edb0d40b1f9dc855c2""}",Tweet_id:1235746346549817345,"created_at:""Fri Mar 06 01:57:42 +0000 2020""","rawtext:""Its #mondaymotivation time so enjoy ______#sexy #hot #yum #naughty #dirty #bad #body #boobs #monday #yass #amazing #lovely #motivation #wonderful https://t.co/6sfNkqXzO4""","text:""Its mondaymotivation time so enjoy ""}",,,,,,,,
"{""_id"":{""$oid"":""5e6bf4edb0d40b1f9dc855c5""}",Tweet_id:1235746813019373573,"created_at:""Fri Mar 06 01:59:33 +0000 2020""","rawtext:""Of couse he is.#sad""","text:""Of couse he is.sad""}",,,,,,,,
"{""_id"":{""$oid"":""5e6bf4edb0d40b1f9dc855c4""}",Tweet_id:1235746436186337281,"created_at:""Fri Mar 06 01:58:04 +0000 2020""","rawtext:""#sad #sadday #days PastPresentFuture in 1 site:Is Modern World's woe due to clash of 1st instinct-sex &amp; 2nd-siblings https://t.co/IRonheRsix""","text:""sad sadday days PastPresentFuture in 1 Modern World's woe due to clash of 1st instinct-sex &amp; 2nd-siblings""}",,,,,,,,
"{""_id"":{""$oid"":""5e6bf4edb0d40b1f9dc855c6""}",Tweet_id:1235746824394338305,"created_at:""Fri Mar 06 01:59:36 +0000 2020""","rawtext:""@ecpps Thank you to the students at Pasquotank Elementary School for sharing your thoughts on your school and having lunch with me! #Amazing #ECPPSstrong""","text:""Thank you to the students at Pasquotank Elementary School for sharing your thoughts on your school and having lunch with me! ""}",,,,,,,,
"{""_id"":{""$oid"":""5e6bf4edb0d40b1f9dc855ca""}",Tweet_id:1235747500100931585,"created_at:""Fri Mar 06 02:02:17 +0000 2020""","rawtext:""URI put out the red carpet for the Storm Chasers"," UConn takes them away in handcuffs. #sad""","text:""URI put out the red carpet for the Storm Chasers"," UConn takes them away in handcuffs. ""}",,,,,,
"{""_id"":{""$oid"":""5e6bf4edb0d40b1f9dc855cb""}",Tweet_id:1235747658029043712,"created_at:""Fri Mar 06 02:02:55 +0000 2020""","rawtext:""@JetBlue Very sad that #jetblue will not give you a refund if you cancel your flight due to the virus pandemic or a credit. #sad #jetblue""","text:""Very sad that jetblue will not give you a refund if you cancel your flight due to the virus pandemic or a credit. ""}",,,,,,,,
"{""_id"":{""$oid"":""5e6bf4edb0d40b1f9dc855cc""}",Tweet_id:1235747725607460864,"created_at:""Fri Mar 06 02:03:11 +0000 2020""","rawtext:""@realDonaldTrump @marthamaccallum @BretBaier @FoxNews Super low ratings #ShortCock #Sad""","text:""Super low ratings ""}",,,,,,,,
"{""_id"":{""$oid"":""5e6bf4edb0d40b1f9dc855c9""}",Tweet_id:1235747263835541505,"created_at:""Fri Mar 06 02:01:21 +0000 2020""","rawtext:""@PrairieWilds @RepMarkMeadows @realDonaldTrump You really don't have a clue. #Sad""","text:""You really do not have a clue. ""}",,,,,,,,
"{""_id"":{""$oid"":""5e6bf4edb0d40b1f9dc855cd""}",Tweet_id:1235747828028194818,"created_at:""Fri Mar 06 02:03:35 +0000 2020""","rawtext:""@ellecatt @Wwlasss @ReproRights @BusyPhilipps @ElizabethBanks I believe you are very right! It is just #Sad the damage that is being done!""","text:""I believe you are very right! It is just Sad the damage that is being done!""}",,,,,,,,
"{""_id"":{""$oid"":""5e6bf4edb0d40b1f9dc855d3""}",Tweet_id:1235748412290748419,"created_at:""Fri Mar 06 02:05:55 +0000 2020""","rawtext:""I decided today that every American should re-evaluate the continuing of the hypocrisy of Schumer and Pelosi; they are both complete idiots and are dangerous to our country and Schumer even threatened Supreme Court judges and then his reasoning"," that he was from Brooklyn; #sad! https://t.co/FGIkxH0C05""","text:""I decided today that every American should re-evaluate the continuing of the hypocrisy of Schumer and Pelosi; they are both complete idiots and are dangerous to our country and Schumer even threatened Supreme Court judges and then his reasoning"," that he was from Brooklyn; ""}",,,,,,
"{""_id"":{""$oid"":""5e6bf4edb0d40b1f9dc855d4""}",Tweet_id:1235748440107290625,"created_at:""Fri Mar 06 02:06:01 +0000 2020""","rawtext:""@realDonaldTrump will you stop playing these grade school blame games. Just for ONCE handle this situation like a professional. There are records of what came before","  what is needed now is results. #SAD #GOP""","text:""will you stop playing these grade school blame games. Just for ONCE handle this situation like a professional. There are records of what came before"," what is needed now is results. ""}",,,,,,
"{""_id"":{""$oid"":""5e6bf4edb0d40b1f9dc855d5""}",Tweet_id:1235748442846052352,"created_at:""Fri Mar 06 02:06:02 +0000 2020""","rawtext:""Art for the Home! https://t.co/RfFFkdaamX #amazing #creative #photooftheday #naturelovers \n#artworks #art #photography #fineartamerica https://t.co/tF9a1dQOsJ""","text:""Art for the Home! ""}",,,,,,,,
"{""_id"":{""$oid"":""5e6bf4edb0d40b1f9dc855d2""}",Tweet_id:1235748410260705280,"created_at:""Fri Mar 06 02:05:54 +0000 2020""","rawtext:""Creatability: Exploring ways to make creative tools more accessible for ... https://t.co/Hd462WriSZ via @YouTube #amazing #accessibility #speced""","text:""Creatability: Exploring ways to make creative tools more accessible for . via ""}",,,,,,,,
"{""_id"":{""$oid"":""5e6bf4edb0d40b1f9dc855d6""}",Tweet_id:1235748687961300992,"created_at:""Fri Mar 06 02:07:00 +0000 2020""","rawtext:""This universe is so elaborately frabjous"," I mean look at this:\nI__ in love\n#Amazing #Life https://t.co/cKlgAxDEk0""","text:""This universe is so elaborately frabjous"," I mean look at this: I am in love ""}",,,,,,
"{""_id"":{""$oid"":""5e6bf4edb0d40b1f9dc855d9""}",Tweet_id:1235749212631035904,"created_at:""Fri Mar 06 02:09:06 +0000 2020""","rawtext:""@JoeBiden @TeamJoe\n#WorldHealthOrganization offered THIS administration tests about 3-4 weeks ago", &amp; THIS administration said," \""NO\"". #Aweful #Sad #Deplorable #Trump @CNN\nPence admits 'we don't have enough tests' as delay in coronavirus testing persists\n\nhttps://t.co/AGxXd0d5Lm""","text:""WorldHealthOrganization offered THIS administration tests about 3-4 weeks ago", &amp; THIS administration said," \""NO\"". Aweful Sad Deplorable Trump Pence admits 'we do not have enough tests' as delay in coronavirus testing persists""}",,,,
"{""_id"":{""$oid"":""5e6bf4edb0d40b1f9dc855da""}",Tweet_id:1235749248261427200,"created_at:""Fri Mar 06 02:09:14 +0000 2020""","rawtext:""Off to go #train with my #amazing #coach Harly ____ #girlswholift #teamnoexcuses #traininsane (@ MTA Subway - 103rd St (1) - @nyctsubway in New York"," NY) https://t.co/9CC7bB7302""","text:""Off to go train with my amazing coach Harly girlswholift teamnoexcuses traininsane (@ MTA Subway - 103rd St (1) - in New York"," NY)""}",,,,,,
"{""_id"":{""$oid"":""5e6bf4edb0d40b1f9dc855ce""}",Tweet_id:1235747879777533953,"created_at:""Fri Mar 06 02:03:48 +0000 2020""","rawtext:""@ABC7HeatherGraf @ABC7News @pgcps Walker Mill Staff response"," \""If you kids didn't waste it"," you would have soap.\"" #sad #disgusting""","text:""Walker Mill Staff response"," \""If you kids did not waste it"," you would have soap.\"" ""}",,,,
"{""_id"":{""$oid"":""5e6bf4edb0d40b1f9dc855d8""}",Tweet_id:1235749148361621506,"created_at:""Fri Mar 06 02:08:50 +0000 2020""","rawtext:""@GOP @realDonaldTrump These thoughts are not even coherent but u tweeted them anyway because it was the best edit.  #sad""","text:""These thoughts are not even coherent but you tweeted them anyway because it was the best edit. ""}",,,,,,,,
"{""_id"":{""$oid"":""5e6bf4edb0d40b1f9dc855de""}",Tweet_id:1235749661706682368,"created_at:""Fri Mar 06 02:10:53 +0000 2020""","rawtext:""@globaltimesnews __% Treatment of #Covid_19 &amp; all types of #Cancer\n\nhttps://t.co/PubRgEgyYf""","text:""% Treatment of Covid_19 &amp; all types of ""}",,,,,,,,
"{""_id"":{""$oid"":""5e6bf4edb0d40b1f9dc855dd""}",Tweet_id:1235749459134464000,"created_at:""Fri Mar 06 02:10:04 +0000 2020""","rawtext:""@realDonaldTrump How do you know the number of cases since there are no testing kits.  You are now killing people to cover up your ineptness. #sad""","text:""How do you know the number of cases since there are no testing kits. You are now killing people to cover up your ineptness. ""}",,,,,,,,
"{""_id"":{""$oid"":""5e6bf4edb0d40b1f9dc855e0""}",Tweet_id:1235750274838351874,"created_at:""Fri Mar 06 02:13:19 +0000 2020""","rawtext:""https://t.co/fM64Lb9Qtn THIS IS OUT NOW! @LazyTreeRecords #hiphop #rap #pop #newmusicfriday #depressing #sad #heartbreak #ianndior #xxxtentacion #juicewrld #banger #lazytreerecords #trap #lilpeep #autotune #postmalone #alternativerock #alternative #singing #bars #hard #breakup""","text:""THIS IS OUT NOW! ""}",,,,,,,,
"{""_id"":{""$oid"":""5e6bf4edb0d40b1f9dc855e1""}",Tweet_id:1235750560990744576,"created_at:""Fri Mar 06 02:14:27 +0000 2020""","rawtext:""Photography for the Mind! https://t.co/IeCvb86gDz #naturelovers #landscapelovers #landscape #photography #amazing #love #photooftheday https://t.co/YgrP6K1QB1""","text:""Photography for the Mind! ""}",,,,,,,,
"{""_id"":{""$oid"":""5e6bf4edb0d40b1f9dc855e5""}",Tweet_id:1235751563399852034,"created_at:""Fri Mar 06 02:18:26 +0000 2020""","rawtext:""*2020* Roddy Ricch Type Beat - \""Money &amp; Power\"" | Sad/Trap Instrumental (... https://t.co/MaFQTeW1tC via @YouTube\n#TypeBeat #Sad #Trap #LilBaby #Gunna #PianoTypeBeat #SadTrap #SadTrapTypeBeat #RodWave #RoddyRicch  #LilTjay #PoloG  #JuiceWRLD  #LilUziVert #YKOsiris""","text:""*2020* Roddy Ricch Type Beat - \""Money &amp; Power\"" | Sad/Trap Instrumental (.. via ""}",,,,,,,,
"{""_id"":{""$oid"":""5e6bf4edb0d40b1f9dc855e3""}",Tweet_id:1235751220121387008,"created_at:""Fri Mar 06 02:17:04 +0000 2020""","rawtext:""LETS GIVE PARTNERS IN TIME SOME LOVE #RemasterMarioandLuigiPartnersintime #Marioandluigipartnersintime #Mario #Luigi #Shroobs #PrincessShroob #GOGO #LETSAGO #LETSAGO #okeydokey #SaveAlphaDream #SaveMarioandLuigi #ThankyouAlphaDream #Partnersintime #Remakepartnersintime #RIP #Sad https://t.co/02pu9eqyCq""","text:""let us GIVE PARTNERS IN TIME SOME LOVE ""}",,,,,,,,
"{""_id"":{""$oid"":""5e6bf4edb0d40b1f9dc855e4""}",Tweet_id:1235751436975099904,"created_at:""Fri Mar 06 02:17:56 +0000 2020""","rawtext:""What an amazing season &amp; overall experience at RC! Started 5 yrs ago we were practicing on the black top. Love how @ranchochristian had a vision &amp; got behind Coach Ray Barefield &amp; these young kids. Not bad of a ride from 19k plus ranking to a top 5 ranking! #Amazing @evan_mobley7 https://t.co/o9cBkxesZN""","text:""What an amazing season &amp; overall experience at RC! Started 5 yrs ago we were practicing on the black top. Love how had a vision &amp; got behind Coach Ray Barefield &amp; these young kids. Not bad of a ride from 19k plus ranking to a top 5 ranking! ""}",,,,,,,,
"{""_id"":{""$oid"":""5e6bf4edb0d40b1f9dc855e2""}",Tweet_id:1235750693820129280,"created_at:""Fri Mar 06 02:14:59 +0000 2020""","rawtext:""@NYFUSA &amp; @Eagles #SuperBowl Champion @CoreyClement_6 surprised #StudentBookScholar winners at an #antibullying assembly at @AvonGroveIS - These young writers are #Amazing!!! Thank you @CoreyClement_6 for taking a stand!!  #BullyingMustStop https://t.co/utF1uW0BpD""","text:""&amp; SuperBowl Champion surprised StudentBookScholar winners at an antibullying assembly at - These young writers are Amazing!! Thank you for taking a stand!! ""}",,,,,,,,
"{""_id"":{""$oid"":""5e6bf4edb0d40b1f9dc855e6""}",Tweet_id:1235751597046554624,"created_at:""Fri Mar 06 02:18:34 +0000 2020""","rawtext:""This is what is left of the ancient city in Chang Mai! #History #amazing https://t.co/XmgWKVM7vQ""","text:""This is what is left of the ancient city in Chang Mai! ""}",,,,,,,,
"{""_id"":{""$oid"":""5e6bf4edb0d40b1f9dc855e8""}",Tweet_id:1235751817440452608,"created_at:""Fri Mar 06 02:19:27 +0000 2020""","rawtext:""You__ think with the great Comms Team at the @dflhousecacus they could remove Kurt Daudt from their fundraising emails. #sad #DoBetter #disappoined.""","text:""you would think with the great Comms Team at the they could remove Kurt Daudt from their fundraising emails. ""}",,,,,,,,
"{""_id"":{""$oid"":""5e6bf4edb0d40b1f9dc855e9""}",Tweet_id:1235751887405801472,"created_at:""Fri Mar 06 02:19:43 +0000 2020""","rawtext:""Watch me get clapped by 10 year olds in fortnite #sad #clapped #Fortnite live at https://t.co/wwNgLOVQe4""","text:""Watch me get clapped by 10 year olds in fortnite sad clapped Fortnite live at""}",,,,,,,,
"{""_id"":{""$oid"":""5e6bf4edb0d40b1f9dc855ea""}",Tweet_id:1235752036148232197,"created_at:""Fri Mar 06 02:20:19 +0000 2020""","rawtext:""Just finished reading #SpaceOpera by @catvalente. It's a ridiculous Hitchhiker's-esque story about glam rock"," improbable aliens and a galaxy wide song contest. And I guess the lesson here is you never know what books are gonna make you cry. #amazing #WorldBookDay https://t.co/Qpvpo8Jun7""","text:""Just finished reading SpaceOpera by . it is a ridiculous Hitchhiker's-esque story about glam rock"," improbable aliens and a galaxy wide song contest. And I guess the lesson here is you never know what books are going to make you cry. ""}",,,,,,
"{""_id"":{""$oid"":""5e6bf4edb0d40b1f9dc855ed""}",Tweet_id:1235752395377750016,"created_at:""Fri Mar 06 02:21:44 +0000 2020""","rawtext:""@ananavarro Jeff Sessions is from Alabama. If you had not tried to be snarky"," you would have come of as almost normal. #Sad""","text:""Jeff Sessions is from Alabama. If you had not tried to be snarky"," you would have come of as almost normal. ""}",,,,,,
"{""_id"":{""$oid"":""5e6bf4edb0d40b1f9dc855ef""}",Tweet_id:1235752871401934849,"created_at:""Fri Mar 06 02:23:38 +0000 2020""","rawtext:""This Kushner headline would be appalling...if it were the only one....but it is now normalized...#sad.   #inners""","text:""This Kushner headline would be appalling..if it were the only one..but it is now normalized..sad. ""}",,,,,,,,
"{""_id"":{""$oid"":""5e6bf4edb0d40b1f9dc855f0""}",Tweet_id:1235753509766729734,"created_at:""Fri Mar 06 02:26:10 +0000 2020""","rawtext:""Freelance Amazing Calligraphy Brush Logo Service\n\nhttps://t.co/1DA4AVhwAK\n\n#freelancer #Amazing #calligraphy #brush #Logo #logodesigns #logodesigner #handmade #handdrawn #Fiverr #fiverrseller #fiverrgig #Adobe #adobeillustrator #AdobeEduCreative #tshirts #vectordesign \n\nRegards""","text:""Freelance Amazing Calligraphy Brush Logo Service freelancer Amazing calligraphy brush Logo logodesigns logodesigner handmade handdrawn Fiverr fiverrseller fiverrgig Adobe adobeillustrator AdobeEduCreative tshirts vectordesign Regards""}",,,,,,,,
"{""_id"":{""$oid"":""5e6bf4edb0d40b1f9dc855f1""}",Tweet_id:1235753644772839424,"created_at:""Fri Mar 06 02:26:42 +0000 2020""","rawtext:""Another one from today. So #pink #tight #perfect #best_wife #she_knows_how_to_make_me_smile #amazing https://t.co/icZeiFsPRa""","text:""Another one from today. So ""}",,,,,,,,
"{""_id"":{""$oid"":""5e6bf4edb0d40b1f9dc855f2""}",Tweet_id:1235753645771284481,"created_at:""Fri Mar 06 02:26:43 +0000 2020""","rawtext:""Really fascinating to take in in slow motion"," it's amazing what the human body can accomplish #polevault #fitness #amazing #bodypositivity""","text:""Really fascinating to take in in slow motion"," it is amazing what the human body can accomplish ""}",,,,,,
"{""_id"":{""$oid"":""5e6bf4edb0d40b1f9dc855f4""}",Tweet_id:1235753826252189696,"created_at:""Fri Mar 06 02:27:26 +0000 2020""","rawtext:""@warrenellis #amazing #season4 please""","text:""amazing season4 please""}",,,,,,,,
"{""_id"":{""$oid"":""5e6bf4edb0d40b1f9dc855f3""}",Tweet_id:1235753685776576512,"created_at:""Fri Mar 06 02:26:52 +0000 2020""","rawtext:""SAMSUNG 32/64/128 USB 3.0 Flash Drive Disk #life #getoutside #amazing https://t.co/FFIINVWgg8 https://t.co/nhK9ihRYoQ""","text:""SAMSUNG 32/64/128 USB 3.0 Flash Drive Disk ""}",,,,,,,,
"{""_id"":{""$oid"":""5e6bf4edb0d40b1f9dc855f5""}",Tweet_id:1235753906652819456,"created_at:""Fri Mar 06 02:27:45 +0000 2020""","rawtext:""@BenFredette Empty win"," student athletes being denied Storms now #SAD""","text:""Empty win"," student athletes being denied Storms now ""}",,,,,,